:0200000470008A
:10000000464346420004015600000000010303007D
:1000100000000000000000000000000000000000E0
:1000200000000000000000000000000000000000D0
:1000300000000000000000000000000000000000C0
:100040001000000001040700000000000000000094
:100050000000400000000000000000000000000060
:100060000000000000000000000000000000000090
:100070000000000000000000000000000000000080
:10008000EB04180A063204260000000000000000FD
:10009000050404240000000000000000000000002F
:1000A0000000000000000000000000000000000050
:1000B0000604000000000000000000000000000036
:1000C0000000000000000000000000000000000030
:1000D00020041808000000000000000000000000DC
:1000E0000000000000000000000000000000000010
:1000F0000000000000000000000000000000000000
:10010000D8041808000000000000000000000000F3
:100110000204180804200000000000000000000095
:1001200000000000000000000000000000000000CF
:10013000600400000000000000000000000000005B
:1001400000000000000000000000000000000000AF
:10015000000000000000000000000000000000009F
:10016000000000000000000000000000000000008F
:10017000000000000000000000000000000000007F
:10018000000000000000000000000000000000006F
:10019000000000000000000000000000000000005F
:1001A000000000000000000000000000000000004F
:1001B000000000000000000000000000000000003F
:1001C000000100000010000001000000000000001D
:1001D000000001000000000000000000000000001E
:1001E000000000000000000000000000000000000F
:1001F00000000000000000000000000000000000FF
:1002000000000000000000000000000000000000EE
:1002100000000000000000000000000000000000DE
:1002200000000000000000000000000000000000CE
:1002300000000000000000000000000000000000BE
:1002400000000000000000000000000000000000AE
:10025000000000000000000000000000000000009E
:10026000000000000000000000000000000000008E
:10027000000000000000000000000000000000007E
:10028000000000000000000000000000000000006E
:10029000000000000000000000000000000000005E
:1002A000000000000000000000000000000000004E
:1002B000000000000000000000000000000000003E
:1002C000000000000000000000000000000000002E
:1002D000000000000000000000000000000000001E
:1002E000000000000000000000000000000000000E
:1002F00000000000000000000000000000000000FE
:1003000000000000000000000000000000000000ED
:1003100000000000000000000000000000000000DD
:1003200000000000000000000000000000000000CD
:1003300000000000000000000000000000000000BD
:1003400000000000000000000000000000000000AD
:10035000000000000000000000000000000000009D
:10036000000000000000000000000000000000008D
:10037000000000000000000000000000000000007D
:10038000000000000000000000000000000000006D
:10039000000000000000000000000000000000005D
:1003A000000000000000000000000000000000004D
:1003B000000000000000000000000000000000003D
:1003C000000000000000000000000000000000002D
:1003D000000000000000000000000000000000001D
:1003E000000000000000000000000000000000000D
:1003F00000000000000000000000000000000000FD
:1004000000000000000000000000000000000000EC
:1004100000000000000000000000000000000000DC
:1004200000000000000000000000000000000000CC
:1004300000000000000000000000000000000000BC
:1004400000000000000000000000000000000000AC
:10045000000000000000000000000000000000009C
:10046000000000000000000000000000000000008C
:10047000000000000000000000000000000000007C
:10048000000000000000000000000000000000006C
:10049000000000000000000000000000000000005C
:1004A000000000000000000000000000000000004C
:1004B000000000000000000000000000000000003C
:1004C000000000000000000000000000000000002C
:1004D000000000000000000000000000000000001C
:1004E000000000000000000000000000000000000C
:1004F00000000000000000000000000000000000FC
:1005000000000000000000000000000000000000EB
:1005100000000000000000000000000000000000DB
:1005200000000000000000000000000000000000CB
:1005300000000000000000000000000000000000BB
:1005400000000000000000000000000000000000AB
:10055000000000000000000000000000000000009B
:10056000000000000000000000000000000000008B
:10057000000000000000000000000000000000007B
:10058000000000000000000000000000000000006B
:10059000000000000000000000000000000000005B
:1005A000000000000000000000000000000000004B
:1005B000000000000000000000000000000000003B
:1005C000000000000000000000000000000000002B
:1005D000000000000000000000000000000000001B
:1005E000000000000000000000000000000000000B
:1005F00000000000000000000000000000000000FB
:1006000000000000000000000000000000000000EA
:1006100000000000000000000000000000000000DA
:1006200000000000000000000000000000000000CA
:1006300000000000000000000000000000000000BA
:1006400000000000000000000000000000000000AA
:10065000000000000000000000000000000000009A
:10066000000000000000000000000000000000008A
:10067000000000000000000000000000000000007A
:10068000000000000000000000000000000000006A
:10069000000000000000000000000000000000005A
:1006A000000000000000000000000000000000004A
:1006B000000000000000000000000000000000003A
:1006C000000000000000000000000000000000002A
:1006D000000000000000000000000000000000001A
:1006E000000000000000000000000000000000000A
:1006F00000000000000000000000000000000000FA
:1007000000000000000000000000000000000000E9
:1007100000000000000000000000000000000000D9
:1007200000000000000000000000000000000000C9
:1007300000000000000000000000000000000000B9
:1007400000000000000000000000000000000000A9
:100750000000000000000000000000000000000099
:100760000000000000000000000000000000000089
:100770000000000000000000000000000000000079
:100780000000000000000000000000000000000069
:100790000000000000000000000000000000000059
:1007A0000000000000000000000000000000000049
:1007B0000000000000000000000000000000000039
:1007C0000000000000000000000000000000000029
:1007D0000000000000000000000000000000000019
:1007E0000000000000000000000000000000000009
:1007F00000000000000000000000000000000000F9
:1008000000000000000000000000000000000000E8
:1008100000000000000000000000000000000000D8
:1008200000000000000000000000000000000000C8
:1008300000000000000000000000000000000000B8
:1008400000000000000000000000000000000000A8
:100850000000000000000000000000000000000098
:100860000000000000000000000000000000000088
:100870000000000000000000000000000000000078
:100880000000000000000000000000000000000068
:100890000000000000000000000000000000000058
:1008A0000000000000000000000000000000000048
:1008B0000000000000000000000000000000000038
:1008C0000000000000000000000000000000000028
:1008D0000000000000000000000000000000000018
:1008E0000000000000000000000000000000000008
:1008F00000000000000000000000000000000000F8
:1009000000000000000000000000000000000000E7
:1009100000000000000000000000000000000000D7
:1009200000000000000000000000000000000000C7
:1009300000000000000000000000000000000000B7
:1009400000000000000000000000000000000000A7
:100950000000000000000000000000000000000097
:100960000000000000000000000000000000000087
:100970000000000000000000000000000000000077
:100980000000000000000000000000000000000067
:100990000000000000000000000000000000000057
:1009A0000000000000000000000000000000000047
:1009B0000000000000000000000000000000000037
:1009C0000000000000000000000000000000000027
:1009D0000000000000000000000000000000000017
:1009E0000000000000000000000000000000000007
:1009F00000000000000000000000000000000000F7
:100A000000000000000000000000000000000000E6
:100A100000000000000000000000000000000000D6
:100A200000000000000000000000000000000000C6
:100A300000000000000000000000000000000000B6
:100A400000000000000000000000000000000000A6
:100A50000000000000000000000000000000000096
:100A60000000000000000000000000000000000086
:100A70000000000000000000000000000000000076
:100A80000000000000000000000000000000000066
:100A90000000000000000000000000000000000056
:100AA0000000000000000000000000000000000046
:100AB0000000000000000000000000000000000036
:100AC0000000000000000000000000000000000026
:100AD0000000000000000000000000000000000016
:100AE0000000000000000000000000000000000006
:100AF00000000000000000000000000000000000F6
:100B000000000000000000000000000000000000E5
:100B100000000000000000000000000000000000D5
:100B200000000000000000000000000000000000C5
:100B300000000000000000000000000000000000B5
:100B400000000000000000000000000000000000A5
:100B50000000000000000000000000000000000095
:100B60000000000000000000000000000000000085
:100B70000000000000000000000000000000000075
:100B80000000000000000000000000000000000065
:100B90000000000000000000000000000000000055
:100BA0000000000000000000000000000000000045
:100BB0000000000000000000000000000000000035
:100BC0000000000000000000000000000000000025
:100BD0000000000000000000000000000000000015
:100BE0000000000000000000000000000000000005
:100BF00000000000000000000000000000000000F5
:100C000000000000000000000000000000000000E4
:100C100000000000000000000000000000000000D4
:100C200000000000000000000000000000000000C4
:100C300000000000000000000000000000000000B4
:100C400000000000000000000000000000000000A4
:100C50000000000000000000000000000000000094
:100C60000000000000000000000000000000000084
:100C70000000000000000000000000000000000074
:100C80000000000000000000000000000000000064
:100C90000000000000000000000000000000000054
:100CA0000000000000000000000000000000000044
:100CB0000000000000000000000000000000000034
:100CC0000000000000000000000000000000000024
:100CD0000000000000000000000000000000000014
:100CE0000000000000000000000000000000000004
:100CF00000000000000000000000000000000000F4
:100D000000000000000000000000000000000000E3
:100D100000000000000000000000000000000000D3
:100D200000000000000000000000000000000000C3
:100D300000000000000000000000000000000000B3
:100D400000000000000000000000000000000000A3
:100D50000000000000000000000000000000000093
:100D60000000000000000000000000000000000083
:100D70000000000000000000000000000000000073
:100D80000000000000000000000000000000000063
:100D90000000000000000000000000000000000053
:100DA0000000000000000000000000000000000043
:100DB0000000000000000000000000000000000033
:100DC0000000000000000000000000000000000023
:100DD0000000000000000000000000000000000013
:100DE0000000000000000000000000000000000003
:100DF00000000000000000000000000000000000F3
:100E000000000000000000000000000000000000E2
:100E100000000000000000000000000000000000D2
:100E200000000000000000000000000000000000C2
:100E300000000000000000000000000000000000B2
:100E400000000000000000000000000000000000A2
:100E50000000000000000000000000000000000092
:100E60000000000000000000000000000000000082
:100E70000000000000000000000000000000000072
:100E80000000000000000000000000000000000062
:100E90000000000000000000000000000000000052
:100EA0000000000000000000000000000000000042
:100EB0000000000000000000000000000000000032
:100EC0000000000000000000000000000000000022
:100ED0000000000000000000000000000000000012
:100EE0000000000000000000000000000000000002
:100EF00000000000000000000000000000000000F2
:100F000000000000000000000000000000000000E1
:100F100000000000000000000000000000000000D1
:100F200000000000000000000000000000000000C1
:100F300000000000000000000000000000000000B1
:100F400000000000000000000000000000000000A1
:100F50000000000000000000000000000000000091
:100F60000000000000000000000000000000000081
:100F70000000000000000000000000000000000071
:100F80000000000000000000000000000000000061
:100F90000000000000000000000000000000000051
:100FA0000000000000000000000000000000000041
:100FB0000000000000000000000000000000000031
:100FC0000000000000000000000000000000000021
:100FD0000000000000000000000000000000000011
:100FE0000000000000000000000000000000000001
:100FF00000000000000000000000000000000000F1
:10100000D10020410020007000000000301000706E
:1010100020100070001000700000000000000000B0
:10102000000000700000400000000000FFFFFFFF14
:10103000D2041041CC038C04400FC068FFFFFFFFB7
:10104000400FC06CFFFFFFFF400FC070FFFFFFFFAE
:10105000400FC074FFFFFFFF400FC078FFFFFFFF8E
:10106000400FC07CFFFFFFFF400FC080FFFFFFFF6E
:10107000400D803000002001400D8100101D101B2C
:10108000400FC01400010D40401F801400000000FC
:10109000401F801800000000401F801C000000005E
:1010A000401F802000000000401F8024000000003E
:1010B000401F802800000000401F802C000000001E
:1010C000401F803000000000401F803400000000FE
:1010D000401F803800000000401F803C00000000DE
:1010E000401F804000000000401F804400000000BE
:1010F000401F804800000000401F804C000000009E
:10110000401F805000000000401F8054000000007D
:10111000401F805800000000401F805C000000005D
:10112000401F806000000000401F8064000000003D
:10113000401F806800000000401F806C000000001D
:10114000401F807000000000401F807400000000FD
:10115000401F807800000000401F807C00000000DD
:10116000401F808000000000401F808400000000BD
:10117000401F808800000000401F808C000000009D
:10118000401F809000000000401F8094000000007D
:10119000401F809800000000401F809C000000005D
:1011A000401F80A000000000401F80A4000000003D
:1011B000401F80A800000000401F80AC000000001D
:1011C000401F80B000000010401F8204000110F991
:1011D000401F8208000110F9401F820C000110F925
:1011E000401F8210000110F9401F8214000110F905
:1011F000401F8218000110F9401F821C000110F9E5
:10120000401F8220000110F9401F8224000110F9C4
:10121000401F8228000110F9401F822C000110F9A4
:10122000401F8230000110F9401F8234000110F984
:10123000401F8238000110F9401F823C000110F964
:10124000401F8240000110F9401F8244000110F944
:10125000401F8248000110F9401F824C000110F924
:10126000401F8250000110F9401F8254000110F904
:10127000401F8258000110F9401F825C000110F9E4
:10128000401F8260000110F9401F8264000110F9C4
:10129000401F8268000110F9401F826C000110F9A4
:1012A000401F8270000110F9401F8274000110F984
:1012B000401F8278000110F9401F827C000110F964
:1012C000401F8280000110F9401F8284000110F944
:1012D000401F8288000110F9401F828C000110F924
:1012E000401F8290000110F9401F8294000110F904
:1012F000401F8298000110F9401F829C000110F9E4
:10130000401F82A0000110F9402F000010000004CF
:10131000402F000800000081402F000C00000081D9
:10132000402F00108000001B402F00148200001B83
:10133000402F00188400001B402F001C8600001B5B
:10134000402F002090000021402F0024A000001911
:10135000402F0028A8000017402F002CA900001BD8
:10136000402F003000000021402F0004000079A829
:10137000402F004000000F31402F0044006529221B
:10138000402F004800010920402F004C50210A083E
:10139000402F008000000021402F008400888888B2
:1013A000402F009400000002402F00980000000031
:1013B000402F009080000000402F009CA55A000F95
:1013C000CF000C1C402F003C00000001CC00140496
:1013D000402F009080000000402F009CA55A000C78
:1013E000CF000C1C402F003C00000001CC00140476
:1013F000402F009080000000402F009CA55A000C58
:10140000CF000C1C402F003C00000001CC001C044D
:10141000402F00A000000033402F0090800000000B
:10142000402F009CA55A000ACF000C1C402F003C06
:1014300000000001CC000C04402F004C50210A0990
:10144000000000000000000000000000000000009C
:10145000000000000000000000000000000000008C
:10146000000000000000000000000000000000007C
:10147000000000000000000000000000000000006C
:10148000000000000000000000000000000000005C
:10149000000000000000000000000000000000004C
:1014A000000000000000000000000000000000003C
:1014B000000000000000000000000000000000002C
:1014C000000000000000000000000000000000001C
:1014D000000000000000000000000000000000000C
:1014E00000000000000000000000000000000000FC
:1014F00000000000000000000000000000000000EC
:1015000000000000000000000000000000000000DB
:1015100000000000000000000000000000000000CB
:1015200000000000000000000000000000000000BB
:1015300000000000000000000000000000000000AB
:10154000000000000000000000000000000000009B
:10155000000000000000000000000000000000008B
:10156000000000000000000000000000000000007B
:10157000000000000000000000000000000000006B
:10158000000000000000000000000000000000005B
:10159000000000000000000000000000000000004B
:1015A000000000000000000000000000000000003B
:1015B000000000000000000000000000000000002B
:1015C000000000000000000000000000000000001B
:1015D000000000000000000000000000000000000B
:1015E00000000000000000000000000000000000FB
:1015F00000000000000000000000000000000000EB
:1016000000000000000000000000000000000000DA
:1016100000000000000000000000000000000000CA
:1016200000000000000000000000000000000000BA
:1016300000000000000000000000000000000000AA
:10164000000000000000000000000000000000009A
:10165000000000000000000000000000000000008A
:10166000000000000000000000000000000000007A
:10167000000000000000000000000000000000006A
:10168000000000000000000000000000000000005A
:10169000000000000000000000000000000000004A
:1016A000000000000000000000000000000000003A
:1016B000000000000000000000000000000000002A
:1016C000000000000000000000000000000000001A
:1016D000000000000000000000000000000000000A
:1016E00000000000000000000000000000000000FA
:1016F00000000000000000000000000000000000EA
:1017000000000000000000000000000000000000D9
:1017100000000000000000000000000000000000C9
:1017200000000000000000000000000000000000B9
:1017300000000000000000000000000000000000A9
:101740000000000000000000000000000000000099
:101750000000000000000000000000000000000089
:101760000000000000000000000000000000000079
:101770000000000000000000000000000000000069
:101780000000000000000000000000000000000059
:101790000000000000000000000000000000000049
:1017A0000000000000000000000000000000000039
:1017B0000000000000000000000000000000000029
:1017C0000000000000000000000000000000000019
:1017D0000000000000000000000000000000000009
:1017E00000000000000000000000000000000000F9
:1017F00000000000000000000000000000000000E9
:1018000000000000000000000000000000000000D8
:1018100000000000000000000000000000000000C8
:1018200000000000000000000000000000000000B8
:1018300000000000000000000000000000000000A8
:101840000000000000000000000000000000000098
:101850000000000000000000000000000000000088
:101860000000000000000000000000000000000078
:101870000000000000000000000000000000000068
:101880000000000000000000000000000000000058
:101890000000000000000000000000000000000048
:1018A0000000000000000000000000000000000038
:1018B0000000000000000000000000000000000028
:1018C0000000000000000000000000000000000018
:1018D0000000000000000000000000000000000008
:1018E00000000000000000000000000000000000F8
:1018F00000000000000000000000000000000000E8
:1019000000000000000000000000000000000000D7
:1019100000000000000000000000000000000000C7
:1019200000000000000000000000000000000000B7
:1019300000000000000000000000000000000000A7
:101940000000000000000000000000000000000097
:101950000000000000000000000000000000000087
:101960000000000000000000000000000000000077
:101970000000000000000000000000000000000067
:101980000000000000000000000000000000000057
:101990000000000000000000000000000000000047
:1019A0000000000000000000000000000000000037
:1019B0000000000000000000000000000000000027
:1019C0000000000000000000000000000000000017
:1019D0000000000000000000000000000000000007
:1019E00000000000000000000000000000000000F7
:1019F00000000000000000000000000000000000E7
:101A000000000000000000000000000000000000D6
:101A100000000000000000000000000000000000C6
:101A200000000000000000000000000000000000B6
:101A300000000000000000000000000000000000A6
:101A40000000000000000000000000000000000096
:101A50000000000000000000000000000000000086
:101A60000000000000000000000000000000000076
:101A70000000000000000000000000000000000066
:101A80000000000000000000000000000000000056
:101A90000000000000000000000000000000000046
:101AA0000000000000000000000000000000000036
:101AB0000000000000000000000000000000000026
:101AC0000000000000000000000000000000000016
:101AD0000000000000000000000000000000000006
:101AE00000000000000000000000000000000000F6
:101AF00000000000000000000000000000000000E6
:101B000000000000000000000000000000000000D5
:101B100000000000000000000000000000000000C5
:101B200000000000000000000000000000000000B5
:101B300000000000000000000000000000000000A5
:101B40000000000000000000000000000000000095
:101B50000000000000000000000000000000000085
:101B60000000000000000000000000000000000075
:101B70000000000000000000000000000000000065
:101B80000000000000000000000000000000000055
:101B90000000000000000000000000000000000045
:101BA0000000000000000000000000000000000035
:101BB0000000000000000000000000000000000025
:101BC0000000000000000000000000000000000015
:101BD0000000000000000000000000000000000005
:101BE00000000000000000000000000000000000F5
:101BF00000000000000000000000000000000000E5
:101C000000000000000000000000000000000000D4
:101C100000000000000000000000000000000000C4
:101C200000000000000000000000000000000000B4
:101C300000000000000000000000000000000000A4
:101C40000000000000000000000000000000000094
:101C50000000000000000000000000000000000084
:101C60000000000000000000000000000000000074
:101C70000000000000000000000000000000000064
:101C80000000000000000000000000000000000054
:101C90000000000000000000000000000000000044
:101CA0000000000000000000000000000000000034
:101CB0000000000000000000000000000000000024
:101CC0000000000000000000000000000000000014
:101CD0000000000000000000000000000000000004
:101CE00000000000000000000000000000000000F4
:101CF00000000000000000000000000000000000E4
:101D000000000000000000000000000000000000D3
:101D100000000000000000000000000000000000C3
:101D200000000000000000000000000000000000B3
:101D300000000000000000000000000000000000A3
:101D40000000000000000000000000000000000093
:101D50000000000000000000000000000000000083
:101D60000000000000000000000000000000000073
:101D70000000000000000000000000000000000063
:101D80000000000000000000000000000000000053
:101D90000000000000000000000000000000000043
:101DA0000000000000000000000000000000000033
:101DB0000000000000000000000000000000000023
:101DC0000000000000000000000000000000000013
:101DD0000000000000000000000000000000000003
:101DE00000000000000000000000000000000000F3
:101DF00000000000000000000000000000000000E3
:101E000000000000000000000000000000000000D2
:101E100000000000000000000000000000000000C2
:101E200000000000000000000000000000000000B2
:101E300000000000000000000000000000000000A2
:101E40000000000000000000000000000000000092
:101E50000000000000000000000000000000000082
:101E60000000000000000000000000000000000072
:101E70000000000000000000000000000000000062
:101E80000000000000000000000000000000000052
:101E90000000000000000000000000000000000042
:101EA0000000000000000000000000000000000032
:101EB0000000000000000000000000000000000022
:101EC0000000000000000000000000000000000012
:101ED0000000000000000000000000000000000002
:101EE00000000000000000000000000000000000F2
:101EF00000000000000000000000000000000000E2
:101F000000000000000000000000000000000000D1
:101F100000000000000000000000000000000000C1
:101F200000000000000000000000000000000000B1
:101F300000000000000000000000000000000000A1
:101F40000000000000000000000000000000000091
:101F50000000000000000000000000000000000081
:101F60000000000000000000000000000000000071
:101F70000000000000000000000000000000000061
:101F80000000000000000000000000000000000051
:101F90000000000000000000000000000000000041
:101FA0000000000000000000000000000000000031
:101FB0000000000000000000000000000000000021
:101FC0000000000000000000000000000000000011
:101FD0000000000000000000000000000000000001
:101FE00000000000000000000000000000000000F1
:101FF00000000000000000000000000000000000E1
:1020000070DC02201524007069840080E1040080E7
:10201000E10400804119008039A90080000000001F
:10202000000000000000000000000000519A008045
:10203000514E0080000000002F040080E99D0080C8
:1020400095240070992400709D240070A1240070D4
:10205000A5240070A9240070AD240070B124007084
:10206000B5240070B9240070BD240070C124007034
:10207000C5240070C9240070CD240070D1240070E4
:10208000D52400707D2400707D2400707D240070B4
:10209000F9790080597A0080B97A0080197B008034
:1020A000797B0080E17B0080F1240070717C0080EE
:1020B000F9240070FD2400700125007005250070D2
:1020C000092500700D250070112500701525007080
:1020D000192500701D2500707D2400707D2400707E
:1020E0007D2400707D2400707D240070E931008023
:1020F0007D2400707D2400707D2400707D2400709C
:102100007D2400707D2400707D2400707D2400708B
:102110007D2400707D2400707D2400707D2400707B
:102120002125007025250070292500702D250070BF
:10213000312500707D2400707D2400707D240070A6
:102140007D2400707D2400707D2400707D2400704B
:102150007D2400707D2400707D2400707D2400703B
:102160007D2400707D2400707D2400707D2400702B
:102170007D2400707D2400707D2400707D2400701B
:10218000295800805958008099580080395A008099
:10219000695A00807D2400707D2400707D240070C9
:1021A0007D2400707D240070352500703925007075
:1021B0007D2400707D2400707D2400707D240070DB
:1021C0007D2400707D2400707D2400707D240070CB
:1021D0007D2400707D2400707D2400707D240070BB
:1021E0007D2400707D2400707D2400703D250070EA
:1021F000412500707D240070452500704925007040
:1022000041A8008029A800804D250070512500704C
:102210007D2400707D2400707D2400707D2400707A
:102220007D2400707D240070B18400807D240070C6
:102230007D2400707D2400707D2400707D2400705A
:102240007D2400707D2400707D2400707D2400704A
:102250007D2400707D2400707D2400707D2400703A
:102260007D2400707D2400707D2400707D2400702A
:102270007D2400707D2400707D2400707D2400701A
:102280007D2400707D2400707D2400707D2400700A
:102290007D2400707D2400707D2400707D240070FA
:1022A00055250070592500705D2500707D24007053
:1022B000612500707D2400707D2400707D240070F5
:1022C0007D2400707D2400707D2400707D240070CA
:1022D0007D2400707D2400707D2400707D240070BA
:1022E0007D2400707D2400707D2400707D240070AA
:1022F0007D2400707D2400707D2400707D2400709A
:102300007D2400707D2400707D2400707D24007089
:102310007D2400707D2400707D2400707D24007079
:102320007D2400707D2400707D2400707D24007069
:102330007D2400707D2400707D2400707D24007059
:102340007D2400707D2400707D2400707D24007049
:102350007D2400707D2400707D2400707D24007039
:102360007D2400707D2400707D2400707D24007029
:102370007D2400707D2400707D2400707D24007019
:102380007D2400707D2400707D2400707D24007009
:102390007D2400707D2400707D2400707D240070F9
:1023A0007D2400707D2400707D2400707D240070E9
:1023B0007D2400707D2400707D2400707D240070D9
:1023C0007D2400707D2400707D2400707D240070C9
:1023D0007D2400707D2400707D2400707D240070B9
:1023E0007D2400707D2400707D2400707D240070A9
:1023F0007D2400707D2400707D240070FFFFFFFFAE
:10240000DFF80CD000F020F900480047110C0080E4
:1024100070DC02201148124901601248016841F045
:102420000401016010480168C0F200014FF007028A
:102430004FF00A034FEA02424FEA035342EA030114
:10244000016072B609480A4901600A6882F3088887
:102450000848804762B60848004700BF44C00A40A9
:10246000AFAAAAAA40C00A4038C00A4008ED00E05E
:10247000002000707126007001240070FFF7FEBF7D
:102480003848004738480047384800473848004730
:102490003848004738480047384800473848004720
:1024A0003848004738480047384800473848004710
:1024B0003848004738480047384800473848004700
:1024C00038480047384800473848004738480047F0
:1024D00038480047384800473848004738480047E0
:1024E00038480047384800473848004738480047D0
:1024F00038480047384800473848004738480047C0
:1025000038480047384800473848004738480047AF
:10251000384800473848004738480047384800479F
:10252000384800473848004738480047384800478F
:10253000384800473848004738480047384800477F
:10254000384800473848004738480047384800476F
:10255000384800473848004738480047384800475F
:102560003848004769840080E1040080519A008067
:102570002F040080E99D0080A1380080093B008085
:10258000613B0080B93B0080113C0080693C0080C9
:10259000C13C0080193D0080713D0080C93D008034
:1025A000F938008051390080A9390080013A008053
:1025B000593A0080B13A00807D240070C9790080CA
:1025C000297A0080897A0080E97A0080497B00803E
:1025D000B17B0080117C0080417C008029660080F6
:1025E0003966008051660080696600801967008046
:1025F00061670080A9670080F16700804919008049
:10260000A119008029970080D997008089980080BF
:10261000E9980080B9990080D1540080D954008095
:102620007D2400707D24007059A8008091A800804E
:10263000A153008031520080195200800152008065
:10264000011A0080E1540080064C074D06E0E06866
:1026500040F0010394E8070098471034AC42F6D3E9
:10266000FFF7D2FE382800707828007000000000C4
:1026700080B584B04EF68850CEF20000016841F477
:10268000700101604FF4806001904FF000400390B2
:1026900042F20000C7F2000002900198800800900A
:1026A000FFE70098411E0091002808D0FFE702983C
:1026B000009950F82100039A42F82100F1E70398AD
:1026C0004EF60851CEF20001086048F20800C4F24C
:1026D0000B00018821F0010101800820C4F20D00E7
:1026E000018821F00101018048F20000C4F20B00D2
:1026F00000884007002809D5FFE748F20000C4F22F
:102700000B00018821F004010180FFE70020C4F2E2
:102710000D0000884007002808D5FFE70020C4F21C
:102720000D00018821F004010180FFE74CF2000058
:10273000C4F20B000068800400280AD5FFE74CF2C1
:102740000400C4F20B004CF22051CDF628110160B8
:102750000AE04CF20400C4F20B004CF2205101607C
:102760004DF628110160FFE74CF20800C4F20B009F
:102770004FF6FF7101604CF20000C4F20B000168DB
:1027800041F0200121F0800101604EF21000CEF2F4
:1027900000000068C007002809D0FFE74EF21000D3
:1027A000CEF20000016821F001010160FFE74EF662
:1027B0001450CEF20000006800F40030B0F5003F85
:1027C00026D0FFE74EF61450CEF2000000688003DA
:1027D000002801D5FFE71AE0BFF34F8FBFF36F8FDB
:1027E0004EF65070CEF2000000210160BFF34F8F13
:1027F000BFF36F8F4EF61450CEF20000016841F423
:1028000000310160BFF34F8FBFF36F8FFFE7FFE72A
:1028100000F002F804B080BD704702E008C8121F43
:1028200008C1002AFAD170477047002001E001C1B9
:10283000121F002AFBD17047782800700004008026
:1028400060F701001A2800700020027000000020CC
:1028500000020000BA0B008040210270000000005E
:10286000340700001A280070402102700002002086
:1028700070B602002A280070EFF3108072B670471D
:1028800080F310887047424A1368012B04D04FF040
:10289000010313603F4A10603F4A11603F484FF008
:1028A000805101607047EFF3108272B638480168BA
:1028B00051B34FF0000101603648016891B1EFF368
:1028C00009811EF0100F08BF21ED108B21E9F00FD8
:1028D0004FF000041EF0100F08BF012441F8044D12
:1028E000006801602C490968096808C9B1E8F00F5F
:1028F000002B18BFB1EC108B81F309884EF0100E3D
:10290000002B18BF2EF0100E82F310884EF0040E2C
:10291000704721490860EFF3148222F0040282F329
:1029200014881C494FF00000086019494FF001005D
:1029300008601B481B49D0F8002041EA02010160F1
:1029400016484FF08051016017480068006880F316
:10295000088861B662B670471EF0040F0CBFEFF333
:102960000880EFF3098020E9F00F40F804ED40F80B
:1029700004ED1EF0040F0CBF80F3088880F3098873
:1029800000B512F005FF5DF804EB4EF0040E704741
:10299000C4B40220FCB1022008B2022004ED00E021
:1029A00020ED00E00000FFFF08ED00E02DE9F05F02
:1029B0000546002092469B468846064681464024AE
:1029C0001BE0284641464746224600F0E4F85346BD
:1029D0005A46C01A914110D311461846224600F0BB
:1029E000CBF82D1A67EB01084F4622460120002143
:1029F00000F0C2F817EB00094E41201EA4F10104BB
:102A0000DFDC484631462A464346BDE8F09F2DE9C3
:102A1000F0410024061B254671F1000605DA012469
:102A20000027D0EB070067EB0101161E73F10006CB
:102A300005DA0027D2EB0702012567EB0303FFF756
:102A4000B5FF86460E4617469C46AC4204D000258C
:102A5000D0EB050E65EB010624B10020D2EB000798
:102A600060EB030C704631463A466346BDE8F081A0
:102A7000002800DA4042704710B540EA01040346DE
:102A8000A40703D009E010C9121F10C3042AFAD208
:102A900003E011F8014B03F8014B521EF9D210BDAF
:102AA000D2B201E000F8012B491EFBD27047002290
:102AB000F6E710B513460A4604461946FFF7F0FF3D
:102AC000204610BD421E12F8013F002BFBD111F829
:102AD000013B02F8013B002BF9D1704710B50446C9
:102AE00004E00B7800F8013B03B1491C521EF8D2F8
:102AF000204610BD421C10F8011B0029FBD1801A92
:102B0000704730B504460020034600E05B1C93424A
:102B100003D2E05CCD5C401BF8D030BD034611F819
:102B2000012B00F8012B002AF9D11846704730B567
:102B300005460020034600E05B1C934205D2EC5C96
:102B4000C85C201A01D1002CF6D130BD30B50B463F
:102B5000014600202022012409E021FA02F59D42CD
:102B600005D303FA02F5491B04FA02F52844151EA1
:102B7000A2F10102F1DC30BD202A04DB203A00FA88
:102B800002F1002070479140C2F1200320FA03F3C4
:102B9000194390407047202A04DB203A21FA02F0C2
:102BA0000021704721FA02F3D040C2F12002914087
:102BB0000843194670472DE9FE4F804681EA03001D
:102BC000C00F0C46009021F0004123F00045B8EB07
:102BD0000200A94105D24046214690461C460B46BC
:102BE000024623F00040104347D0270DC7F30A00E8
:102BF000C3F30A510290401A019040286BDAC3F3E4
:102C0000130040F4801B0098924620B10023D2EBC1
:102C1000030A63EB0B0B01985946C0F14002504682
:102C2000FFF7AAFF06460D4650465946019A00F0A6
:102C300091F910EB08006141002487EA115284EAFF
:102C4000E7731A4340D0009A62B3019A012A4FEA0F
:102C5000075215DC001B61EB02014FF0004202EA53
:102C60000752CDE90042001C41F5801132462B4647
:102C700000F091F903B0BDE8F08F40462146F9E736
:102C8000001B61EB0201001C41F5801300185B4141
:102C90002018A2F5001747EB030140EAD570B619DA
:102CA0006D4111E06D084FEA360645EAC0754FEAFE
:102CB0000752001B61EB0201001C41F5801149081D
:102CC0004FEA30000019514132462B4603B0BDE8AF
:102CD000F04F00F051B90098012240000023D0EBE2
:102CE000020263EBE073009821464FEAE074B8EB10
:102CF000000061EB0401E9E783F000435BE781F04A
:102D0000004158E72DE9FE4F81EA030404F0004436
:102D100021F0004100944FF0000B23F0004350EAF3
:102D200001045ED052EA03045BD0C3F30A54C1F33A
:102D30000A552C44A4F2F3340194A0FB0254C1F3CD
:102D4000130141F48011C3F3130343F4801301FB17
:102D5000024400FB034E840A970A44EA815447EA7E
:102D60008357A4FB076802958D0A05FB07854FEA88
:102D7000932C04FB0C542705029D4FEA065847EAA2
:102D80001637B5EB08056EEB070C870E920E47EA77
:102D9000811742EA8312A7FB0201B6EB0B0164EB39
:102DA00000042B0D43EA0C335E1844EB1C50DA464A
:102DB0005146E7FB0201C5F313044FEA0B3343EA24
:102DC00014534FEA0432019C43EA0603A4F10C04B5
:102DD0000294009CCDE900B400F0DDF803B0BDE83A
:102DE000F08F00200146F9E72DE9F04D81EA030458
:102DF00004F0004B21F0004514464FF0000A23F088
:102E0000004150EA050220D054EA01021DD0C5F36A
:102E10000A570246C5F31303C1F31300C1F30A5660
:102E200040F4801543F48013A7EB0608101BD64628
:102E300008F2FD3873EB050002D308F1010801E048
:102E400092185B41B8F1000F03DA00200146BDE89B
:102E5000F08D00204FF48011064684460EE0171BCB
:102E600073EB050705D3121B63EB050306434CEA1E
:102E7000010C49084FEA300092185B4150EA010703
:102E8000EDD152EA030012D082EA040083EA050180
:102E9000084305D0101BAB4106D20122002306E0F7
:102EA00000224FF0004302E06FF0010253101AEBD2
:102EB00006004CEB085110EB0A0041EB0B01BDE89A
:102EC000F04D00F059B870B521F0004303430CD029
:102ED000C1F30A550024D5EB040564EB0403D617AF
:102EE000AD1AB34102DB0020014670BD201841EB52
:102EF000025170BDC1F30A52C1F3130140F2FF3316
:102F000041F480119A4202DA00200146704740F2F3
:102F100033439A42A2F2334202DC5242FFF73BBEF5
:102F2000FFF72ABE30B5041E71F1000404DB4FF038
:102F30000044404264EB0101141E73F1000405DB00
:102F40001C464FF00043524263EB0403994208BF12
:102F5000904230BD202A06DBCB17203A41FA02F01E
:102F600043EAE07306E041FA02F3D040C2F12002E6
:102F7000914008431946704710B5141E73F10004C0
:102F800008DA401C41F1000192185B411A4301D15B
:102F900020F0010010BD2DE9F04D92469B4611B185
:102FA000B1FA81F202E0B0FA80F220329046FFF7E7
:102FB000E3FD04460F4640EA0A0041EA0B0153468E
:102FC0005A46084313D0114653EA010019D0C8F1FC
:102FD00040025046FFF7DFFD05460E465046594673
:102FE0004246FFF7C9FD084305D0012004E0204612
:102FF0003946BDE8F08D0020054346EAE0762C43D3
:1030000037430A986305E40AA0EB08000022FD0A92
:1030100044EA47540A3002D500200146E9E7010599
:1030200010196941DDE9084500196941BDE8F04D15
:10303000A2E770B58C1810F8015B15F0070301D1F9
:1030400010F8013B2A1106D110F8012B03E010F80B
:10305000016B01F8016B5B1EF9D12B0705D400232E
:10306000521E0DD401F8013BFAE710F8013BCB1AD0
:10307000921C03E013F8015B01F8015B521EF9D5C5
:10308000A142D8D3002070BD80B582B015F018FEE3
:1030900000210190084602B080BD00000000000041
:1030A000BFF35F8F4EF62450CEF20000016821F48A
:1030B000803101604EF69450CEF20000016821F09C
:1030C000010101607047000081B00090009840F05D
:1030D00001004EF69451CEF2000108604EF62450E5
:1030E000CEF20000016841F480310160BFF34F8FE0
:1030F000BFF36F8F01B0704780B586B040F20020FB
:10310000C2F20000002101604160ADF81610642099
:10311000049119F0ADFB0498ADF81600FFE7BDF877
:103120001600CC2844DCFFE70EF04AF9BDF8160083
:10313000052833DBFFE743F6AA70C2F20200B0F9BC
:10314000001000EE101AB8EEC00A40F20021C2F2E0
:10315000000191ED001A31EE000A81ED000A43F6FC
:10316000AC72C2F20202B2F9003000EE103AB8EED0
:10317000C00A91ED011A31EE000A81ED010A0088C2
:10318000BDF8163001EB430323F8020C1088BDF89C
:10319000162001EB4201A1F88E01FFE7052019F08E
:1031A00067FBFFE7BDF816000130ADF81600B6E783
:1031B00040F20020C2F2000090ED000A9FED421A9A
:1031C00080EE010A80ED000A90ED010A80EE010A0E
:1031D00080ED010A90ED000AB0EE001A30EE410ACF
:1031E00080ED000A90ED010A30EE410A80ED010AFF
:1031F0000020ADF81600FFE7BDF81600C7284EDC2A
:10320000FFE7BDF8160040F20021C2F2000101EB19
:103210004000B0F9080000EE100AB8EEC00A91EDC7
:10322000001A30EE410AB7EEC00AB0EE002BB0EE45
:10323000421B03918DED002B1BF0CAFB039890ED10
:10324000CA3AB7EEC31A31EE000BB7EEC03B80EDC1
:10325000CA3ABDF8161000EB4101B1F9981103EE1E
:10326000101AB8EEC33A90ED014A33EE443AB7EE85
:10327000C30A9DED001B1BF0ABFB039890EDCB3A0E
:10328000B7EEC31A31EE000BB7EEC03B80EDCB3A80
:10329000FFE7BDF816000130ADF81600ACE740F2CC
:1032A0000020C2F2000090EDCA0A9FED071A80EEDE
:1032B000010A80EDCA0A90EDCB0A80EE010A80ED8A
:1032C000CB0A06B080BD00BF0000484300000000EC
:1032D00080B58AB04FF4004002F062F848F2C02096
:1032E000C4F20D00016841F480310160016821F4ED
:1032F0000031016043F20060C0F26E1002F05CF831
:10330000002001F005FE01F047FE0120099002F0C7
:103310005FF84CF20000C4F20F0001687F2262F3F4
:103320000701016046F61840C8F20000099901F053
:10333000CBFF43F61410C1F20040099901F0C4FF1D
:103340000C20C4F208000168132262F3040101603A
:10335000FFE70020C4F20800006800F00040B0F170
:10336000004F01D0FFE7F4E74DF65020C8F201000E
:1033700001F09AFD00F090FF48F20000C4F20D0049
:103380000D21C0F2700101220890079201F0E4FFC4
:1033900048F27010C4F20D00016821F40041016090
:1033A000016821F40001016048F27001C4F20D01CE
:1033B0000A6842F400520A60069000F085FF48F265
:1033C000A000C4F20D00016841F48031016006994B
:1033D0000A6822F040420A60026842F40052026029
:1033E00000F062FF0D21C0F2E0010898079A01F099
:1033F000B3FF48F2E000C4F20D000168079A62F3DF
:1034000001010160016841F400510160016821F08F
:103410000C010160016841F480110160016841F410
:103420000011016000F048FF0D21C0F22001089852
:10343000079A01F091FF48F22000C4F20D000168E4
:1034400041F4005101604EF61420C0F2004000210A
:10345000059101F061FE4FF4887000F07DFF4FF49C
:10346000847000F079FF40F2162000F075FF4FF4F1
:10347000067000F071FF46F61400C8F20000032148
:10348000049101F049FE4EF21000C4F200000799C9
:1034900001F042FE47F21820C8F20000049901F042
:1034A00013FF43F61410C1F20040059901F00CFF20
:1034B0004FF61430C8F20000059901F02DFE46F6D3
:1034C0001840C8F20000059901F0FEFE4FF48A7022
:1034D00000F042FF4FF48B7000F03EFF182000F028
:1034E0003BFF1A2000F038FF4FF4867000F034FFE5
:1034F0004EF21C00C8F20700079901F00DFE42F2DF
:103500001C60C8F20000059901F0DEFE40F2026086
:1035100000F022FF4EF62430C8F20000079901F0B7
:10352000FBFD43F21C00C8F20000059901F0CCFE3F
:1035300040F2046000F010FF4FF22400C8F20000D7
:10354000079901F0E9FD43F21C10C8F2000005994B
:1035500001F0BAFE40F20A6000F0FEFE4FF21C706D
:10356000C8F20000059901F0D7FD47F61C50C8F2DB
:103570000000049901F0A8FE40F2022000F0ECFEE9
:103580004EF63C30C8F20000079901F0C5FD46F642
:103590003C10C8F20000059901F096FE4FF48070CF
:1035A00000F0DAFE4FF4817000F0D6FE4FF4827026
:1035B00000F0D2FE4FF4837000F0CEFE4FF61820DC
:1035C000C8F20000042101F0A7FD46F21840C8F23D
:1035D00000000221039101F077FE162000F0BCFEEE
:1035E00047F62410C8F20000039901F095FD46F655
:1035F0001860C8F20000039901F066FE40F2125014
:1036000000F0AAFE4EF22860C8F20000049901F012
:1036100083FD4EF22800C8F20700079901F07CFDF7
:1036200046F61C20C8F20000059901F04DFE40F25C
:10363000145000F091FE4EF22C60C8F20000049984
:1036400001F06AFD4EF22C00C8F20700079901F064
:1036500063FD46F61C40C8F20000059901F034FEF7
:1036600040F2165000F078FE4FF22860C8F20000D9
:10367000049901F051FD4FF22800C8F207000799A4
:1036800001F04AFD46F61C60C8F20000059901F001
:103690001BFE40F2062000F05FFE4FF4027000F0C7
:1036A0005BFE40F20A2000F057FE4FF23830C8F2BD
:1036B0000700059901F030FD43F23820C8F2000000
:1036C000059901F001FE0E2000F046FE1220029046
:1036D00000F042FE40F2067000F03EFE102000F0C6
:1036E0003BFE142000F038FE4FF4E16000F034FEA1
:1036F0004EF22020C8F20700079901F00DFD46F6B2
:103700002000C8F20000039901F0DEFD4FF4A36031
:1037100000F022FE1C2000F01FFE0C2000F01CFE1A
:103720004FF48C7000F018FE40F2023000F014FEEE
:1037300040F2063000F010FE40F21A5000F00CFE8D
:1037400040F20E6000F008FE4EF22400C8F20700BE
:10375000059901F0E1FC42F22460C8F200000599ED
:1037600001F0B2FD40F20A3000F0F6FD4EF63840AE
:10377000C8F20000079901F0CFFC4FF21870C8F2B0
:103780000000049901F0C8FC4EF63870C8F2000041
:10379000052101F099FD40F20E5000F0DDFD4FF6DD
:1037A0003010C8F20000079901F0B6FC4FF230600B
:1037B000C8F200000721019101F0AEFC47F2304051
:1037C000C8F20000049901F07FFD40F2025000F0C1
:1037D000C3FD4EF63040C8F20000079901F09CFC92
:1037E0004EF63010C8F20000019901F095FC46F247
:1037F0003070C8F20000049901F066FD4FF440708B
:1038000000F0AAFD4EF62810C8F20000079901F05A
:1038100083FC4FF62810C8F20000079901F07CFCE9
:1038200047F22030C8F20000049901F04DFD42F249
:103830000C00C8F20000059901F046FD48F2601046
:10384000C4F20D00016821F01F0101604CF260001C
:10385000C4F20F00016821F0700101600168079A4D
:1038600062F303010160016821F4600101600168F5
:10387000029B63F314410160016821F480710160CF
:10388000016821F080010160016821F08071016010
:1038900040F24800C2F2000044F20061C2F2C331BB
:1038A00001600AB080BD000080B586B04EF61450AD
:1038B000CEF2000000688003002817D5FFE7BFF3B1
:1038C0004F8FBFF36F8F4EF61450CEF20000016899
:1038D00021F4003101604EF65070CEF2000000215C
:1038E0000160BFF34F8FBFF36F8FFFE74EF61450A9
:1038F000CEF200000068C00300283DD5FFE74EF679
:103900008450CEF2000000210160BFF34F8F4EF6CD
:103910001450CEF20000016821F480310160BFF341
:103920004F8F4EF68050CEF200000068059005984B
:10393000C0F34E300490FFE70598C0F3C900039030
:10394000FFE704980399890760F34D114EF67470F0
:10395000CEF2000001600398411E03910028F0D1CF
:10396000FFE70498411E04910028E5D1FFE7BFF36B
:103970004F8FBFF36F8FFFE7FFF792FB4EF69C5020
:10398000CEF200001021CCF2000101604EF6A051F1
:10399000CEF200013922C0F210320A601122C8F2C0
:1039A000000202603B22C0F210320A601223C7F20A
:1039B000000303602B23C0F203630B601323036037
:1039C0000A60142202601F22C0F203320A6015222C
:1039D000C2F2000202602522C0F203320A601623FE
:1039E000C2F2200303600A601722C2F228020260BA
:1039F0000922C0F203320A601822C8F200020260F3
:103A00003122C0F203320A601922C8F2E0120260C9
:103A10002920C0F2083008600420FFF755FB4EF65D
:103A20001450CEF200000068C003002801D5FFE763
:103A30003CE04EF68450CEF2000000210160BFF35E
:103A40004F8F4EF68050CEF2000000680290029830
:103A5000C0F34E300190FFE70298C0F3C900009018
:103A6000FFE701980099890760F34D114EF66070E9
:103A7000CEF2000001600098411E00910028F0D1B4
:103A8000FFE70198411E01910028E5D1FFE7BFF350
:103A90004F8F4EF61450CEF20000016841F4803191
:103AA0000160BFF34F8FBFF36F8FFFE74EF61450E7
:103AB000CEF2000000688003002801D5FFE71AE07D
:103AC000BFF34F8FBFF36F8F4EF65070CEF20000F2
:103AD00000210160BFF34F8FBFF36F8F4EF614507C
:103AE000CEF20000016841F400310160BFF34F8F56
:103AF000BFF36F8FFFE706B080BD0000000000003D
:103B000080B584B042F22460C8F2000000F094FD59
:103B100000281BD1FFE70D20C0F2100000F0A8FE26
:103B20004AF6AB21CAF6AA21A0FB010189084EF290
:103B30002402C8F2070202901046019100F09CFC9A
:103B400001300199B1FBF0F003900FE000F0A4FD0B
:103B50004EF22401C8F207010090084600F08CFCE8
:103B600001300099B1FBF0F00390FFE7039804B037
:103B700080BD00000000000080B5FFF7A9FB80BDFC
:103B800080B582B00190FFE740F25450C2F20000CD
:103B900000684FF0FF3113F087FC002840F00781E8
:103BA000FFE74BF66C00C2F202000078C007002865
:103BB0005FD0FFE74CF6F030C2F2010090ED000A52
:103BC000B2EE041A30EE010AB7EEC02A43F6E06105
:103BD000C2F2020191ED000AB7EEC03A9FED744BBC
:103BE00003EE042BB1EE422BB7EEC20B4CF6E432DF
:103BF000C2F2010282ED000A90ED000A31EE400AA5
:103C0000B7EEC02A91ED000AB7EEC03A03EE442B9E
:103C1000B7EEC20B4CF6EC32C2F2010282ED000AA2
:103C200090ED000A30EE410AB7EEC02A91ED000A8D
:103C3000B7EEC03A03EE442BB7EEC20B4CF6E032BF
:103C4000C2F2010282ED000A90ED000A30EE010A94
:103C5000B7EEC02A91ED000AB7EEC03A03EE442B4E
:103C6000B7EEC20B4CF6E830C2F2010080ED000A5C
:103C70009CE04CF63450C2F20100006827284EDC6C
:103C8000FFE743F6E060C2F2020090ED000AB7EEF3
:103C9000C01A9FED472BB8EE083BB0EE434B01EE48
:103CA000424BB7EEC40B4CF6E431C2F2010181ED98
:103CB000000A90ED000AB7EEC01AB0EE084BB0EE65
:103CC000445B01EE425BB7EEC50B4CF6EC31C2F241
:103CD000010181ED000A90ED000AB7EEC01A01EE75
:103CE000423BB7EEC30B4CF6E031C2F2010181ED6D
:103CF000000A90ED000AB7EEC01A01EE424BB7EE93
:103D0000C40B4CF6E830C2F2010080ED000A4CF61C
:103D10003450C2F201000168013101603EE043F617
:103D2000E060C2F2020090ED000AB7EEC01A9FED0B
:103D3000202B21EE421BB7EEC10B4CF6E431C2F250
:103D4000010181ED000A90ED000AB7EEC01A21EEE4
:103D5000421BB7EEC10B4CF6EC31C2F2010181ED12
:103D6000000A90ED000AB7EEC01A21EE421BB7EE32
:103D7000C10B4CF6E031C2F2010181ED000A90ED79
:103D8000000AB7EEC01A21EE421BB7EEC10B4CF68B
:103D9000E830C2F2010080ED000AFFE740F2147043
:103DA000C2F2000000218161C161FFE7FFE7EBE69D
:103DB000343333333333E33FFFE7FEE700000000E3
:103DC00080B582B04BF2B850C2F2020040680028C1
:103DD00001D0FFE70BE04EF2B750C8F201004EF2FF
:103DE0000861C8F2010141F2AD1209F065F94BF228
:103DF000B850C2F20200416840F24410C2F2000022
:103E000000680022C4F21D0201901046019A9047FA
:103E1000BFF34F8F02B080BD80B582B04BF2B85077
:103E2000C2F202008068002801D0FFE70BE04EF2EA
:103E3000D250C8F201004EF20861C8F2010141F20D
:103E4000B81209F039F94BF2B850C2F20200816899
:103E500040F24410C2F20000006844F20002C4F2D2
:103E60001D0201901046019A9047BFF34F8F02B098
:103E700080BD00000000000080B582B04BF2B85059
:103E8000C2F20200C068002801D0FFE70BE04EF24A
:103E9000ED50C8F201004EF20861C8F2010141F292
:103EA000C31209F009F94BF2B850C2F20200C1681E
:103EB00040F24410C2F20000006848F20002C4F26E
:103EC0001D0201901046019A9047BFF34F8F02B038
:103ED00080BD00000000000080B586B00A460346A1
:103EE000ADF816008DF81510BDF91600000A049003
:103EF000BDF8160000F01F0003900498072801D8B1
:103F0000FFE70BE04EF2B540C8F201004EF2162179
:103F1000C8F2010140F2DF5209F0CEF804984CF2E9
:103F20006801C4F20F0101EB80000290029803992E
:103F300003228A409DF8153003FA01F101911146E0
:103F4000019A08F039FF06B080BD000000000000B3
:103F500080B586B00A460346ADF816008DF81510F8
:103F6000BDF91600000A0490BDF8160000F01F000D
:103F700003900498072801D8FFE70BE04EF2B54004
:103F8000C8F201004EF21621C8F2010140F2DF52E0
:103F900009F092F804984CF26801C4F20F0101EBA9
:103FA000800002900298039903228A409DF8153000
:103FB00003FA01F101911146019A08F019FF06B0C8
:103FC00080BD00000000000080B586B00A460346B0
:103FD000ADF816008DF81510BDF91600000A049012
:103FE000BDF8160000F01F0003900498072801D8C0
:103FF000FFE70BE04EF2B540C8F201004EF2162189
:10400000C8F2010140F2DF5209F056F804984CF270
:104010006801C4F20F0101EB80000290029803993D
:1040200003228A409DF8153003FA01F101911146EF
:10403000019A08F0F9FE06B080BD00000000000003
:1040400080B586B00A460346ADF816008DF8151007
:10405000BDF91600000A0490BDF8160000F01F001C
:1040600003900498072801D8FFE70BE04EF2B54013
:10407000C8F201004EF21621C8F2010140F2DF52EF
:1040800009F01AF804984CF26801C4F20F0101EB30
:10409000800002900298039903228A409DF815300F
:1040A00003FA01F101911146019A08F0D9FE06B018
:1040B00080BD00000000000080B586B00A460346BF
:1040C000ADF816008DF81510BDF91600000A049021
:1040D000BDF8160000F01F0003900498072801D8CF
:1040E000FFE70BE04EF2B540C8F201004EF2162198
:1040F000C8F2010140F2DF5208F0DEFF04984CF2F2
:104100006801C4F20F0101EB80000290029803994C
:1041100003228A409DF8153003FA01F101911146FE
:10412000019A08F0B9FE06B080BD00000000000052
:1041300080B586B00A460346ADF816008DF8151016
:10414000BDF91600000A0490BDF8160000F01F002B
:1041500003900498072801D8FFE70BE04EF2B54022
:10416000C8F201004EF21621C8F2010140F2DF52FE
:1041700008F0A2FF04984CF26801C4F20F0101EBB1
:10418000800002900298039903228A409DF815301E
:1041900003FA01F101911146019A08F099FE06B067
:1041A00080BD00000000000080B586B00A460346CE
:1041B000ADF816008DF81510BDF91600000A049030
:1041C000BDF8160000F01F0003900498072801D8DE
:1041D000FFE70BE04EF2B540C8F201004EF21621A7
:1041E000C8F2010140F2DF5208F066FF04984CF279
:1041F0006801C4F20F0101EB80000290029803995C
:1042000003228A409DF8153003FA01F1019111460D
:10421000019A08F079FE06B080BD000000000000A1
:1042200080B586B00A460346ADF816008DF8151025
:10423000BDF91600000A0490BDF8160000F01F003A
:1042400003900498072801D8FFE70BE04EF2B54031
:10425000C8F201004EF21621C8F2010140F2DF520D
:1042600008F02AFF04984CF26801C4F20F0101EB38
:10427000800002900298039903228A409DF815302D
:1042800003FA01F101911146019A08F059FE06B0B6
:1042900080BD00000000000048F27000C4F20D0074
:1042A0004FF480510160704748F2E000C4F20D0005
:1042B0004FF480510160704748F22000C4F20D00B5
:1042C000002101607047000048F2A000C4F20D0018
:1042D0004FF480510160704780B582B00146ADF85F
:1042E0000600BDF90600002200911146FFF76CFEA2
:1042F00002B080BD0000000080B582B00146ADF87C
:104300000600BDF90600002200911146FFF7D4FE19
:1043100002B080BD0000000080B582B00146ADF85B
:104320000600BDF90600002200911146FFF700FFCC
:1043300002B080BD0000000080B582B00146ADF83B
:104340000600BDF90600002200911146FFF72CFF80
:1043500002B080BD0000000080B582B00146ADF81B
:104360000600BDF90600002200911146FFF758FF34
:1043700002B080BD0000000080B582B00146ADF8FB
:104380000600BDF90600032200911146FFF7A4FDC7
:1043900002B080BD0000000080B582B00146ADF8DB
:1043A0000600BDF90600032200911146FFF7D0FD7B
:1043B00002B080BD0000000080B582B00146ADF8BB
:1043C0000600BDF90600032200911146FFF7FCFD2F
:1043D00002B080BD0000000080B582B00146ADF89B
:1043E0000600BDF90600032200911146FFF728FEE2
:1043F00002B080BD0000000080B582B00146ADF87B
:104400000600BDF90600032200911146FFF754FE95
:1044100002B080BD0000000080B582B00146ADF85A
:104420000600BDF90600032200911146FFF780FE49
:1044300002B080BD0000000080B582B00146ADF83A
:104440000600BDF90600032200911146FFF7ACFEFD
:1044500002B080BD0000000080B500F05DF94CF2B4
:104460001401C4F20F01096801F4E051012202EBCA
:104470009121B0FBF1F080BD81B00090009840F632
:10448000C071C0F2400161F31F2000680099C1F3C0
:104490004C32C1F304218A401040C84001B070473B
:1044A00080B584B001468DF80F009DF80F000246DC
:1044B0001B28019200F2A7800199DFE801F00E0E9F
:1044C00012161A1E22262B32373C415F666D727718
:1044D0007C81888F969D464A4F54FFF7BDFF02901E
:1044E00094E000F005FC029090E000F095F8029056
:1044F0008CE000F0EDF8029088E000F0B1F8029056
:1045000084E000F0F1FB029080E00D2000F0B0F9B3
:1045100002907BE00D20C0F2100000F0A9F902909B
:1045200074E0002000F06CFC02906FE0012000F0CD
:1045300067FC02906AE0022000F062FC029065E0F5
:10454000032000F05DFC029060E000F0A5FB02900B
:104550005CE000F0A1FB8008029057E000F09CFBBB
:10456000C008029052E000F097FB4AF6AB21CAF671
:10457000AA21A0FB01018908029147E00D20C0F2A9
:10458000200000F075F9029040E00D20C0F23000EC
:1045900000F06EF9029039E0002000F0DDFB02909F
:1045A00034E0012000F0D8FB02902FE0022000F060
:1045B000D3FB02902AE0032000F0CEFB029025E01E
:1045C0000D20C0F2E00000F053F902901EE014202C
:1045D000C0F2E00000F04CF9029017E01520C0F2A4
:1045E000E00000F045F9029010E00D20C0F27000EC
:1045F00000F03EF9029009E00D20C0F2A00000F0AA
:1046000037F9029002E000200290FFE7029804B020
:1046100080BD00000000000080B5FFF71DFF4CF2D8
:104620001401C4F20F01096801F44071012202EB88
:104630001121B0FBF1F080BD81B00090009840F6F0
:10464000C071C0F2400161F31F2000680099C1F3FE
:104650004C32C1F304218A401040C84001B0704779
:1046600081B048F27020C4F20D000068C006002836
:1046700006D5FFE743F20060C0F26E10009006E03E
:1046800043F68070C2F2020000680090FFE70098D5
:1046900001B070470000000081B048F27020C4F201
:1046A0000D000068C006002806D5FFE743F2006051
:1046B000C0F26E10009006E043F68070C2F2020075
:1046C00000680090FFE7009801B07047000000000C
:1046D00080B582B04CF21C00C4F20F0000684006A6
:1046E000002804D5FFE7FFF7BBFF019003E0FFF7C9
:1046F00093FF0190FFE74CF21C00C4F20F0000682A
:1047000000F03F0001300199B1FBF0F001900198F9
:1047100002B080BD0000000080B584B04CF21400EF
:10472000C4F20F0000688001002840D5FFE74CF27A
:104730001800C4F20F00006800F440500146002841
:1047400002910FD0FFE70298B0F5805F11D0FFE72C
:104750000298B0F5005F10D0FFE70298B0F5405F17
:1047600012D012E00D20C0F2100000F081F803908A
:104770000EE0FFF775FF03900AE00D20C0F2300055
:1047800000F076F8039003E0FFE700200390FFE7D6
:104790004CF21400C4F20F00006800F060500121D8
:1047A00001EBD0600399B1FBF0F003903EE04CF2D6
:1047B0001800C4F20F00006800F4402001460028F1
:1047C00001910FD0FFE70198B0F5802F11D0FFE7DE
:1047D0000198B0F5002F11D0FFE70198B0F5402FF8
:1047E00011D01FE00D20C0F2300000F041F803901E
:1047F0001BE0022000F0B0FA039016E0002000F069
:10480000ABFA039011E00D2000F032F84CF21001E9
:10481000C4F20F01096801F007010131B0FBF1F0AA
:10482000039002E000200390FFE7FFE7039804B045
:1048300080BD00000000000080B584B003900291AC
:104840000398BDF80A106FF31F31405880B2002161
:10485000B1EB903F04D1FFE7FFF702FF019002E0C8
:1048600000200190FFE7019804B080BD0000000027
:1048700080B58CB00A900A9948F20000C4F20D008D
:1048800000F0A6FB002803D1FFE700200B9000E218
:104890000A9948F20000C4F20D000590FFF7CCFF22
:1048A00009900A99059800F083FB002803D0FFE7E0
:1048B00009980B90EDE10A980D2804903DD0FFE790
:1048C0000D20C0F21000049981427ED0FFE70D2038
:1048D000C0F220000499814200F0C681FFE70D205C
:1048E000C0F230000499814233D0FFE70D20C0F2BE
:1048F00070000499814277D0FFE70D20C0F2A0003C
:104900000499814200F0FF80FFE70D20C0F2E00033
:104910000499814200F08081FFE71420C0F2E0009A
:104920000499814200F08981FFE71520C0F2E00080
:104930000499814200F09281A5E1099848F20001B2
:10494000C4F20D01096801F07F0148434008099055
:104950009CE19DED090AB8EE401B48F25000C4F2FC
:104960000D0090ED000AB8EE402B21EE021B8DEDFC
:10497000061B48F26000C4F20D0090ED000AB8EE8C
:10498000401B9DED062B82EE011B8DED061B48F2B0
:104990003000C4F20D000068C007002805D0FFE712
:1049A000099816214843099005E0099800EB80001A
:1049B00080000990FFE79DED060BBCEEC01B11EED9
:1049C000100A09990844099060E1099848F2100119
:1049D000C4F20D01096889071422002948BF162274
:1049E00002FB00F0099051E148F27000C4F20D00A2
:1049F000016801F07F0108919DED090AB8EE401BA6
:104A000048F28001C4F20D0191ED000AB8EE402B8E
:104A100021EE021B8DED061B48F29001C4F20D0140
:104A200091ED000AB8EE401B9DED062B82EE011BB6
:104A30008DED061B0999089A9DED061BBCEEC10B76
:104A400010EE103A01FB02310991006800F4C01029
:104A50000146002803910AD0FFE70398B0F5002F24
:104A600009D0FFE70398B0F5801F08D008E0099847
:104A70008008099010E00998400809900CE00BE0CC
:104A80004EF28D40C8F201004EF25741C8F20101CA
:104A900040F2174208F010FB48F27010C4F20D000B
:104AA000006848F20001C0F2800108400146002879
:104AB00002911AD0FFE70298B0F5004F11D0FFE73E
:104AC0000298B0F5000F10D0FFE748F20000C0F2E6
:104AD00080000299814209D1FFE709988008099076
:104AE00010E00998400809900CE00BE04EF28D4070
:104AF000C8F201004EF25741C8F2010140F22B42C8
:104B000008F0DAFAC2E048F2A000C4F20D00016831
:104B100001F07F0108919DED090AB8EE401B48F2B3
:104B2000B001C4F20D0191ED000AB8EE402B21EE68
:104B3000021B8DED061B48F2C001C4F20D0191ED80
:104B4000000AB8EE401B9DED062B82EE011B8DED99
:104B5000061B0999089A9DED061BBCEEC10B10EED1
:104B6000103A01FB02310991006800F4C0100146BF
:104B7000002801910AD0FFE70198B0F5002F09D075
:104B8000FFE70198B0F5801F08D008E00998800879
:104B9000099010E00998400809900CE00BE04EF2F3
:104BA0008D40C8F201004EF25741C8F201014FF4A6
:104BB0008B6208F081FA48F27010C4F20D000068B0
:104BC00000F040400146B0F1004F009116D0FFE7E1
:104BD0000098B0F1404F09D0FFE7009800280DD0B1
:104BE000FFE70098B0F1804F04D008E009988008F2
:104BF000099010E00998400809900CE00BE04EF293
:104C00008D40C8F201004EF25741C8F2010140F256
:104C10006C4208F051FA39E048F2E000C4F20D00AD
:104C2000006800F00300089008984DF64011C8F2A3
:104C3000010151F82000099028E048F2E000C4F298
:104C40000D000068C0F38100089008984DF64011EF
:104C5000C8F2010151F82000099017E047F6400022
:104C6000C0F27D10099011E0099848F22001C4F2C9
:104C70000D01096889071422002948BF162202FB8A
:104C800000F0099002E000200990FFE709980B90DE
:104C9000FFE70B980CB080BD80B582B04CF20C00E1
:104CA000C4F20F00006800F00100014600280091E6
:104CB00004D0FFE70098012807D00CE00D20C0F2D7
:104CC0001000FFF7D5FD019008E043F20060C0F24C
:104CD0006E10019002E000200190FFE7019802B001
:104CE00080BD0000000000004FF40040704700004D
:104CF00080B582B04CF21400C4F20F000068400688
:104D0000002814D5FFE74CF21400C4F20F0000682D
:104D10000006002805D5FFE7012000F071F801909A
:104D200004E0022000F018F80190FFE703E0FFF72D
:104D3000F3FC0190FFE74CF21400C4F20F0000688E
:104D400000F4E020012101EB10400199B1FBF0F0EB
:104D50000190019802B080BD80B584B001468DF805
:104D60000F000D20C0F230000191FFF781FD02908D
:104D70009DF80F0001460328009134D80099DFE820
:104D800001F0020E1A2648F20010C4F20D0000686D
:104D900000F03F000299B1FBF0F0029026E048F2EB
:104DA0000010C4F20D000068C0F305200299B1FBA9
:104DB000F0F002901AE048F20010C4F20D00006812
:104DC000C0F305400299B1FBF0F002900EE048F20A
:104DD0000010C4F20D000068C0F305600299B1FB39
:104DE000F0F0029002E000200290FFE7029800EB52
:104DF000C00040000290029804B080BD0000000096
:104E000080B584B001468DF80F000D20C0F210006F
:104E10000191FFF72DFD02909DF80F000146032838
:104E2000009134D80099DFE801F0020E1A2648F20A
:104E3000F000C4F20D00006800F03F000299B1FBE1
:104E4000F0F0029026E048F2F000C4F20D00006895
:104E5000C0F305200299B1FBF0F002901AE048F28D
:104E6000F000C4F20D000068C0F305400299B1FBE8
:104E7000F0F002900EE048F2F000C4F20D0000687D
:104E8000C0F305600299B1FBF0F0029002E000204F
:104E90000290FFE7029800EBC000400002900298E9
:104EA00004B080BD0000000081B0009048F2000016
:104EB000C4F20D00016821F4E031009A12799203E6
:104EC00092B2114401F580310160016843F27F0222
:104ED0009143009A126802F07F02114401F50051DB
:104EE0000160FFE748F20000C4F20D000068C00F47
:104EF000002801D1FFE7F5E748F20000C4F20D00F9
:104F0000016821F48031016001B0704700000000A9
:104F100082B001468DF807009DF80700C007002801
:104F200001D1FFE70AE04EF27E40C8F201004EF2E6
:104F30005741C8F20101C12208F0BEF848F25810EA
:104F4000C4F20D004FF080410160FFE748F270208D
:104F5000C4F20D000068C003002801D4FFE7F5E7A4
:104F600048F25410C4F20D004FF480310160FFE7A5
:104F700048F25010C4F20D0000680004002801D46B
:104F8000FFE7F5E748F25810C4F20D004FF4803106
:104F9000016002B07047000048F27020C4F20D00BA
:104FA000016841F00101016070470000000000004D
:104FB00082B0019000910198BDF802106FF31F318B
:104FC0004058C0F3004002B07047000000000000ED
:104FD00082B0019000910198BDF802106FF31F316B
:104FE0004058009901F01F01C84000F0010002B0D4
:104FF000704700000000000080B584B0039002916B
:105000000398800E0190039840F6C071C0F24001F1
:1050100061F31F200068039AC2F34C33C2F3042CDF
:1050200003FA0CF39843DDF808E00EFA0CFC03EAEF
:105030000C03184361F31F2210600198202801D847
:10504000FFE70BE04EF2CE10C8F201004EF216213F
:10505000C8F2010140F2BD5208F02EF80198202854
:105060000ED0FFE7FFE74CF24800C4F20F000068E3
:105070000199C840C007002801D0FFE7F3E7FFE728
:1050800004B080BD0000000080B584B003900291A0
:105090000398800E0190039840F6C071C0F2400161
:1050A00061F31F200068039AC2F34C33C2F3042C4F
:1050B00003FA0CF39843DDF808E00EFA0CFC03EA5F
:1050C0000C03184361F31F2210600198202801D8B7
:1050D000FFE70BE04EF2CE10C8F201004EF21621AF
:1050E000C8F2010140F2BD5207F0E6FF0198202806
:1050F0000ED0FFE7FFE74CF24800C4F20F00006853
:105100000199C840C007002801D0FFE7F3E7FFE797
:1051100004B080BD0000000080B584B0039002910F
:105120000398800E0190039840F6C071C0F24001D0
:1051300061F31F200068039AC2F34C33C2F3042CBE
:1051400003FA0CF39843DDF808E00EFA0CFC03EACE
:105150000C03184361F31F2210600198202801D826
:10516000FFE70BE04EF2CE10C8F201004EF216211E
:10517000C8F2010140F2BD5207F09EFF01982028BD
:105180000ED0FFE7FFE74CF24800C4F20F000068C2
:105190000199C840C007002801D0FFE7F3E7FFE707
:1051A00004B080BD0000000080B584B0039002917F
:1051B0000398800E0190039840F6C071C0F2400140
:1051C00061F31F200068039AC2F34C33C2F3042C2E
:1051D00003FA0CF39843DDF808E00EFA0CFC03EA3E
:1051E0000C03184361F31F2210600198202801D896
:1051F000FFE70BE04EF2CE10C8F201004EF216218E
:10520000C8F201014FF4B16207F056FF019820285F
:105210000ED0FFE7FFE74CF24800C4F20F00006831
:105220000199C840C007002801D0FFE7F3E7FFE776
:1052300004B080BD0000000080B584B003900291EE
:105240000398800E0190039840F6C071C0F24001AF
:1052500061F31F200068039AC2F34C33C2F3042C9D
:1052600003FA0CF39843DDF808E00EFA0CFC03EAAD
:105270000C03184361F31F2210600198202801D805
:10528000FFE70BE04EF2CE10C8F201004EF21621FD
:10529000C8F201014FF4B16207F00EFF0198202817
:1052A0000ED0FFE7FFE74CF24800C4F20F000068A1
:1052B0000199C840C007002801D0FFE7F3E7FFE7E6
:1052C00004B080BD0000000080B584B0039002915E
:1052D0000398800E0190039840F6C071C0F240011F
:1052E00061F31F200068039AC2F34C33C2F3042C0D
:1052F00003FA0CF39843DDF808E00EFA0CFC03EA1D
:105300000C03184361F31F2210600198202801D874
:10531000FFE70BE04EF2CE10C8F201004EF216216C
:10532000C8F201014FF4B16207F0C6FE01982028CF
:105330000ED0FFE7FFE74CF24800C4F20F00006810
:105340000199C840C007002801D0FFE7F3E7FFE755
:1053500004B080BD0000000083B0134602900191AC
:105360008DF803209DF80300C00700280AD0FFE74E
:105370000298BDF806106FF31F3108444FF48031D6
:10538000416009E00298BDF806106FF31F31084430
:105390004FF480318160FFE703B0704700000000E8
:1053A00081B00090009843F67C71C2F2020108605F
:1053B00001B070470000000081B00090009843F6F3
:1053C0008071C2F20201086001B070470000000065
:1053D00081B001468DF803009DF80300002807D135
:1053E000FFE748F27420C4F20D001021016006E0CE
:1053F00048F27820C4F20D0010210160FFE701B0EF
:10540000704700000000000084B00A4603908DF849
:105410000B1000200090039800680190019820F480
:105420008070039908609DF80B00C007002805D024
:10543000FFE7009840F020000090FFE79DF80B0088
:105440008007002805D5FFE7009840F04000009055
:10545000FFE7019820F480700099084303990860E1
:10546000FFE7039800680099084201D0FFE7F8E7DA
:1054700001980399086004B0704700000000000024
:1054800080B582B040F24010C2F2000000684BF2DA
:105490007851C2F2020109684CF20002C4F22B02F8
:1054A00001901046019A9047BFF34F8F02B080BD24
:1054B00083B013468C4602908DF807108DF80620B5
:1054C000002000909DF80700C007002805D0FFE7E6
:1054D000009840F480500090FFE79DF80700800797
:1054E000002805D5FFE7009840F400600090FFE732
:1054F0009DF80600C007002806D0FFE70098029933
:105500008A681043886006E0009802998A6822EA57
:1055100000008860FFE703B0704700000000000053
:1055200082B001900091BDF8020001990A6842EA38
:10553000004008609DF8000001998A681043886067
:105540009DF80100000201998A6C42EA901088647B
:1055500002B070470000000080B584B0039003984B
:10556000002801D0FFE70BE04EF2F640C8F2010040
:105570004EF2C241C8F201014FF4E47207F09CFD03
:1055800003980021102202910192FDF792FA0399EB
:105590004FF4A0720A800399F0224A80039940F6E2
:1055A00002024A60039902220A7203994FF42072A0
:1055B0004A810399019A8A810399029B8B7303990B
:1055C0004FF0010C81F80FC004B080BD0000000056
:1055D00082B0019000200090FFE70098002811D1D0
:1055E000FFE700984DF6BC61C8F2010151F82000B8
:1055F0000199884201D1FFE704E0FFE700980130FC
:105600000090EAE70098002801D1FFE70AE04EF297
:105610009340C8F201004EF2C241C8F20101B52226
:1056200007F04AFD009802B070470000000000003B
:1056300083B00A4602908DF807109DF807000028F5
:1056400004D0FFE70298C06A009003E00298806AE5
:105650000090FFE7009803B07047000000000000D2
:1056600080B5FFF70DFFBFF34F8F80BD0000000036
:1056700080B588B0069005910598002801D0FFE715
:105680000BE04EF2F640C8F201004EF2C241C8F201
:10569000010140F2191207F00FFD05980188007A08
:1056A000484303909DF80C004007002806D1FFE70F
:1056B000059840894007002803D0FFE704200790A1
:1056C00099E00698FFF784FF019001984DF6C061BC
:1056D000C8F2010131F91000FEF74EFE069800F005
:1056E000BBF8059881894068084340F480700490B5
:1056F0000598C07BC007002805D0FFE7049840F05C
:1057000080400490FFE70498069908600598807B24
:10571000002809D1FFE70598007A022804D1FFE7A5
:1057200002208DF80B0003E001208DF80B00FFE74D
:105730000598007A042806D1FFE70698816C41F0AD
:1057400008018164FFE70598807B012806D1FFE707
:105750000698816841F008018160FFE7059801889B
:105760009DF80B205143408840EA01400699486368
:10577000059840890399401AC0080699086306985D
:10578000816841F0010181609DF80C00400600280D
:105790000CD1FFE706984FF04041416006988068C1
:1057A000022161F30610069988601DE09DF80C0047
:1057B000800600280CD1FFE706984FF000414160B9
:1057C00006988068012161F30610069988600AE056
:1057D00006984FF0804141600698806820F0700084
:1057E00006998860FFE7FFE70698012100F008F8B6
:1057F00000200790FFE7079808B080BD0000000078
:1058000083B00A4602908DF80710002000909DF8A2
:105810000700C007002805D0FFE7009840F480404B
:105820000090FFE79DF807008007002805D5FFE7F7
:10583000009840F400500090FFE7009802998A68B1
:1058400010438860FFE7029880680099084201D001
:10585000FFE7F8E703B0704780B584B00390039882
:1058600000F05EF80398002181600398816841F49C
:1058700000418160FFE7039880680004002801D59B
:10588000FFE7F8E7039803210191FFF7BDFD0398B7
:105890000199FFF7B5FF0398806902900298039978
:1058A0008861039840F60001C4F20001016003988A
:1058B000002141600398816003984FF45042826454
:1058C000039801630398416304B080BD00000000A9
:1058D00083B00B4602908DF8071000929DF80700E8
:1058E000002804D0FFE700980299C86203E00098FE
:1058F00002998862FFE703B07047000000000000D3
:1059000080B582B00190019801210091009AFFF7C3
:10591000CFFD0198816C41F00041816402B080BDEF
:1059200080B582B001900198816C21F000418164C2
:10593000019801210022FFF7BBFD02B080BD0000ED
:1059400080B588B0079006910592049306980028C8
:1059500001D0FFE70BE04EF2E740C8F201004EF243
:10596000C241C8F2010140F2812207F0A5FB06986E
:10597000002128220291FDF79CF80599069A1162F0
:105980000499069A5162079901900846FFF720FE94
:105990000390069803994BF27852C2F2020242F841
:1059A000210040F24010C2F2000043F24161C8F20F
:1059B0000001016003984DF6C261C8F2010131F99E
:1059C000100001F0A9FF02990090084608B080BDC0
:1059D00082B001900198806900900198017F01399F
:1059E00001770098006801998861009802B07047BB
:1059F00081B000900098007F01B070470000000067
:105A000080B586B00590049103920498407D8DF88E
:105A100003000498007D8DF802009DF803009DF8B6
:105A20000210884204D1FFE740F65530019019E09A
:105A3000059800680290029820F4C010059908604B
:105A40000498417D50F82100039908600498407D36
:105A500000F0D2F804994875029805990860002072
:105A60000190FFE7019806B080BD00000000000033
:105A700081B00A4603468DF803008DF802109DF8A8
:105A800002009DF80310884208DBFFE79DF8020042
:105A90009DF80310401A8DF8010008E09DF80200FF
:105AA0009DF80310401A05308DF80100FFE79DF8BE
:105AB000010001B07047000080B58AB009900891DC
:105AC000099880690590059809998861059800F4FE
:105AD000C010B0F5C01F01D1FFE78AE09DF81600A5
:105AE00010F0180F00F08380FFE79DF81600C00645
:105AF000002804D5FFE701208DF81D0003E00020F9
:105B00008DF81D00FFE70898407F02283ED1FFE78F
:105B10000898007D8DF81F000898407D8DF81E00C4
:105B20009DF81E009DF81F10FFF7A2FF03282BD839
:105B3000FFE709989DF81D10FFF77AFD069006987B
:105B400008999DF81F2041F822009DF81F0000F0E1
:105B500053F8089908750898417F013941770898EA
:105B6000006A00280FD0FFE708980999026A436A83
:105B700040F6573C04900846049903926246DDF8CB
:105B80000CC0E047FFE700E0FFE7FFE70898407F31
:105B900001282BD8FFE70898FFF72AFF002815D027
:105BA000FFE709989DF81D10089A02901046019190
:105BB000FFF70EFF0299009008460199009AFFF73F
:105BC00087FE0898417F013141770EE009989DF8E2
:105BD0001D1081F00101FFF72BFD069009989DF83B
:105BE0001D10069AFFF774FEFFE7FFE700E0FFE7EE
:105BF000FFE70AB080BD000081B001468DF80300C8
:105C00009DF8030001308DF802009DF80200052880
:105C100004D3FFE700208DF80200FFE79DF80200A3
:105C200001B070470000000083B00290019101981C
:105C30000090029880690099086000980299886134
:105C40000298017F0131017703B070470000000026
:105C500080B586B0049003910398002801D0FFE737
:105C60000BE04EF2E740C8F201004EF2C241C8F22A
:105C700001014FF42A7207F01FFA0398FFF7B8FEEC
:105C800002900298012804D8FFE740F654300590AE
:105C900027E00498806C40F0300020F44020049904
:105CA00088640398FFF794FE049988620398FFF7CD
:105CB0008FFE0499C862039802214177049801215C
:105CC0000191FFF79DFD03980199817704984FF4A6
:105CD000C011FFF725FC0498FFF712FE0020059085
:105CE000FFE7059806B080BD80B584B003900291AF
:105CF0000192039800680090009820F4C010039966
:105D0000086002980199FFF78FFF009803990860D7
:105D1000002004B080BD000080B548F20000C4F24D
:105D20000E00002101F074FB4007002808D5FFE7B2
:105D30004BF2E040C2F20200006801F0A5FBFFE771
:105D400048F20000C4F20E00102101F061FB400790
:105D5000002808D5FFE74BF2E040C2F20200006CD9
:105D600001F092FBFFE7BFF34F8F80BD0000000002
:105D700080B548F20000C4F20E000A2101F048FB91
:105D80004007002808D5FFE74BF2E040C2F20200CE
:105D9000806A01F079FBFFE748F20000C4F20E00D0
:105DA0001A2101F035FB4007002808D5FFE74BF228
:105DB000E040C2F20200806E01F066FBFFE7BFF335
:105DC0004F8F80BD0000000080B548F20000C4F293
:105DD0000E000B2101F01CFB4007002808D5FFE74F
:105DE0004BF2E040C2F20200C06A01F04DFBFFE757
:105DF00048F20000C4F20E001B2101F009FB40072D
:105E0000002808D5FFE74BF2E040C2F20200C06E66
:105E100001F03AFBFFE7BFF34F8F80BD00000000A9
:105E200080B548F20000C4F20E000C2101F0F0FA37
:105E30004007002808D5FFE74BF2E040C2F202001D
:105E4000006B01F021FBFFE748F20000C4F20E00F6
:105E50001C2101F0DDFA4007002808D5FFE74BF2CE
:105E6000E040C2F20200006F01F00EFBFFE7BFF35B
:105E70004F8F80BD0000000080B548F20000C4F2E2
:105E80000E000D2101F0C4FA4007002808D5FFE7F5
:105E90004BF2E040C2F20200406B01F0F5FAFFE77E
:105EA00048F20000C4F20E001D2101F0B1FA4007D3
:105EB000002808D5FFE74BF2E040C2F20200406F35
:105EC00001F0E2FAFFE7BFF34F8F80BD0000000052
:105ED00080B548F20000C4F20E000E2101F098FADD
:105EE0004007002808D5FFE74BF2E040C2F202006D
:105EF000806B01F0C9FAFFE748F20000C4F20E001F
:105F00001E2101F085FA4007002808D5FFE74BF273
:105F1000E040C2F20200806F01F0B6FAFFE7BFF383
:105F20004F8F80BD0000000080B548F20000C4F231
:105F30000E000F2101F06CFA4007002808D5FFE79A
:105F40004BF2E040C2F20200C06B01F09DFAFFE7A5
:105F500048F20000C4F20E001F2101F059FA400778
:105F6000002808D5FFE74BF2E040C2F20200C06F04
:105F700001F08AFAFFE7BFF34F8F80BD00000000F9
:105F800080B548F20000C4F20E00012101F040FA91
:105F90004007002808D5FFE74BF2E040C2F20200BC
:105FA000406801F071FAFFE748F20000C4F20E0009
:105FB000112101F02DFA4007002808D5FFE74BF228
:105FC000E040C2F20200406C01F05EFAFFE7BFF36E
:105FD0004F8F80BD0000000080B548F20000C4F281
:105FE0000E00022101F014FA4007002808D5FFE74F
:105FF0004BF2E040C2F20200806801F045FAFFE790
:1060000048F20000C4F20E00122101F001FA40072C
:10601000002808D5FFE74BF2E040C2F20200806C96
:1060200001F032FAFFE7BFF34F8F80BD00000000A0
:1060300080B548F20000C4F20E00032101F0E8F937
:106040004007002808D5FFE74BF2E040C2F202000B
:10605000C06801F019FAFFE748F20000C4F20E0030
:10606000132101F0D5F94007002808D5FFE74BF2CE
:10607000E040C2F20200C06C01F006FAFFE7BFF395
:106080004F8F80BD0000000080B548F20000C4F2D0
:106090000E00042101F0BCF94007002808D5FFE7F5
:1060A0004BF2E040C2F20200006901F0EDF9FFE7B7
:1060B00048F20000C4F20E00142101F0A9F94007D3
:1060C000002808D5FFE74BF2E040C2F20200006D65
:1060D00001F0DAF9FFE7BFF34F8F80BD0000000049
:1060E00080B548F20000C4F20E00052101F090F9DD
:1060F0004007002808D5FFE74BF2E040C2F202005B
:10610000406901F0C1F9FFE748F20000C4F20E0057
:10611000152101F07DF94007002808D5FFE74BF273
:10612000E040C2F20200406D01F0AEF9FFE7BFF3BC
:106130004F8F80BD0000000080B548F20000C4F21F
:106140000E00062101F064F94007002808D5FFE79A
:106150004BF2E040C2F20200806901F095F9FFE7DE
:1061600048F20000C4F20E00162101F051F9400778
:10617000002808D5FFE74BF2E040C2F20200806D34
:1061800001F082F9FFE7BFF34F8F80BD00000000F0
:1061900080B548F20000C4F20E00072101F038F982
:1061A0004007002808D5FFE74BF2E040C2F20200AA
:1061B000C06901F069F9FFE748F20000C4F20E007F
:1061C000172101F025F94007002808D5FFE74BF219
:1061D000E040C2F20200C06D01F056F9FFE7BFF3E4
:1061E0004F8F80BD0000000080B548F20000C4F26F
:1061F0000E00082101F00CF94007002808D5FFE740
:106200004BF2E040C2F20200006A01F03DF9FFE704
:1062100048F20000C4F20E00182101F0F9F840071E
:10622000002808D5FFE74BF2E040C2F20200006E02
:1062300001F02AF9FFE7BFF34F8F80BD0000000097
:1062400080B548F20000C4F20E00092101F0E0F828
:106250004007002808D5FFE74BF2E040C2F20200F9
:10626000406A01F011F9FFE748F20000C4F20E00A5
:10627000192101F0CDF84007002808D5FFE74BF2BF
:10628000E040C2F20200406E01F0FEF8FFE7BFF30B
:106290004F8F80BD0000000080B59CB01A9019910E
:1062A00018921793002005901A99049104994A1C9A
:1062B00004920870199890ED000B8DED0A0B9DED7E
:1062C0000A0BB5EE400BF1EE10FA09D1FFE7049886
:1062D0003021017005980130059005981B9004E16C
:1062E0009DED0A0B06A818F011FB8DED080B0020A0
:1062F0001390FFE71398179988420FD2FFE79DED9F
:10630000180AB8EEC01B9DED082B22EE011B8DED87
:10631000081BFFE7139801301390EBE79DED0A0B84
:10632000B5EE400BF1EE10FA28DBFFE79DED080B10
:10633000B6EE001B30EE010B8DED100B9DED100B3A
:106340009DED172AB8EE421BB2EE043B8DED020B19
:10635000B0EE430B18F03CFB9DED021BB4EE401B6E
:10636000F1EE10FA09DBFFE79DED060BB7EE001B1F
:1063700030EE010B8DED060BFFE729E09DED080BDC
:10638000BEEE001B30EE010B8DED100B9DED100BE2
:106390009DED172AB8EE421BB2EE043B8DED000BCB
:1063A000B0EE430B18F014FBB1EE400B9DED001B5B
:1063B000B4EE401BF1EE10FA09DCFFE79DED060B91
:1063C000BFEE001B30EE010B8DED060BFFE7FFE784
:1063D00000201390FFE71398179988423DD2FFE7FA
:1063E0009DED100B9DED181AB8EEC12B80EE020B3F
:1063F0008DED0C0B9DED100B9DED0C2BB6EEC22B15
:106400009DED181AB8EEC13B02EE430B8DED0E0B5D
:106410009DED0E0BBDEEC01B8DED141A1498B0F15E
:10642000FF3F05DCFFE71498C0F13000149003E053
:10643000149830301490FFE79DED0C0B8DED100B90
:10644000149804994A1C049208700598013005902C
:10645000FFE7139801301390BDE70498411C0491A5
:106460002E2101700598013005909DED060BBDEEC3
:10647000C01B8DED161A1698002809D1FFE7049865
:10648000411C04913021017005980130059029E0EC
:10649000FFE71698002824D0FFE71698189990FB7C
:1064A000F1F0159016981599189A01FB12001490A6
:1064B0001498B0F1FF3F05DCFFE71498C0F13000FD
:1064C000149003E0149830301490FFE7159816905C
:1064D000149804994A1C049208700598013005909C
:1064E000D7E7FFE705981B90FFE71B981CB080BD1E
:1064F000B0B596B0DDF868C0149013911292119364
:106500008DF843C0002001901499009100994A1C15
:10651000009208700F900E900D900C900B900A90C6
:1065200009900890079006900590049003900290BF
:106530001298002864D0FFE71398016840680F9014
:106540000E910E980F990843002809D1FFE7009893
:106550003021017001980130019001981590BBE045
:10656000FFE70E980F990843002848D0FFE70E98E0
:106570000F99119AD317FCF74AFA0D910C900E98C7
:106580000F990C9A0D9BDDF844C04FEAEC7EA2FBFC
:106590000C4502FB0E5203FB0C22001B61EB0201B7
:1065A0000A900B910B98B0F1FF3F12DCFFE70A98BD
:1065B0000B990591049004980599C043C943039130
:1065C000029002980399313041F100010A900B9139
:1065D00007E00A980B99303041F100010A900B91C5
:1065E000FFE70C980D990F910E909DF828000099E7
:1065F0004A1C00920870019801300190B1E768E0F0
:10660000139801684068099008910898099908430F
:10661000002809D1FFE7009830210170019801306E
:1066200001900198159057E0FFE7089809990843F1
:1066300000284DD0FFE708980999119AD317FCF765
:10664000B5F90791069008980999069A079BDDF815
:1066500044C04FEAEC7EA2FB0C4502FB0E5203FB4A
:106660000C22001B61EB020104900591049805992E
:10667000D0F109004FF0000272EB010108D3FFE7EF
:1066800004980599303041F100010490059111E022
:10669000049805999DF84320D2076123002A18BF6A
:1066A0004123C01841F100010A3861F10001049052
:1066B0000591FFE706980799099108909DF8100049
:1066C00000994A1C00920870019801300190ACE7D3
:1066D000FFE701981590FFE7159816B0B0BD0000D0
:1066E00083B080B583B00793069205910290002095
:1066F000009005A801900298019900F0C1FD00905A
:10670000009803B0BDE8804003B07047000000006F
:1067100080B5BEB03D923C903B91002030902F90D0
:106720002D908DF8A200239022903B983A90FFE79D
:106730003A9890F90000002802D1FFE700F053BD1D
:106740003A9800788DF8E7009DF9E70025280ED0EB
:10675000FFE73C989DF9E7101C9008461C99884774
:106760002D9901312D913A9901313A91E0E70120BB
:106770008DF8A300002027908DF8BB00FFE79DF85F
:10678000BB00C007002837D1FFE73A98411C3A9177
:1067900090F901002038014610281B9124D81B993C
:1067A000DFE801F01322221D222222222222220EC1
:1067B000220922221800279840F0010027901AE0B1
:1067C000279840F00200279015E0279840F0040039
:1067D000279010E0279840F0080027900BE02798BA
:1067E00040F01000279006E03A9801383A900120D6
:1067F0008DF8BB00FFE7C2E700202C908DF8BB00AE
:10680000FFE79DF8BB00C00700282ED1FFE73A98AC
:10681000411C3A9140788DF8E7009DF9E700302857
:106820000FDBFFE79DF9E70039280ADCFFE72C982A
:1068300000EB80009DF9E71001EB400030382C9010
:1068400012E09DF9E7002A2806D1FFE73D98011DD7
:106850003D9100682C9006E03A9801383A9001206A
:106860008DF8BB00FFE7FFE7CBE706202B90002069
:106870008DF887003A98411C3A9190F901002E2832
:1068800040D1FFE700202B908DF8BB00FFE79DF87B
:10689000BB00C007002834D1FFE73A98411C3A9169
:1068A00040788DF8E7009DF9E700302812DBFFE71C
:1068B0009DF9E70039280DDCFFE72B9800EB8000FD
:1068C0009DF9E71001EB400030382B9001208DF846
:1068D000870015E09DF9E7002A2809D1FFE73D98D8
:1068E000011D3D9100682B9001208DF8870006E086
:1068F0003A9801383A9001208DF8BB00FFE7FFE796
:10690000C5E703E03A9801383A90FFE73A98411C0E
:106910003A9190F90100014668281A9104D0FFE7E6
:106920001A986C2816D02BE03A98411C3A9190F9AD
:106930000100682808D0FFE7279840F04000279022
:106940003A9801383A9004E0279840F020002790C8
:10695000FFE719E03A98411C3A9190F901006C2840
:1069600008D0FFE7279840F0800027903A98013838
:106970003A9004E0279840F480702790FFE703E006
:106980003A9801383A90FFE73A98411C3A9140789A
:106990008DF8E7009DF9E70064282ED0FFE79DF908
:1069A000E700692829D0FFE79DF9E700662824D091
:1069B000FFE79DF9E70046281FD0FFE79DF9E700B4
:1069C00078281AD0FFE79DF9E700582815D0FFE78F
:1069D0009DF9E7006F2810D0FFE79DF9E7006228D6
:1069E0000BD0FFE79DF9E700702806D0FFE79DF97F
:1069F000E700752840F04B83FFE79DF9E700642826
:106A000006D0FFE79DF9E700692840F0CC80FFE75A
:106A10009DF89D00C00700280CD0FFE73D98073087
:106A200020F0070000F108013D91016840682590C1
:106A3000249116E09DF89C000006002808D5FFE789
:106A40003D98011D3D910068C1172490259107E0F4
:106A50003D98011D3D910068C11724902591FFE7E5
:106A6000FFE79DF8A30000F00100694608600DF102
:106A7000C60024A901220A231990FFF739FD2F909F
:106A80002F981999084430902598B0F1FF3F07DC02
:106A9000FFE72D208DF89B002F9801302F901FE0ED
:106AA0009DF89C008007002807D5FFE72B208DF874
:106AB0009B002F9801302F9011E09DF89C0040071B
:106AC000002807D5FFE720208DF89B002F98013084
:106AD0002F9003E000208DF89B00FFE7FFE7FFE722
:106AE00000208DF89A009DF89C00000700281FD513
:106AF000FFE79DF99B0000280BD0FFE73C989DF92C
:106B00009B1018900846189988472D9901312D91AE
:106B1000FFE701208DF89A002F992C9A3C986B463C
:106B2000186030202DAB00F063FB2C982F9023E0F1
:106B30009DF89C00C00700281DD1FFE72F992C9AD3
:106B40003C986B46186020202DAB00F051FB9DF95E
:106B50009B0000280BD0FFE73C989DF99B101790F5
:106B60000846179988472D9901312D91FFE701209B
:106B70008DF89A00FFE7FFE79DF89A00C00700280C
:106B800010D1FFE79DF99B0000280BD0FFE73C9850
:106B90009DF99B1016900846169988472D9901314A
:106BA0002D91FFE7FFE79DF9E700662806D0FFE794
:106BB0009DF9E700462840F0AB80FFE73D9807309D
:106BC00020F0070000F108013D9190ED000B8DEDE4
:106BD0001E0B2B9B0DF1C6001EA90A221590FFF774
:106BE0005BFB2F902F981599084430909DED1E0B5C
:106BF000B5EE400BF1EE10FA07DAFFE72D208DF825
:106C00009B002F9801302F901FE09DF89C0080077B
:106C1000002807D5FFE72B208DF89B002F98013027
:106C20002F9011E09DF89C004007002807D5FFE752
:106C300020208DF89B002F9801302F9003E000203A
:106C40008DF89B00FFE7FFE7FFE700208DF89A0033
:106C50009DF89C00000700281FD5FFE79DF99B00C9
:106C600000280BD0FFE73C989DF99B101490084634
:106C7000149988472D9901312D91FFE701208DF856
:106C80009A002F992C9A3C986B46186030202DABB7
:106C900000F0AEFA2C982F9023E09DF89C00C007DE
:106CA00000281DD1FFE72F992C9A3C986B4618605D
:106CB00020202DAB00F09CFA9DF99B0000280BD002
:106CC000FFE73C989DF99B1013900846139988475D
:106CD0002D9901312D91FFE701208DF89A00FFE7F2
:106CE000FFE79DF89A00C007002810D1FFE79DF943
:106CF0009B0000280BD0FFE73C989DF99B10129059
:106D00000846129988472D9901312D91FFE7FFE739
:106D10009DF9E700582806D0FFE79DF9E70078289D
:106D200040F0DE80FFE79DF9E700782804D1FFE717
:106D300000208DF8A300FFE79DF89D00C007002804
:106D40000CD0FFE73D98073020F0070000F1080164
:106D50003D91016840682390229116E09DF89C00C7
:106D60000006002808D5FFE73D98011D3D91006809
:106D700000212391229007E03D98011D3D9100687C
:106D8000002123912290FFE7FFE79DF8A30000F088
:106D90000100694608600DF1C60022A900221023F7
:106DA00011901092FFF7A4FB2F902F98119908448F
:106DB000309010988DF89A009DF89C201207002AB8
:106DC0002CD5FFE79DF89C00C00600281AD5FFE7E8
:106DD0003C9830210F9008460F9988473C999DF8C0
:106DE000A320D2077823002A18BF58230E901846F4
:106DF00088472D9901F102012D914FF001018DF885
:106E00009A10FFE72F992C9A3C986B461860302017
:106E10002DAB00F0EDF92C982F903AE09DF89C00F6
:106E2000C006002834D4FFE79DF89C00C006002867
:106E300004D5FFE72F9802302F90FFE72F992C9A67
:106E40003C986B46186020202DAB00F0D1F99DF8DE
:106E50009C00C00600281AD5FFE73C9830210D9011
:106E600008460D9988473C999DF8A320D2077823BE
:106E7000002A18BF58230C90184688472D9901F115
:106E800002012D914FF001018DF89A10FFE7FFE705
:106E9000FFE79DF89C00C006002820D5FFE79DF87D
:106EA0009A00C00700281AD1FFE73C9830210B90C8
:106EB00008460B9988473C999DF8A320D207782370
:106EC000002A18BF58230A90184688472D9901F1C7
:106ED00002012D912F9901F102012F91FFE7FFE7A8
:106EE0009DF9E7006F2810D0FFE79DF9E7006228C1
:106EF0000BD0FFE79DF9E700702806D0FFE79DF96A
:106F0000E700752840F09880FFE79DF9E7007028BA
:106F10000BD1FFE73D98011D3D9100681D9022A80F
:106F20001DA90422FBF7A8FD29E09DF89D00C007DC
:106F300000280CD0FFE73D98073020F0070000F153
:106F400008013D91016840682390229116E09DF868
:106F50009C000006002808D5FFE73D98011D3D91E3
:106F6000006800212391229007E03D98011D3D918A
:106F70000068002123912290FFE7FFE7FFE79DF9DA
:106F8000E70062380146132809911CD80999DFE807
:106F900001F00E1A1A1A1A1A1A1A1A1A1A1A1A0AB0
:106FA000121A1A1A1A1608208DF8A2000CE00220F4
:106FB0008DF8A20008E010208DF8A20004E00A205D
:106FC0008DF8A20000E0FFE79DF8A2309DF8A30035
:106FD00000F00100694608600DF1C60022A90022F8
:106FE0000890FFF785FA2F902F9808990844309061
:106FF0009DF89C00000700280CD5FFE72F992C9ADC
:107000003C986B46186030202DAB00F0F1F82C98BE
:107010002F9010E09DF89C00C00700280AD1FFE7E0
:107020002F992C9A3C986B46186020202DAB00F0CD
:10703000DFF8FFE7FFE7FFE73098002816D0FFE70B
:10704000FFE7309890F9000000280ED0FFE73C9849
:1070500030994A1E309291F900100790084607991E
:1070600088472D9901312D91EBE7FFE79DF89C00B2
:10707000C00700280AD0FFE72F992C9A3C986B464E
:10708000186020202DAB00F0B3F8FFE7A6E09DF9D3
:10709000E70063280FD1FFE73D98011D3D9100688F
:1070A00029903C98299906900846069988472D9979
:1070B00001312D9191E09DF9E700732840F0818026
:1070C000FFE73D98011D3D9100682A902A9800280D
:1070D00076D0FFE79DF88700C007002803D0FFE7C0
:1070E0002B982F9004E02A98FBF704FD2F90FFE7E0
:1070F0009DF89C00C00700280AD1FFE72F992C9A21
:107100003C986B46186020202DAB00F071F8FFE72B
:107110009DF88700C00700282BD0FFE7FFE72A98DB
:1071200090F9000000210028059107D0FFE72F9873
:1071300000210028C8BF01210591FFE70598C0077D
:10714000002811D0FFE73C982A994A1C2A9291F90D
:10715000001004900846049988472D9901312D911B
:107160002F9901392F91DAE72B982F99401A2F90F8
:1071700015E0FFE72A9890F9000000280ED0FFE7FD
:107180003C982A994A1C2A9291F9001003900846CB
:10719000039988472D9901312D91EBE7FFE79DF881
:1071A0009C00C00700280AD0FFE72F992C9A3C9832
:1071B0006B46186020202DAB00F01AF8FFE7FFE7C0
:1071C0000AE03C989DF9E71002900846029988472A
:1071D0002D9901312D91FFE7FFE7FFE73A98013044
:1071E0003A90FFF7A5BA2D983EB080BD0000000090
:1071F00080B586B0DDF820C086468DF81700049172
:107200000392029304980190FFE701980399884242
:1072100010DAFFE708989DF91710009008460099CA
:10722000884702990A6801320A60FFE70198013035
:107230000190EAE706B080BD80B584B002904BF2C1
:107240007C50C2F20200007C002804D1FFE74FF01E
:10725000FF30039010E04BF27C50C2F202008168D4
:1072600002AA0123019111461A46DDF804C00093D9
:10727000E04700990391FFE7039804B080BD000048
:1072800080B584B002910190002000904BF27C50B8
:10729000C2F20200007C002804D1FFE74FF0FF306B
:1072A00003900BE00199029A44F6C150C8F2000025
:1072B000FFF72EFA009000980390FFE7039804B0C0
:1072C00080BD000000000000FFE7FEE700000000B6
:1072D00083B0EFF31080019001980090EFF31080DD
:1072E00072B60290009803B07047000000000000E2
:1072F00080B582B001900020ADF80200FFE7BDF933
:1073000002001E2800F38180FFE7BDF9020000EBB8
:1073100040004BF20471C2F2020101EB800090EDDB
:10732000000AB5EE400AF1EE10FA41D0FFE70198ED
:1073300090ED0C0ABDF9020000EB40004BF2047125
:10734000C2F2020101EB800090ED011A30EE410A19
:1073500020EE000A43F6D060C2F2020080ED000A7F
:10736000019A92ED0D0ABDF9022002EB420201EBF7
:10737000820191ED021A30EE410A20EE000A43F636
:10738000D461C2F2020181ED000A90ED000A91ED94
:10739000001A30EE010AB7EEC00A17F07BFFB7EE15
:1073A000C01B43F6CC60C2F2020080ED001A19E067
:1073B000BDF9020000EB40004BF20471C2F2020181
:1073C00001EB800090ED000AB5EE400AF1EE10FAF4
:1073D00007D1FFE743F6CC60C2F202000021016052
:1073E000FFE7FFE743F6CC60C2F202000068BDF998
:1073F000021043F65462C2F2020242F82100BDF8C4
:1074000002000130ADF8020079E702B080BD000053
:1074100084B00390029102981F2801D8FFE70BE087
:107420004EF20550C8F201004EF24851C8F2010177
:1074300040F2013205F040FE0020019003980299CD
:1074400000EB411041F21C01405AC0B2019941EADF
:10745000D01001900398C06A0299C84000F0010062
:10746000019941EA400001900398406A0299C8409E
:1074700000F00100019941EA80000190019804B0F8
:10748000704700000000000080B58AB0099009989C
:10749000002801D0FFE70BE04EF23950C8F201009E
:1074A0004EF24851C8F201014FF4AF6205F004FEFC
:1074B0000998017C8068C17709988168007C01EB9C
:1074C000401041F21C01405AC0B2C0098DF823009F
:1074D0000998C068002817D1FFE7099800680028BC
:1074E00011D0FFE70998016842689DF8233003F046
:1074F00001034FF0000C039111461A466346DDF874
:107500000CC0E047FFE7B2E009988168007C01EB1E
:10751000401041F218014058079009988168007C9A
:1075200001EB401041F21C01405AC0F300108DF8ED
:1075300012000998C0680799081A0790079840092F
:1075400006909DF82300C007002804D0FFE70698A6
:107550008DF8130011E00698002805D0FFE79DF88C
:1075600018000138029004E00998007D013802906B
:10757000FFE702988DF81300FFE79DF813000999C3
:10758000497C88421ED1FFE70998C07C8DF8110024
:107590000998007D8DF810009DF911009DF91010DB
:1075A000884206D0FFE79DF81200C007002805D1E9
:1075B000FFE7099890F91300059002E0002005907C
:1075C000FFE71EE09DF81300099991F91110401A88
:1075D00005900598B0F1FF3F07DCFFE7099890F9A7
:1075E0001400059908440590FFE79DF82300C007A3
:1075F000002805D0FFE70998017C80680177FFE744
:10760000FFE79DF813000999487405980999CA7C09
:10761000101AC8740998006800280FD0FFE709986D
:1076200001684268059B9DF823C00CF0010C019194
:1076300011466246DDF804C0E047FFE79DF82300ED
:10764000C007002812D0FFE709988168007C01EB91
:10765000401041F21C01405AC006002805D5FFE742
:107660000998017C80680177FFE7FFE7FFE70AB030
:1076700080BD00000000000080B544F20000C4F2AC
:107680002D0000F005F9BFF34F8F80BD0000000012
:1076900080B544F20000C4F22D0000F011F8BFF3F1
:1076A0004F8F80BD0000000080B548F20000C4F29A
:1076B0002D0000F0EDF8BFF34F8F80BD00000000FB
:1076C00080B58CB00B900B9840680A900B9800F036
:1076D000AFF809900B9880680A9908400A909DF8C5
:1076E0002B0010F00C0F21D0FFE709984BF2B0519E
:1076F000C2F2020151F82000002816D0FFE70998D5
:107700004BF2B051C2F2020151F820100B9A4BF229
:107710006053C2F2020353F8200008901046089A02
:1077200007911146079B9847FFE7FFE79DF82B005D
:107730008007002821D0FFE709984BF2A051C2F240
:10774000020151F82000002816D0FFE709984BF2FB
:10775000A051C2F2020151F820100B9A4BF2605373
:10776000C2F2020353F8200006901046069A0591D3
:107770001146059B9847FFE7FFE70A9810F4C03FC2
:1077800020D0FFE709984BF2A851C2F2020151F84C
:107790002000002816D0FFE709984BF2A851C2F24A
:1077A000020151F820100B9A4BF26053C2F202030F
:1077B00053F8200004901046049A03911146039B4D
:1077C0009847FFE7BDF82A0046F27C01084220D026
:1077D000FFE709984BF29851C2F2020151F82000DC
:1077E000002816D0FFE709984BF29851C2F2020127
:1077F00051F820100B9A4BF26053C2F2020353F877
:10780000200002901046029A01911146019B984770
:10781000FFE70CB080BD000080B548F20000C4F264
:107820002D00FFF74DFFBFF34F8F80BD000000001C
:1078300082B0019000200090FFE70098012811D845
:10784000FFE700984DF6C461C8F2010151F820002D
:107850000199884201D1FFE704E0FFE70098013079
:107860000090EAE70098012801D8FFE70AE04EF20D
:107870006E50C8F201004EF29151C8F20101BB22D4
:1078800005F01AFC009802B07047000000000000EC
:1078900080B584B003900398FFF7CAFF0290029866
:1078A0004BF29051C2F2020151F82000002816D08C
:1078B000FFE702984BF29051C2F2020151F82010FA
:1078C000039A4BF26053C2F2020353F82000019076
:1078D0001046019A00911146009B9847FFE704B0BB
:1078E00080BD00000000000080B582B00146ADF808
:1078F000060000200090BDF906008030002803D16A
:10790000FFE70120009004E0BDF9060005F034FB1C
:10791000FFE7009802B080BD80B582B00146ADF8A7
:10792000060000200090BDF906008030002803D139
:10793000FFE70120009004E0BDF9060005F038FBE8
:10794000FFE7009802B080BD80B500F009F880BD67
:1079500080B500F005F880BD80B500F001F880BD6D
:1079600080B584B000208DF80F00FFE79DF80F0070
:1079700001282EDCFFE79DF80F004BF2C851C2F240
:10798000020151F8200000281CD0FFE79DF80F00ED
:107990004BF2D051C2F2020151F820104BF2D852F2
:1079A000C2F2020252F820204BF2C853C2F2020384
:1079B00053F8200002901046029A01911146019B53
:1079C0009847FFE7FFE79DF80F0001308DF80F00A3
:1079D000CCE7BFF34F8F04B080BD00000000000073
:1079E00080B586B043F6B470C2F20200B0F9000070
:1079F00000EE100AB8EEC00A40F27850C2F2000061
:107A0000D0ED020A44F27400C2F2020009F0E4FE72
:107A1000B7EEC01A43F6A070C2F2020080ED001B60
:107A200043F6AA71C2F20201B1F9001000EE101A79
:107A3000B8EEC00A40F20021C2F20001D1ED000A06
:107A400040F23052C2F2000205901046049109F053
:107A5000C3FE4CF6AC40C2F2010080ED000A43F6D2
:107A6000AC71C2F20201B1F9001000EE101AB8EECA
:107A7000C00A0499D1ED010A40F24052C2F200025C
:107A80000390104609F0A8FE4CF6B040C2F2010087
:107A900080ED000A059991ED001BBDEEC10B10EEC3
:107AA000102A0290104609F0E3FC43F6B870C2F2C7
:107AB000020080ED020A039991ED000ABDEEC00AB2
:107AC00010EE102A0190104609F062FC019880ED3A
:107AD000030A029991ED000ABDEEC00A10EE102AC9
:107AE000104609F055FC019880ED040A90ED020A59
:107AF000B7EEC01A9FED5E2BB4EE421BF1EE10FA0A
:107B000010DCFFE743F6B870C2F2020090ED020A03
:107B1000B7EEC01A9FED582BB4EE421BF1EE10FAEF
:107B20000BDAFFE743F6B870C2F20200806843F652
:107B30009471C2F20201086006E043F69470C2F24A
:107B4000020000210160FFE740F25C00C2F2000089
:107B500090ED000AB1EE081A80EE010A43F6947027
:107B6000C2F2020090ED001A40F27051C2F2000120
:107B700091ED002AB1EE003A02EE031A40F274527F
:107B8000C2F2000292ED002A31EE021A43F6B873F7
:107B9000C2F2020393ED072A00EE012AB7EEC24AB1
:107BA00043F69873C2F2020383ED004BD1F800C094
:107BB000C2F800C00068086093ED004B9FED305B99
:107BC000B4EE454BF1EE10FA1DDAFFE743F698707C
:107BD000C2F2020090ED000B9FED2B1BB4EE410BA7
:107BE000F1EE10FA0FDDFFE743F69870C2F20200E3
:107BF00090ED000BB7EEC01B43F6B870C2F2020066
:107C000080ED071A32E043F69870C2F2020090ED60
:107C1000000BB5EE400BF1EE10FA13DDFFE743F673
:107C20009870C2F2020090ED000B9FED1B1B30EE2E
:107C3000010BB7EEC02B43F6B870C2F2020080ED24
:107C4000072A12E043F69870C2F2020090ED000B92
:107C50009FED0F1B30EE010BB7EEC02B43F6B87053
:107C6000C2F2020080ED072AFFE7FFE706B080BD01
:107C7000333333333333E33F333333333333E3BFDC
:107C8000000000000080664000000000008066C028
:107C9000000000000080764000000000008076C0F8
:107CA00080B540F20800C2F20000406800F090F990
:107CB000C007002809D0FFE740F20800C2F2000028
:107CC0004068012100F024F9FFE780BD00000000BA
:107CD00080B540F2EC10C2F200000068804740F22C
:107CE0000800C2F20000406800F072F9000CC00702
:107CF00000280AD0FFE740F20800C2F20000406806
:107D00004FF4803100F004F9FFE780BD000000006F
:107D100080B540F26400C2F200000068804740F283
:107D20000800C2F20000806800F052F9C007002885
:107D300009D0FFE740F20800C2F20000806801218C
:107D400000F0E6F8FFE740F20800C2F200008068A9
:107D500000F03EF9C00BC007002821D0FFE740F239
:107D60000800C2F2000080684FF4004100F0D0F833
:107D70004AF68010C0F20300012114F019FD4F20D3
:107D800009F032F90130002809D0FFE744F28400FD
:107D9000C2F20200006801210DF092FBFFE7FFE74D
:107DA00040F20800C2F20000806800F011F9800B78
:107DB000C007002821D0FFE740F20800C2F200000F
:107DC00080684FF4804100F0A3F84AF68010C0F2BA
:107DD0000300012114F0ECFC4E2009F005F90130FC
:107DE000002809D0FFE744F28400C2F202000068D4
:107DF00002210DF065FBFFE7FFE740F20800C2F249
:107E00000000806800F0E4F8400BC007002821D093
:107E1000FFE740F20800C2F2000080684FF4005112
:107E200000F076F84AF68010C0F20300012114F049
:107E3000BFFC4D2009F0D8F80130002809D0FFE739
:107E400044F28400C2F20200006804210DF038FB05
:107E5000FFE7FFE740F20800C2F20000806800F090
:107E6000B7F8000BC007002821D0FFE740F2080058
:107E7000C2F2000080684FF4805100F049F84AF6E1
:107E80008010C0F20300012114F092FC4C2009F094
:107E9000ABF80130002809D0FFE744F28400C2F2B9
:107EA0000200006808210DF00BFBFFE7FFE780BD33
:107EB00080B540F20800C2F20000806800F088F847
:107EC000000CC00700280AD0FFE740F20800C2F209
:107ED000000080684FF4803100F01AF8FFE780BDA1
:107EE00080B540F20800C2F20000C06800F070F8EF
:107EF0000009C007002809D0FFE740F20800C2F2DD
:107F00000000C068102100F003F8FFE780BD00000A
:107F100080B582B0019000910198009900F090F92D
:107F200002B080BD0000000080B582B001900091D9
:107F30000198009900F060F902B080BD00000000D7
:107F400080B582B0019000910198009900F060F92D
:107F500002B080BD0000000080B582B001900091A9
:107F60000198009900F060F902B080BD00000000A7
:107F700082B0019000200090FFE700980A2811D8F5
:107F8000FFE700984DF6CC61C8F2010151F82000DE
:107F90000199884201D1FFE704E0FFE70098013032
:107FA0000090EAE700980A2801D8FFE70AE04EF2BD
:107FB0003160C8F201004EF25461C8F201013C2266
:107FC00005F07AF8009802B0704700000000000049
:107FD00080B582B00190019800F03AF902B080BDFE
:107FE00080B584B00390029101920398FFF7C0FF1F
:107FF00000900098052815D8FFE700984DF6F86125
:10800000C8F2010131F91000013000280AD0FFE761
:1080100000984DF6F861C8F2010131F91000FCF743
:10802000BBF9FFE70298012101FA00F003994A69C0
:1080300022EA000048610198007800280AD1FFE791
:108040000298012101FA00F003994A6822EA00002F
:1080500048600EE003980299019A527800F09CF86B
:108060000298012101FA00F003994A681043486020
:10807000FFE703980299019A927800F02DF904B075
:1080800080BD00000000000082B0019000910098C7
:108090001F2801D8FFE70AE04EF2B720C8F201001E
:1080A0004EF2C121C8F20101CF2205F005F8019876
:1080B00080680099C84000F0010002B070470000DD
:1080C00086B01346059004918DF80F200498019016
:1080D0000498012101FA00F00599CA6922EA00001A
:1080E000C86104980F2804D8FFE705980C30029067
:1080F00006E0059810300290019810380190FFE7D3
:108100009DF80F0001380146042800913FD80099DE
:10811000DFE801F0030E1C2A34000198400003211F
:1081200001FA00F002990A6822EA000008602FE0D4
:10813000029800680199490003228A409043012275
:1081400002FA01F108430299086021E002980068F0
:108150000199490003228A409043022202FA01F168
:1081600008430299086013E001984000032101FAD6
:1081700000F002990A681043086009E004980121A0
:1081800001FA00F00599CA691043C86100E0FFE7F1
:1081900006B070470000000084B0134603900291BF
:1081A0008DF8072002981F2801D8FFE70AE04EF259
:1081B000B720C8F201004EF25461C8F201017522E5
:1081C00004F07AFF9DF80700002808D1FFE7029825
:1081D000012101FA00F00399C1F8880007E0029834
:1081E000012101FA00F00399C1F88400FFE704B00F
:1081F000704700000000000082B0019000910098DC
:108200000199C1F8880002B070470000000000002A
:1082100082B00190009100980199C1F8880002B0E5
:10822000704700000000000082B0019000910098AB
:108230000199C1F8880002B07047000000000000FA
:1082400082B00190009100980199886102B0704756
:1082500081B000900098806901B070470000000074
:1082600082B00190009100980199C1F8840002B099
:10827000704700000000000082B00190009100985B
:108280000199C1F8840002B07047000000000000AE
:1082900082B00190009100980199C1F8840002B069
:1082A000704700000000000082B00190009100982B
:1082B0000199C1F88C0002B0704700000000000076
:1082C00080B582B00190009101980099FFF7DCFE23
:1082D00002B080BD0000000080B584B0134603905A
:1082E00002918DF80720039802999DF807200093CA
:1082F000FFF7E6FE04B080BD80B582B0019000912A
:1083000001980099FFF7ACFF02B080BD00000000AB
:1083100080B582B00190009101980099FFF7ACFF01
:1083200002B080BD0000000080B582B001900091D5
:1083300001980099FFF7ACFF02B080BD000000007B
:1083400082B00A4601908DF803109DF80300019950
:10835000886002B07047000080B582B0019001983B
:1083600000210160019800F03BF84DF61071C8F251
:10837000010131F91000FBF7AFFF02B080BD000032
:1083800080B582B001900198002801D0FFE70AE093
:108390004EF2F640C8F201004EF2C261C8F201018D
:1083A000722204F089FE0198002110220091FAF750
:1083B00080FB019901220A7001994A6001998A7231
:1083C00001994A720199009BCB7201990B73019933
:1083D0000B7201994A7302B080BD000000000000DA
:1083E00082B0019000200090FFE70098022811D889
:1083F000FFE700984DF60471C8F2010151F8200022
:108400000199884201D1FFE704E0FFE700980130BD
:108410000090EAE70098022801D8FFE70AE04EF250
:108420007A60C8F201004EF2C261C8F201012E2248
:1084300004F042FE009802B0704700000000000007
:1084400082B00A4601908DF80310019880689DF86B
:108450000310084002B0704780B582B001900091CF
:108460000098002801D0FFE70AE04EF2E760C8F26A
:1084700001004EF2C261C8F201013C2204F01CFE70
:108480000198FFF7ADFF4DF61071C8F2010131F907
:108490001000FBF791FF019800210160019800F0A6
:1084A00097F80098017A427A837A90F80BC002F02C
:1084B0000102002A18BF082261F3492263F3451222
:1084C0006CF30412017B61F38202407B02F1020132
:1084D0004FEAC070002818BF0A4601980260019850
:1084E0000099097800F028F801980099496800F08F
:1084F00003F802B080BD000082B0019000910098A6
:1085000001380021B1EB103F01D1FFE70AE04EF244
:108510009C60C8F201004EF2FA61C8F20101DB2250
:1085200004F0CAFD019840680099013961F30B001D
:108530000199486002B0704782B00A4601908DF8F8
:1085400003109DF8030005280FD1FFE7019800688C
:1085500020F4B8609DF8031001F0070140EA811093
:1085600000F58060019908600CE00198006820F433
:10857000B8609DF8031001F0070140EA81100199ED
:108580000860FFE702B0704784B00B4603908DF897
:108590000B1001929DF80B00022801DCFFE70BE0B5
:1085A0004EF23D20C8F201004EF26421C8F20101F2
:1085B0004FF4C67204F080FD9DF80B000199039AF8
:1085C00002EB8000016104B0704700000000000071
:1085D00081B000900098016841F400410160FFE71C
:1085E000009800680004002801D5FFE7F8E701B013
:1085F000704700000000000081B000900098016802
:1086000041F00101016001B070470000000000006E
:1086100081B000900098016821F00101016001B073
:10862000704700000000000083B00020ADF8080093
:10863000ADF804000090ADF80600FFE7BDF90600B4
:108640001D286DDCFFE79DED000AB5EE400AF1EE56
:1086500010FA26D1FFE7BDF9060000EB40004BF20F
:108660000471C2F2020101EB800090ED000AB5EE48
:10867000400AF1EE10FA13D0FFE7BDF9060043F609
:108680005461C2F2020151F820000090BDF80600CA
:10869000ADF80800BDF804000130ADF80400FFE7B4
:1086A00038E0BDF9060000EB40004BF20471C2F265
:1086B000020101EB800090ED000AB5EE400AF1EEF8
:1086C00010FA26D0FFE7BDF9060043F65461C2F266
:1086D000020101EB800090ED000A9DED001AB4EE5E
:1086E000410AF1EE10FA0EDAFFE7BDF9060043F693
:1086F0005461C2F2020151F820000090BDF806005A
:10870000ADF80800FFE7BDF804000130ADF8040043
:10871000FFE7FFE7BDF806000130ADF806008DE782
:10872000BDF80400002805D0FFE7BDF80800ADF84B
:108730000A0004E04FF6FF70ADF80A00FFE7BDF94C
:108740000A0003B07047000080B582B040F2785054
:10875000C2F200000021016041608160ADF80610A6
:108760006420009114F084F80098ADF80600FFE74B
:10877000BDF80600CC282CDCFFE708F04DFEBDF864
:10878000060005281BDBFFE743F6B470C2F20200C7
:10879000B0F9001000EE101AB8EEC00A40F278519D
:1087A000C2F2000191ED021A31EE000A81ED020AD7
:1087B0000088BDF8062001EB42014880FFE7052054
:1087C00014F056F8FFE7BDF806000130ADF80600DA
:1087D000CEE740F27850C2F2000090ED020A9FED21
:1087E000261A80EE010A80ED020A0020ADF806008C
:1087F000FFE7BDF80600C7282DDCFFE7BDF806003F
:1088000040F27851C2F2000101EB4000B0F90C00D7
:1088100000EE100AB8EEC00A91ED021A30EE410ADD
:10882000B7EEC00AB0EE001B16F0D2F843F6B870EF
:10883000C2F2020090ED082AB7EEC21A31EE000B28
:10884000B7EEC02B80ED082AFFE7BDF80600013027
:10885000ADF80600CDE743F6B870C2F2020090ED25
:10886000080A9FED051A80EE010A80ED080A002132
:10887000C16102B080BD00BF00004843000000009D
:1088800040F21470C2F20000002101604160C1603A
:108890004161816001618161C16170470000000038
:1088A00080B584B0DDF81CC0DDF818E003900291BB
:1088B000019200930698002804D0FFE707980699D4
:1088C0000860FFE704B080BD80B584B0DDF81CC04F
:1088D000DDF818E00390029101920093029800F0F5
:1088E0000F00079901F0010140EA011003990860A7
:1088F0000198002804D0FFE7009801990860FFE77D
:1089000004B080BD0000000084B001AA0B460390B3
:10891000ADF80A1082ED000A92ED000ABDF90A00D6
:1089200001EE100AB8EEC11A30EE410ABDEEC00ADF
:1089300010EE100A039948820398418A828A891AA4
:1089400081810398418AC1810398418A828AA1EB7F
:108950004201C28A114401820398B0F90C1000EE62
:10896000101AB8EEC00AB0F90E1001EE101AB8EEE7
:10897000C11A90ED002A90ED013A90ED024A23EEE3
:10898000011A02EE001AB0F9101000EE101AB8EE3B
:10899000C00A04EE001ABDEEC10A10EE101AC16141
:1089A0000398C069B0F5966F05DDFFE703984FF4B3
:1089B0009661C1610DE00398C06910F5966F07DA02
:1089C000FFE703984FF65031CFF6FF71C161FFE723
:1089D000FFE70398C169028B114401830398B0F942
:1089E000180042F22931884205DBFFE7039842F282
:1089F000283101830FE00398B0F918004DF6D741F4
:108A0000CFF6FF71884205DCFFE703984DF6D841A9
:108A10000183FFE7FFE70398808AADF8020003981F
:108A2000418A8182BDF802000399C8820398B0F997
:108A3000180000EE100AB8EEC00A04B0704700003B
:108A400086B00190009101980099059004910498D6
:108A5000012820DBFFE70498059901F01F01084475
:108A6000039005980290BFF34F8FFFE702984EF6F0
:108A70007071CEF2000108600298203002900398D5
:108A80002038039003980028F0DCFFE7BFF34F8FF6
:108A9000BFF36F8FFFE706B07047000000000000D3
:108AA00080B50020C4F23F00012100F025F880BD10
:108AB00080B544F20000C4F23F00022100F01CF82F
:108AC00080BD00000000000080B548F20000C4F244
:108AD0003F00032100F010F880BD000000000000FE
:108AE00080B54CF20000C4F23F00042100F004F80D
:108AF00080BD00000000000080B584B003900291AA
:108B000003980069C00700281BD0FFE74BF2F45020
:108B1000C2F202000068002813D0FFE74BF2F450C5
:108B2000C2F2020000680399029A4BF2E053C2F2CB
:108B3000020353F82220019008461146019A9047FB
:108B4000FFE70398D0F81001C00700281BD0FFE70B
:108B50004BF20C60C2F202000068002813D0FFE75D
:108B60004BF20C60C2F2020000680399029A4BF2C9
:108B7000F853C2F2020353F822200090084611462F
:108B8000009A9047FFE7BFF34F8F04B080BD00000D
:108B900080B54BF21060C2F202004068002801D09C
:108BA000FFE70BE04EF24370C8F201004EF60401FD
:108BB000C8F2010140F69D0204F07EFA4BF210600B
:108BC000C2F20200416844F20000C4F2390000F031
:108BD0001BFA80BD0000000080B54BF21060C2F2AD
:108BE00002008068002801D0FFE70BE04EF25C70C5
:108BF000C8F201004EF60401C8F2010140F6A602D7
:108C000004F05AFA4BF21060C2F20200816848F296
:108C10000000C4F2390000F0F7F980BD0000000048
:108C200080B54BF21060C2F20200C068002801D08B
:108C3000FFE70BE04EF27570C8F201004EF604013A
:108C4000C8F2010140F6AF0204F036FA4BF21060B0
:108C5000C2F20200C1684CF20000C4F2390000F018
:108C6000D3F980BD0000000080B54BF21060C2F265
:108C700002000069002801D0FFE70BE04EF28E7081
:108C8000C8F201004EF60401C8F2010140F6B80234
:108C900004F012FA4BF21060C2F2020001690020E7
:108CA000C4F23A0000F0B0F980BD000000000000FE
:108CB00088B01346069005918DF81320059800287A
:108CC00001D0FFE70BE04EF2F370C8F201004EF660
:108CD0000401C8F2010140F2FD2204F0EDF906980A
:108CE000006E6FF31F300130039003980730C00807
:108CF00002900698406A00F04070019005988068E4
:108D0000002804D1FFE700208DF81F0079E00598C6
:108D10000068002809D1FFE705984068002804D1C1
:108D2000FFE700208DF81F006BE0029804280FD8A1
:108D3000FFE7059880680299B0FBF1F202FB110091
:108D4000002804D0FFE700208DF81F0059E020E044
:108D50009DF80800800700280BD0FFE70598806881
:108D60000299884204D0FFE700208DF81F0048E0F8
:108D70000EE0059880680299B0FBF1F202FB110049
:108D8000002804D0FFE700208DF81F0039E0FFE73E
:108D9000FFE70198B0F1807F05D0FFE70198B0F1BF
:108DA000007F1AD1FFE705980068002809D0FFE787
:108DB00005984068002804D0FFE700208DF81F00C8
:108DC0001FE005980068002806D1FFE70698416A71
:108DD00041F080614162FFE7FFE79DF81300C007A3
:108DE00000280AD0FFE7029800F00300032804D10E
:108DF000FFE700208DF81F0003E001208DF81F0021
:108E0000FFE79DF81F0008B0704700000000000059
:108E100082B00190009100980199486102B07047BA
:108E200082B00190009100980199486102B07047AA
:108E300084B013468C4603908DF80B108DF80A20F1
:108E40000398002801D0FFE70BE04EF2B670C8F29D
:108E500001004EF60401C8F2010140F2CE7204F0A6
:108E60002BF9002001909DF80B00013801460328E2
:108E7000009100F2B7800099DFE801F00209306943
:108E8000039800780190039801300390B6E09DF8B4
:108E90000A00C007002810D1FFE70398007801906E
:108EA00003980130039003980078019941EA00206B
:108EB00001900398013003900FE0039800780002BE
:108EC00001900398013003900398007801990843BA
:108ED0000190039801300390FFE78FE09DF80A00AE
:108EE000C007002819D1FFE7039800780190039884
:108EF0000130039003980078019941EA0020019025
:108F000003980130039003980078019941EA0040EA
:108F1000019003980130039018E003980078000452
:108F2000019003980130039003980078019941EA79
:108F30000020019003980130039003980078019974
:108F400008430190039801300390FFE756E09DF835
:108F50000A00C007002822D1FFE70398007801909B
:108F600003980130039003980078019941EA0020AA
:108F7000019003980130039003980078019941EA29
:108F80000040019003980130039003980078019904
:108F900041EA0060019003980130039021E00398BA
:108FA0000078000601900398013003900398007840
:108FB000019941EA00400190039801300390039821
:108FC0000078019941EA0020019003980130039054
:108FD00003980078019908430190039801300390A9
:108FE000FFE70BE04EF28D40C8F201004EF604019F
:108FF000C8F2010140F61A0204F05EF8019804B0CC
:10900000704700000000000080B584B0039002911A
:10901000039800F0F5F800280DD0FFE74BF224602C
:10902000C2F2020000680399029A019008461146B4
:10903000019A90470CE04BF22860C2F202000068EF
:109040000399029A009008461146009A9047FFE75C
:10905000BFF34F8F04B080BD82B0019000910098A3
:1090600001998A6922EA0000886102B07047000015
:1090700082B00A4601908DF803109DF80300C007E6
:10908000002806D0FFE70198016941F00101016164
:1090900005E00198016921F001010161FFE702B0DB
:1090A000704700000000000082B00A4601908DF871
:1090B00003109DF80300C007002806D0FFE70198C1
:1090C000016941F00101016105E00198016921F0A8
:1090D00001010161FFE702B07047000000000000DD
:1090E00082B013468C4601908DF803108DF8022053
:1090F0009DF8030000F0010000029DF8021001F04D
:10910000010140EA412001990A691043086102B057
:10911000704700000000000082B013468C460190AA
:109120008DF803108DF802209DF8030000F0010077
:1091300000029DF8021001F0010140EA412001996E
:109140000A691043086102B0704700000000000087
:1091500082B0019000208DF80300FFE79DF8030026
:10916000042814D8FFE79DF803004DF61871C8F2E3
:10917000010151F820000199884201D1FFE706E082
:10918000FFE79DF8030001308DF80300E6E79DF846
:109190000300042801D8FFE70AE04EF21F70C8F26E
:1091A00001004EF60401C8F20101A62203F084FF7B
:1091B0009DF8030002B0704781B000900098C06D28
:1091C000C0F3044001B0704781B00090009840683F
:1091D00080B2000A012101FA00F0C0B201B070476C
:1091E00081B000900098406901B070470000000015
:1091F00081B000900098C06D00F01F0001B0704772
:1092000081B000900098406A00F0010001B0704702
:1092100080B582B001900198002801D0FFE70BE0F3
:109220004EF2DE70C8F201004EF60401C8F20101F0
:1092300040F2031203F040FF019800211C2200912C
:10924000F9F737FC01994AF22012C0F207020A60CE
:10925000019908224A600199009A0A7201994A729A
:1092600001998A7201990B684CF6002CC3F69A3C5E
:10927000BCFBF3F35B00CB6001990B68BCFBF3F321
:109280005B000B6101990B68BCFBF3F35B004B6166
:1092900001990A7601994A7601998A760199CA76E6
:1092A00002B080BD0000000080B58CB00B900A9128
:1092B00009920A98002801D0FFE70AE04EF2DE701A
:1092C000C8F201004EF60401C8F20101C42203F005
:1092D000F3FE002008900B9906900846FFF738FF30
:1092E000079007984DF62C71C8F2010131F9100072
:1092F000FBF772F80B980121059100F059FD0B98CE
:109300000A990A7E497E04911146049A00F060FD94
:109310000B98406A4FF6F771CFF6FF0108400A99A3
:109320008A7EC97E01F0010140EA816002F00301FA
:1093300040EA01600B9948620B980A990968099AFA
:1093400008AB00F051F80B99039008460699069A6D
:1093500000F01EFD0A98017A427A4FF0804303EA3A
:10936000827242EAC171827A02F0010241EAC2517C
:109370004268013A6FF31F321144089A02F0070263
:1093800041EAC261007E00F0030041EA00600B99EF
:1093900008660B980599FFF787FE0B980A99C9682C
:1093A000099B059A00F0E8F80B990A9A1269099B43
:1093B0004FF0020C029008461146624600F0DCF8BD
:1093C0000B990A9A5269099B4FF0030C01900846C9
:1093D0001146624600F0D0F80B99009008460699B5
:1093E00000F0BEFC0CB080BD80B58EB00C900B912F
:1093F0000A9209930998002801D0FFE70BE04EF28A
:10940000C570C8F201004EF60401C8F2010140F235
:10941000B11203F051FE0C98FFF7F2FE002806D0BF
:10942000FFE70C980069C007002803D0FFE7002081
:109430000D905DE00B9800904FF0FF3001900720F9
:109440000790FF200590002003900890FFE7089800
:10945000072840D8FFE70198002801D1FFE73AE04C
:1094600000200690FFE70698FF282FD8FFE7019815
:10947000002801D1FFE729E00A9808994DF6B1626A
:10948000C8F20102515C069A02325143B0FBF1F07E
:10949000049000980499884213D3FFE70098049938
:1094A000401A029001980299884209D9FFE7029870
:1094B0000190089807900698059004980390FFE79C
:1094C000FFE7FFE7069801300690CCE7FFE7089832
:1094D00001300890BBE70C98006C059961F3070018
:1094E0000C99086407980999086003980D90FFE7A4
:1094F0000D980EB080BD000084B013460390029119
:109500008DF807209DF8070001460128009108D03A
:10951000FFE7009802280CD0FFE70098032812D03C
:1095200019E00398006C029961F3174003990864ED
:109530001DE00398006C20F07F40029940EA016032
:109540000399086413E00398006C029961F30F20FB
:10955000039908640BE04EF28D40C8F201004EF60C
:109560000401C8F201014FF4117203F0A5FD04B02B
:10957000704700000000000070B59AB09446189043
:1095800017918DF85B201593002008901598189975
:10959000096EC1F3C2614DF6B162C8F20102515CBD
:1095A000B0FBF1F009904FF0FF300C90FF200E90CF
:1095B0009DF85B00032836D1FFE700200B904CF6A6
:1095C0000021C3F69A310A910A9A0B9B5B0043EA89
:1095D000D27352000A920B93099A0A9BDDF82CC0B1
:1095E0000790184606916146079BF9F7DFF90B9142
:1095F0000A900798119006991091109A119B40F2C9
:10960000011CA2FB0C2C03EB032363441092119367
:10961000099A10981199079BF9F7C8F911911090C0
:10962000012008902AE000200B904CF60021C3F6A0
:109630009A310A91099A0A9BDDF82CC005901846C8
:1096400004916146059BF9F7B1F90B910A900598D1
:10965000119004991091109A119B1B0243EA126316
:10966000120210921193099A10981199059BF9F71B
:109670009DF91191109005980890FFE70A980B99B1
:10968000179A801A71F1000109D3FFE718989DF825
:109690005B200021FFF730FF0A98199061E000205D
:1096A0000F90FFE70F98FF2852D8FFE70C9800288B
:1096B00001D1FFE74CE0002013904CF60021C3F6E7
:1096C0009A3112910F99089A8B184FF0010CBCF146
:1096D000010C514140F1000203F10103DDF848E0C3
:1096E000139CAEFB03560EFB026204FB0322129591
:1096F0001392099A129BDDF84CE0039018460291F0
:109700007146039BCDF804C0F9F750F913911290FC
:1097100012981399179A801A71F1000113D3FFE779
:1097200012981799401A0D900C980D99884209D9F2
:10973000FFE70D980C900F980E90129813991191C5
:109740001090FFE7FFE7FFE70F9801300F90A9E7C0
:1097500018980E999DF85B20FFF7CEFE109819908F
:10976000FFE719981AB070BD80B598B016901591A2
:109770001598002801D0FFE70BE04EF2F370C8F215
:1097800001004EF60401C8F2010140F2533203F029
:1097900093FC1698FFF724FDC001002804D5FFE7CD
:1097A0004FF4C8701790EBE1169800210691FFF76F
:1097B0007BFC16981599069AFFF77AFA002803D1D0
:1097C000FFE704201790DBE1169801210591059A27
:1097D000FFF7A2FC169843F60371C0F20011FFF7E1
:1097E0001FFB00208DF853001599C968C1F3805103
:1097F0008DF85210159909681391159949681291BD
:10980000169904900846FFF7A3FC43F67471C2F260
:109810000201085C8DF8470004981090159989683A
:109820000F91159989680E919DF8471041EA012220
:1098300042EA014242EA01610D911698FFF7C4FC29
:109840000C901698006E40F6F8710840059901EBEF
:10985000D0000B901598049A807BC00600280392D4
:1098600009D5FFE70B98159989680022884238BF0F
:1098700001220392FFE7039800F001008DF82B000E
:109880000B98032803D8FFE70B98029002E004200E
:109890000290FFE702980C99484309901598007BC5
:1098A000000908901698406A00F0407007900798E9
:1098B000B0F1807F05D0FFE70798B0F1007F08D1B5
:1098C000FFE71398002804D1FFE701208DF853002B
:1098D000FFE71698416A21F00801416216980121BC
:1098E000FFF7E2FB1698006E20F04F70089901F028
:1098F000030140EA016016990866169800F088FA9C
:10990000002804D1FFE74FF4CA70179038E19DF8A2
:109910002B0000F00100410541EA00501299B1FA14
:1099200081F1490940EAC14016990A6E1043086660
:10993000169800F06DFA002804D1FFE74FF4CA70C2
:1099400017901DE10B98042807D8FFE70B988DF8B6
:1099500051000B988DF8500005E004208DF851005F
:109960008DF85000FFE7FFE70F98002800F0AA806D
:10997000FFE70F989DF85110884204D2FFE70F9837
:109980008DF85100FFE7FFE71698FFF731FC0C99BF
:10999000884201D1FFE7F7E71298002807D0FFE7D8
:1099A0000E980F99401A0999884240D2FFE79DF816
:1099B0005300C00700281BD0FFE71698016E41F442
:1099C000802101669DF82B00C00700280BD0FFE71F
:1099D0000F980B99884206D1FFE71698016E21F483
:1099E00050110166FFE70B980F99081A0F901DE0C0
:1099F0001398002810D0FFE713989DF851109DF898
:109A0000522002F00102FFF713FA0D909DF8510069
:109A1000139908441390FFE716980D9900F008FA7F
:109A20009DF851000F99081A0F90FFE7FFE7129871
:109A3000002846D0FFE70E98002842D0FFE7FFE756
:109A40009DF853000021C0070028019108D0FFE7CE
:109A50001698FFF7B1FBB0FA80F040090190FFE7DC
:109A60000198C007002801D0FFE7E9E7FFE7169853
:109A7000FFF7A2FB002823D0FFE7169800F084F838
:109A800010900E989DF85010884204D2FFE70E986F
:109A90008DF85000FFE7129810999DF850209DF81E
:109AA000523003F0010300F08BF89DF8500012993A
:109AB000084412909DF850000E99081A0E90D6E7AF
:109AC000FFE751E79DF82B00C007002816D0FFE7FD
:109AD0009DF85300C007002810D1FFE7FFE7169854
:109AE000FFF786FB0C99884201D1FFE7F7E716984C
:109AF000006E20F4401016990866FFE712980028BF
:109B000031D0FFE7FFE70E9800282BD0FFE7FFE7F3
:109B10001698FFF751FB002823D0FFE7169800F0B6
:109B200033F810900E989DF85010884204D2FFE749
:109B30000E988DF85000FFE7129810999DF850206C
:109B40009DF8523003F0010300F03AF89DF8500000
:109B50001299084412909DF850000E99081A0E9020
:109B6000D6E7D0E709E0FFE71698FFF739FB400595
:109B7000002801D4FFE7F7E7FFE700201790FFE791
:109B8000179818B080BD000081B000900098406F19
:109B900001B070470000000081B00090009801699A
:109BA00041F0020101610098016941F440710161D5
:109BB00000980021016101B0704700000000000022
:109BC00080B584B09C469646039002918DF807209C
:109BD0008DF806300398002801D0FFE70BE04EF225
:109BE000A770C8F201004EF60401C8F2010140F668
:109BF000220203F061FA9DF80700013801460328AC
:109C0000009100F29F800099DFE801F002092C5DCD
:109C10000298039908700398013003909EE09DF824
:109C20000600C00700280ED1FFE7029803990870CC
:109C30000398013003900298000A03990870039872
:109C4000013003900DE00298000A03990870039810
:109C50000130039002980399087003980130039033
:109C6000FFE77BE09DF80600C007002815D1FFE75D
:109C70000298039908700398013003900298000A33
:109C800003990870039801300390BDF80A00039906
:109C9000087003980130039014E0BDF80A0003999E
:109CA00008700398013003900298000A0399087025
:109CB00003980130039002980399087003980130CB
:109CC0000390FFE74AE09DF80600C00700281CD17A
:109CD000FFE70298039908700398013003900298F7
:109CE000000A03990870039801300390BDF80A0038
:109CF000039908700398013003909DF80B000399B5
:109D000008700398013003901BE09DF80B00039945
:109D10000870039801300390BDF80A000399087099
:109D20000398013003900298000A03990870039881
:109D30000130039002980399087003980130039052
:109D4000FFE70BE04EF28D40C8F201004EF6040131
:109D5000C8F2010140F66B0203F0AEF904B080BD19
:109D600080B584B00A4603908DF80B1003980092DA
:109D7000FFF7EEF901909DF80B00019943F674721C
:109D8000C2F20202505404B080BD00000000000086
:109D900083B0029001910092019800F00F000099A9
:109DA00001F00F0140EA01400299886503B0704755
:109DB00082B00A4601908DF803100198406A9DF820
:109DC000031061F300000199486202B0704700007F
:109DD00083B013468C4602908DF807108DF806204C
:109DE000002000900298406A9DF807100831012277
:109DF00002FA01F18843009000989DF806109DF842
:109E000007200832914008430299486203B0704726
:109E100080B582B00190FFE70198FFF7E9F90006ED
:109E2000002801D0FFE7F7E7012002B080BD000065
:109E300082B00190009100980199486602B0704785
:109E400080B582B040F24810C2F2000000684BF2C8
:109E50002C61C2F20201496844F20002C4F2180205
:109E600001901046019A9047BFF34F8F02B080BD1A
:109E700080B544F20000C4F2180000F0BDFA800280
:109E8000002801D5FFE7FFE744F20000C4F2180004
:109E90004FF4002100F044F980BD000000000000F4
:109EA00080B582B040F24810C2F2000000684BF268
:109EB0002C61C2F20201896848F20002C4F2180261
:109EC00001901046019A9047BFF34F8F02B080BDBA
:109ED00080B548F20000C4F2180000F08DFA80024C
:109EE000002801D5FFE7FFE748F20000C4F21800A0
:109EF0004FF4002100F014F980BD000000000000C4
:109F000080B582B040F24810C2F2000000684BF207
:109F10002C61C2F20201C9684CF20002C4F21802BC
:109F200001901046019A9047BFF34F8F02B080BD59
:109F300080B54CF20000C4F2180000F05DFA800217
:109F4000002801D5FFE7FFE74CF20000C4F218003B
:109F50004FF4002100F0E4F880BD00000000000094
:109F600080B582B040F24810C2F2000000684BF2A7
:109F70002C61C2F2020109690022C4F219020190A7
:109F80001046019A9047BFF34F8F02B080BD00008A
:109F900080B50020C4F2190000F02EFA80020028DB
:109FA00003D5FFE709F048F8FFE70020C4F21900E5
:109FB0004FF4002100F0B4F880BD00000000000064
:109FC00080B582B040F24810C2F2000000684BF247
:109FD0002C61C2F20201496944F20002C4F2190282
:109FE00001901046019A9047BFF34F8F02B080BD99
:109FF00080B544F20000C4F2190000F0FDF98002BF
:10A00000002807D5FFE740F25400C2F200000068C4
:10A010008047FFE744F20000C4F219004FF400212A
:10A0200000F07EF880BD000080B582B040F248109C
:10A03000C2F2000000684BF22C61C2F20201896991
:10A0400048F20002C4F2190201901046019A9047AA
:10A05000BFF34F8F02B080BD80B548F20000C4F25C
:10A06000190000F0C9F98002002801D5FFE7FFE7D9
:10A0700048F20000C4F219004FF4002100F050F83B
:10A0800080BD00000000000080B582B040F24810A2
:10A09000C2F2000000684BF22C61C2F20201C969F1
:10A0A0004CF20002C4F2190201901046019A904746
:10A0B000BFF34F8F02B080BD80B582B040F2481030
:10A0C000C2F2000000684BF22C61C2F20201096A80
:10A0D0000022C4F21A0201901046019A9047BFF381
:10A0E0004F8F02B080BD000080B50020C4F21A007E
:10A0F00000F082F98002002807D5FFE740F2F01057
:10A10000C2F2000000688047FFE70020C4F21A0096
:10A110004FF4002100F004F880BD000000000000B2
:10A1200080B586B00590049104984CF20301CCF2FE
:10A130001F01084004909DF810008007002812D0ED
:10A14000FFE70598806A0390039820F4703003902D
:10A15000049800F00300039941EA0040039003983B
:10A1600005998862FFE70598406900F078500499E6
:10A170000843039003980599486104980599019054
:10A18000084600F039F90199014204D0FFE740F296
:10A190001A50029002E000200290FFE7029806B0F9
:10A1A00080BD00000000000080B584B00390FFE790
:10A1B0000398C06A10F4E06F01D0FFE7F8E7FFE70B
:10A1C000039840694002002801D4FFE7F8E7002027
:10A1D000C4F21F000290029840F0004002900298E2
:10A1E00040F440400290029803994A691043486144
:10A1F000039800218161039800F0CEF80190019846
:10A200004DF65C71C8F2010131F91000FAF774F8EB
:10A2100004B080BD0000000083B00290019101985D
:10A220004CF2C031C0F6F07108400190029800690C
:10A23000009001986FF4004161EA00200099084005
:10A240000090019820F08000019001986FF4804107
:10A2500061EA0020009908400090019820F0400039
:10A2600001900098029908610298806A01994FF65E
:10A27000FF42CFF6FC7262EA0101084020F4403050
:10A2800002998862019820F4407001900198029927
:10A290008A6922EA0000886103B07047000000006C
:10A2A00083B00290019101984CF2C031C0F6F07178
:10A2B00008400190029800690090019800F0800029
:10A2C000009941EA00200090019820F08000019060
:10A2D000019800F04000009941EA002000900198A8
:10A2E00020F0400001900098029908610298806A6D
:10A2F00020F44030019901F44071084302998862CA
:10A30000019820F440700190019802998A691043E5
:10A31000886103B07047000080B582B00190019859
:10A32000002801D0FFE70BE04EF2F640C8F2010032
:10A330004EF65D01C8F2010140F2062202F0BCFEB9
:10A340000198002114220091F8F7B3FB01994FF412
:10A35000E1320A600199009A0A7101994A710199E2
:10A360008A710199CA7101990A7201994A72019917
:10A370008A720199CA7201994A7301990A73019903
:10A380008A730199CA7301990A7401994A7402B0D7
:10A3900080BD00000000000082B00190002000900D
:10A3A000FFE70098082811D8FFE700984DF63871AC
:10A3B000C8F2010151F820000199884201D1FFE75C
:10A3C00004E0FFE7009801300090EAE700980828D1
:10A3D00001D8FFE70AE04EF62B00C8F201004EF666
:10A3E0005D01C8F201017B2202F066FE009802B016
:10A3F000704700000000000082B0019001984069A1
:10A4000000900198806A00F44300009941EA1040EE
:10A41000009000984CF2C301CCF2FF11084000906C
:10A42000009802B07047000080B58CB00B900A9184
:10A4300009920A98002801D0FFE70AE04EF2F640A0
:10A44000C8F201004EF65D01C8F20101F22202F0ED
:10A4500033FE0A980068002801D0FFE70AE04EF6B4
:10A460001310C8F201004EF65D01C8F20101F3229B
:10A4700002F022FE0A98007A032801DCFFE70AE0D6
:10A480004EF6CC00C8F201004EF65D01C8F20101A3
:10A49000F52202F011FE0A98407A032801DCFFE75A
:10A4A0000AE04EF68500C8F201004EF65D01C8F2E2
:10A4B0000101F62202F000FE002008900A990968C6
:10A4C00002918DF81700ADF81A0004208DF81600DF
:10A4D000FFE79DF81600202852D8FFE7099800EB07
:10A4E000800040000A9909689DF816205143B0FB8E
:10A4F000F1F005304CF6CD41CCF6CC41A0FB01018A
:10A50000C908ADF81810BDF81810002904D1FFE7EC
:10A510000120ADF81800FFE709989DF81610BDF866
:10A5200018205143B0FBF1F0039003980A99096891
:10A53000884206D9FFE703980A990968401A0090F3
:10A5400005E00A9800680399401A0090FFE7009818
:10A5500004900498029988420BD8FFE7049802906F
:10A560009DF816008DF81700BDF81800ADF81A0018
:10A57000FFE7FFE79DF8160001308DF81600A8E709
:10A5800002980A99096848F21F52C5F2EB12A1FB22
:10A590000212520902EB4202904204D9FFE740F254
:10A5A00021500890FBE00B98FFF7F6FE0190019810
:10A5B0004DF65C71C8F2010131F91000F9F71CFF8A
:10A5C0000B9800F035F90B98006907909DF817007B
:10A5D00004280AD3FFE79DF81700072805D8FFE7EE
:10A5E000079840F400300790FFE7079820F0F850F4
:10A5F00007909DF817004FF07F4101EB006000F0DD
:10A60000F850079908430790079841F6FF7188436F
:10A6100007900798BDF81A106FF35F3108430B9944
:10A6200008610B98016921F0005101610B98806964
:10A6300040F21771884307900A980179827BC07BAA
:10A6400000F0070041EA002002F0010140EA810029
:10A650000799084307900A984079012810D1FFE72D
:10A660000A980079002805D0FFE7079820F40060D9
:10A67000079004E0079840F400600790FFE70AE0C5
:10A680000A980079002805D0FFE7079840F01000ED
:10A690000790FFE7FFE707980B9988610B9800691F
:10A6A00020F40050079007980A99C97901F0010138
:10A6B00040EA41300B9908610A98017A407A41EAF0
:10A6C00000400B99C8620B98816A41F08801816251
:10A6D0000B98816A41F4404181620020C4F21F005E
:10A6E0000790079840F000400790079840F44040DA
:10A6F00007900A98017B407B202202EA411160F317
:10A7000004110B98426A114341620A98807AC0078B
:10A71000002806D0FFE70B98416A41F0080141622A
:10A72000FFE70A98C07AC007002806D0FFE70B9819
:10A73000416A41F001014162FFE70A988079C00750
:10A74000002805D0FFE7079840F00050079004E08C
:10A75000079820F000500790FFE707980B994A6987
:10A76000104348610B98806907900A98007CC007E5
:10A77000002805D0FFE7079840F400200790FFE786
:10A780000A98407CC007002805D0FFE7079840F4EE
:10A7900080200790FFE707980B998861FFE70898EA
:10A7A0000CB080BD0000000085B004900498806962
:10A7B000039001209DF80D1009070029019019D47C
:10A7C000FFE700209DF80D100907002900900ED426
:10A7D000FFE700209DF80C10C9060029009006D460
:10A7E000FFE79DF80C00C0F340000090FFE70098E1
:10A7F0000190FFE7019800F001008DF80A009DF834
:10A800000A00C007002807D0FFE70498C06900F0DD
:10A810007F008DF80B0004E00498C0698DF80B00F0
:10A82000FFE79DF80B0005B0704700000000000036
:10A8300081B000900098816841F002018160009829
:10A84000816821F00201816001B0704700000000C2
:10A8500086B00590049103920498002801D0FFE788
:10A860000BE04EF65000C8F201004EF65D01C8F252
:10A87000010140F2963202F01FFC04980290039806
:10A880000190FFE70198002813D0FFE7FFE7059844
:10A8900040690002002801D4FFE7F8E70298007839
:10A8A0000599C86102980130029001980138019021
:10A8B000E8E7FFE7059840694002002801D4FFE778
:10A8C000F8E7002006B0704782B00A4601908DF884
:10A8D00003109DF803000199C86102B070470000A1
:10A8E000FFE7FEE70000000083B00B4602908DF802
:10A8F00007100092009802999DF8072001EB0211C1
:10A90000C1F80C0103B0704782B00A4601908DF87F
:10A91000031001989DF8031000EB0110D0F80C0112
:10A9200000F0010002B0704780B582B044F2000030
:10A93000C4F208000021FFF7E7FF002809D0FFE775
:10A9400044F20000C4F2080000210122FFF7CCFF0E
:10A95000FFE744F20000C4F208000121FFF7D4FF32
:10A9600000280AD0FFE744F20000C4F208000121E9
:10A970000191019AFFF7B8FFFFE744F20000C4F22B
:10A9800008000221FFF7C0FF002809D0FFE744F2CA
:10A990000000C4F2080002210122FFF7A5FFFFE733
:10A9A00044F20000C4F208000321FFF7ADFF0028C5
:10A9B00009D0FFE744F20000C4F20800032101229D
:10A9C000FFF792FFFFE7BFF34F8F02B080BD00009B
:10A9D00080B584B00A4603908DF80B109DF80B00EB
:10A9E0000830012101FA00F00399B1F8883123EA17
:10A9F0000000A1F888010398019200F04DF84DF68F
:10AA00008471C8F2010101EBC0009DF80B1030F910
:10AA10001100F9F781FC04B080BD000000000000C7
:10AA200081B00146ADF80200BDF80200404280B29C
:10AA300001B070470000000080B582B0019001981D
:10AA4000002801D0FFE70AE04EF2FE40C8F2010004
:10AA50004EF66811C8F20101DE2202F02DFB0198CA
:10AA600000210A220091F8F724F80199009A0A704F
:10AA700001994A700199CA710199CA7001990A71C4
:10AA800001998A7001994A7201990A7201998A7131
:10AA900001994A7102B080BD82B0019000200090FF
:10AAA000FFE70098042811D8FFE700984DF6707171
:10AAB000C8F2010151F820000199884201D1FFE755
:10AAC00004E0FFE7009801300090EAE700980428CE
:10AAD00001D8FFE70AE04EF62D10C8F201004EF64D
:10AAE0006811C8F201014B2202F0E6FA009802B0A8
:10AAF000704700000000000080B588B00B4606904B
:10AB00008DF8171004920498002801D0FFE70AE09E
:10AB10004EF2FE40C8F201004EF66811C8F2010183
:10AB20005D2202F0C9FA0498C078022808D1FFE734
:10AB30009DF81700002803D1FFE70120079018E1D6
:10AB40000498C079012808D1FFE79DF81700002874
:10AB500003D1FFE7012007900BE10698FFF79CFF68
:10AB60004DF68471C8F2010101EBC0009DF8171089
:10AB700030F91100F9F750FC0698B0F88E1141F049
:10AB80000F01A0F88E1106989DF8171001EB4101F6
:10AB900000EB41108088ADF80E00BDF80E0000F407
:10ABA000E650ADF80E00049801784278837890F86A
:10ABB00003C00CF0030C90F809E00EF0070E4CEA0D
:10ABC000CE0C03F003034CEA032343EAC13102F045
:10ABD000010241EA8231C07900F0010041EA8000BF
:10ABE000BDF80E100843ADF80E00049840790146F8
:10ABF0000028029108D0FFE7029801280BD0FFE758
:10AC00000298022815D021E0BDF80E0040F4005053
:10AC1000ADF80E0025E09DF817000C30012101FA77
:10AC200000F00699B1F8882122EA0000A1F8880115
:10AC300017E09DF817000C30012101FA00F0069989
:10AC4000B1F888211043A1F888010AE04EF28D4046
:10AC5000C8F201004EF66811C8F201018D2202F01F
:10AC60002BFABDF80E0006999DF8172002EB420260
:10AC700001EB4211888006989DF8171001EB410105
:10AC800000EB4110C088ADF80E00BDF80E0040F694
:10AC90008B710840ADF80E0004980179007A00032A
:10ACA00061F30610BDF80E100843ADF80E000498CD
:10ACB000807901460328019132D80199DFE801F03B
:10ACC00002091623BDF80E0040F00400ADF80E0096
:10ACD00031E0BDF80E0040F40060ADF80E00BDF8A4
:10ACE0000E0020F48060ADF80E0024E0BDF80E00E8
:10ACF00020F40060ADF80E00BDF80E0040F4806056
:10AD0000ADF80E0017E0BDF80E0040F40060ADF89D
:10AD10000E00BDF80E0040F48060ADF80E000AE0B1
:10AD20004EF28D40C8F201004EF66811C8F20101E2
:10AD3000AB2202F0C1F9BDF80E0006999DF817206C
:10AD400002EB420201EB4211C8800498407A0028CD
:10AD50000CD1FFE706989DF8171001EB410100EBBD
:10AD60004110818841F040018180FFE70020079079
:10AD7000FFE7079808B080BD82B013468C4601906B
:10AD80008DF803108DF802209DF80200C0070028FE
:10AD90000BD0FFE79DF8030000F00F000199B1F818
:10ADA00088211043A1F888010AE09DF80300000102
:10ADB000C0B20199B1F888211043A1F88801FFE7DA
:10ADC00002B070470000000070B58CB0DDF848C0DC
:10ADD000DDF844E0109C1D460E460A908DF82710C1
:10ADE00008928DF81F308DF81E400898002801D079
:10ADF000FFE70BE04EF69810C8F201004EF668111E
:10AE0000C8F201014FF48B7202F056F91198002834
:10AE100001D0FFE70BE04EF6AF10C8F201004EF68E
:10AE20006811C8F2010140F2171202F045F99DF8CD
:10AE30001F00002801D0FFE70BE04EF68D10C8F28E
:10AE400001004EF66811C8F201014FF48C7202F055
:10AE500033F91298002801D0FFE70BE04EF6A3105B
:10AE6000C8F201004EF66811C8F2010140F2191251
:10AE700002F022F90020ADF81600ADF81400ADF88C
:10AE800012008DF810008DF80F009DF81F000328A8
:10AE900003D3FFE701200B909DE212980A999DF8D9
:10AEA000272002EB420201EB4211C988C1F30211D3
:10AEB000C840069006981199B0FBF1F0ADF8160065
:10AEC00000208DF81100FFE79DF811009DF81F107C
:10AED000884280F27D82FFE7BDF816000899497824
:10AEE000484348F21F51C5F2EB11A0FB010149098B
:10AEF000ADF814109DF81E100A460329029200F2C4
:10AF00008B810299DFE811F004006700CC00350165
:10AF10009DF81100002826D1FFE7BDF81600400873
:10AF2000ADF81200BDF81200FFF77AFD0A999DF8FE
:10AF3000272002EB420201EB421148800A989DF85B
:10AF4000271001EB410100EB411000214181BDF8C8
:10AF5000120001380A999DF8272002EB420201EB0A
:10AF60004211C881FFE708980078012819D1FFE74E
:10AF7000BDF814004008FFF753FD0A999DF82720FB
:10AF800002EB420201EB42114882BDF81400400876
:10AF90000A999DF8272002EB420201EB4211C88278
:10AFA00018E0BDF814004008FFF73AFD0A999DF833
:10AFB000272002EB420201EB42114883BDF8140046
:10AFC00040080A999DF8272002EB420201EB42114A
:10AFD000C883FFE72CE19DF81100002820D1FFE78E
:10AFE0000A989DF8271001EB410100EB4110002168
:10AFF0004180BDF8160040080A999DF8272002EB11
:10B00000420201EB42114881BDF8160001380A994D
:10B010009DF8272002EB420201EB4211C881FFE7B5
:10B020000898007801281DD1FFE7BDF81600BDF88B
:10B030001410401A40080A999DF8272002EB42029A
:10B0400001EB42114882BDF81600BDF81410084407
:10B0500040080A999DF8272002EB420201EB4211B9
:10B06000C8821CE0BDF81600BDF81410401A400854
:10B070000A999DF8272002EB420201EB4211488316
:10B08000BDF81600BDF81410084440080A999DF850
:10B09000272002EB420201EB4211C883FFE7C7E021
:10B0A0009DF81100002826D1FFE7BDF816004008E2
:10B0B000ADF81200BDF81200FFF7B2FC0A999DF836
:10B0C000272002EB420201EB421148800A989DF8CA
:10B0D000271001EB410100EB411000214181BDF837
:10B0E000120001380A999DF8272002EB420201EB79
:10B0F0004211C881FFE70898007801281CD1FFE7BA
:10B10000BDF81200FFF78CFC0A999DF8272002EB8E
:10B11000420201EB42114882BDF81200FFF780FCA9
:10B12000BDF8141008440A999DF8272002EB42024A
:10B1300001EB4211C8821BE0BDF81200FFF770FC62
:10B140000A999DF8272002EB420201EB4211488345
:10B15000BDF81200FFF764FCBDF8141008440A990A
:10B160009DF8272002EB420201EB4211C883FFE762
:10B170005EE09DF81100002820D1FFE70A989DF8B5
:10B18000271001EB410100EB411000214180BDF887
:10B19000160040080A999DF8272002EB420201EBB5
:10B1A00042114881BDF8160001380A999DF8272000
:10B1B00002EB420201EB4211C881FFE708980078D8
:10B1C000012814D1FFE70A989DF8271001EB4101EF
:10B1D00000EB411000214182BDF814000A999DF84E
:10B1E000272002EB420201EB4211C88213E00A98C9
:10B1F0009DF8271001EB410100EB41100021418334
:10B20000BDF814000A999DF8272002EB420201EBD9
:10B210004211C883FFE70BE04EF28D40C8F20100F7
:10B220004EF66811C8F201014FF4CD7201F044FFEF
:10B2300008980078012811D1FFE70A208DF8100046
:10B2400008208DF80F00089880880A999DF827201B
:10B2500002EB420201EB4211088610E009208DF852
:10B26000100004208DF80F00089880880A999DF836
:10B27000272002EB420201EB42114886FFE70898C3
:10B28000007801460028019123D0FFE701980128AA
:10B2900004D0FFE70198022836D04FE00A989DF8C5
:10B2A000271001EB410100EB4110418C21F03001EE
:10B2B00041840898807900F003000A999DF82720BE
:10B2C00002EB420201EB42114A8C42EA0010488430
:10B2D00040E00A989DF8271001EB410100EB411076
:10B2E000418C21F00C0141840898807900F0030022
:10B2F0000A999DF8272002EB420201EB42114A8C89
:10B3000042EA8000488425E00A989DF8271001EB66
:10B31000410100EB4110418C21F003014184089868
:10B32000807900F003000A999DF8272002EB420281
:10B3300001EB42114A8C104348840BE04EF28D40E1
:10B34000C8F201004EF66811C8F201014FF4E07234
:10B3500001F0B2FE08988078002811D1FFE79DF82F
:10B360001000012101FA00F00A999DF8272002EB54
:10B37000420201EB42114A8C22EA000048840FE0AD
:10B380009DF81000012101FA00F00A999DF827208C
:10B3900002EB420201EB42114A8C10434884FFE762
:10B3A0009DF80F009DF827100844012101FA00F0D4
:10B3B0000A99B1F880211043A1F88001089808305B
:10B3C0000890FFE79DF8110001308DF811007BE532
:10B3D00000200B90FFE70B980CB070BD0000000040
:10B3E00082B00A4601908DF803109DF8030000F02A
:10B3F0000F000199B1F8883143EA0020A1F88801D3
:10B4000002B0704700000000B0B586B0DDF828C07B
:10B410009E4614460D4605908DF813108DF81220A7
:10B420008DF81130ADF80EC09DF81200012801D83A
:10B43000FFE70BE04EF64F10C8F201004EF6681120
:10B44000C8F2010140F2052201F036FE0020ADF8FD
:10B450000C00ADF80A00ADF808009DF81100014697
:10B460000328019100F259810199DFE811F00400ED
:10B470005A00B3000F0105989DF8131001EB41012C
:10B4800000EB4110C0890130ADF80800BDF808009C
:10B490004000ADF80C00BDF80C00BDF80E1048439C
:10B4A00048F20101C8F20001A0FB0101C90BADF88F
:10B4B0000A109DF81210012919D1FFE7BDF80A0002
:10B4C0004008FFF7ADFA05999DF8132002EB420200
:10B4D00001EB42114882BDF80A00400805999DF829
:10B4E000132002EB420201EB4211C88218E0BDF8C2
:10B4F0000A004008FFF794FA05999DF8132002EB23
:10B50000420201EB42114883BDF80A004008059948
:10B510009DF8132002EB420201EB4211C883FFE7C2
:10B5200007E105989DF8131001EB410100EB411074
:10B53000C0890130ADF80C00BDF80C00BDF80E104C
:10B54000484348F20101C8F20001A0FB0101C90B08
:10B55000ADF80A109DF8121001291DD1FFE7BDF8C2
:10B560000C00BDF80A10401A400805999DF81320F8
:10B5700002EB420201EB42114882BDF80C00BDF81B
:10B580000A100844400805999DF8132002EB420276
:10B5900001EB4211C8821CE0BDF80C00BDF80A1096
:10B5A000401A400805999DF8132002EB420201EB76
:10B5B00042114883BDF80C00BDF80A100844400849
:10B5C00005999DF8132002EB420201EB4211C8835A
:10B5D000FFE7AEE005989DF8131001EB410100EB89
:10B5E0004110C0890130ADF80800BDF808004000E6
:10B5F000ADF80C00BDF80C00BDF80E10484348F241
:10B600000101C8F20001A0FB0101C90BADF80A104D
:10B610009DF8121001291CD1FFE7BDF80800FFF7C3
:10B62000FFF905999DF8132002EB420201EB42114C
:10B630004882BDF80800FFF7F3F9BDF80A10084486
:10B6400005999DF8132002EB420201EB4211C882DA
:10B650001BE0BDF80800FFF7E3F905999DF81320FA
:10B6600002EB420201EB42114883BDF80800FFF7EC
:10B67000D7F9BDF80A10084405999DF8132002EB8C
:10B68000420201EB4211C883FFE752E005989DF8A2
:10B69000131001EB410100EB4110C0890130ADF8FE
:10B6A0000C00BDF80C00BDF80E10484348F2010133
:10B6B000C8F20001A0FB0101C90BADF80A109DF80A
:10B6C0001210012914D1FFE705989DF8131001EB22
:10B6D000410100EB411000214182BDF80A000599AB
:10B6E0009DF8132002EB420201EB4211C88213E0E5
:10B6F00005989DF8131001EB410100EB411000216A
:10B700004183BDF80A0005999DF8132002EB42021F
:10B7100001EB4211C883FFE70BE04EF28D40C8F207
:10B7200001004EF66811C8F2010140F2522201F008
:10B73000C3FC06B0B0BD000080B588B013460790CA
:10B740008DED060ACDED050A0491ADF80E209DEDB4
:10B75000050A9DED061A30EE410A079880ED040AAD
:10B76000079890ED040A9DED051A80EE010AB7EEE8
:10B77000C00A009313F0B8F8B7EEC01B8DED021AA3
:10B780000798016901620798816941620798016B16
:10B79000406B0130814214DAFFE707980169026BC0
:10B7A00000EB82008163079890ED040A90ED061A81
:10B7B00031EE000A80ED060A0798016B0131016342
:10B7C00028E0079890ED040A90ED061A90ED0E2AF5
:10B7D00030EE420A31EE000A80ED060A01200190A7
:10B7E000FFE701980799496B013188420BDAFFE7BF
:10B7F0000798019900EB8100816B4163FFE7019895
:10B8000001300190EDE707980169426B00EB82007F
:10B810008163FFE7079890ED040A90ED051A30EE7A
:10B82000410A80ED0A0A079801694161BDF90E00DD
:10B83000012839D1FFE79DED020AB7EEC01A9FED4E
:10B840004C2BB4EE421BF1EE10FA16DAFFE7079824
:10B8500090ED000A90ED011A90ED032A90ED083A60
:10B8600090ED094A21EE041A00EE031A90ED0A0A3F
:10B8700000EE021A80ED0B1A15E0079890ED000A11
:10B8800090ED021A90ED032A90ED083A90ED094AE6
:10B8900021EE041A00EE031A90ED0A0A00EE021AD5
:10B8A00080ED0B1AFFE72FE0BDF90E00002816D13E
:10B8B000FFE7079890ED000A90ED011A90ED032A3A
:10B8C00090ED083A90ED094A21EE041A00EE031AB1
:10B8D00090ED0A0A00EE021A80ED0B1A13E0BDF992
:10B8E0000E0002280ED1FFE7079890ED080AB7EE88
:10B8F000C01A9FED1F2B21EE021BB7EEC10B80ED8E
:10B900000B0AFFE7FFE7FFE7079890ED0B0A9DEDB5
:10B91000041AB8EEC11AB4EE410AF1EE10FA08DDCD
:10B92000FFE79DED040AB8EEC00A079880ED0B0A08
:10B93000FFE7079890ED0B0A0498404201EE100AC9
:10B94000B8EEC11AB4EE410AF1EE10FA0ADAFFE7D6
:10B950000498404200EE100AB8EEC00A079880ED45
:10B960000B0AFFE7079890ED0B0A08B080BD00BFF7
:10B97000333333333333D33F80B584B00A46039037
:10B980008DF80B1003989DF80B1000EB4110818986
:10B990006FF35F3181810398019200F049F84DF611
:10B9A000C071C8F2010131F91000F8F7C5FC04B00C
:10B9B00080BD00000000000082B00A4601908DF8B2
:10B9C000031001989DF8031000EB4110408902B06C
:10B9D000704700000000000080B582B0019001981F
:10B9E000002801D0FFE70AE04EF2F640C8F201005D
:10B9F0004EF6DD11C8F201017F2201F05DFB0198D6
:10BA0000002107220091F7F754F80199009A8A71F2
:10BA10000199CA7001998A7001990A7101994A7154
:10BA2000019909230B7001994A7002B080BD000092
:10BA300082B0019000200090FFE70098042811D800
:10BA4000FFE700984DF6AC71C8F2010151F82000F3
:10BA50000199884201D1FFE704E0FFE70098013037
:10BA60000090EAE70098042801D8FFE70AE04EF6C4
:10BA7000BA10C8F201004EF6DD11C8F201013622FB
:10BA800001F01AFB009802B07047000000000000AF
:10BA900080B584B00B4603908DF80B10019201988D
:10BAA000002801D0FFE70AE04EF2F640C8F201009C
:10BAB0004EF6DD11C8F20101462201F0FDFA0398AD
:10BAC000FFF7B6FF4DF6C071C8F2010131F9100061
:10BAD000F8F7B2FC0198017840784FF4C07202EA9E
:10BAE000C01061F34C2003999DF80B2001EB42112B
:10BAF000888101988178C07800F00100000101F090
:10BB0000010140EA411003999DF80B2001EB42111D
:10BB1000C88101988079800303999DF80B2001EB7F
:10BB20004211888203989DF80B1000EB4110C18AE6
:10BB300001F47841C18201980179407961F30A20CA
:10BB400003999DF80B2001EB4211C88204B080BD1F
:10BB500082B013468C4601908DF803108DF80220B8
:10BB600001989DF8031000EB41108089ADF80000AA
:10BB7000BDF800006FF35F30ADF800009DF80200E3
:10BB8000BDF8001041EA4030ADF80000BDF80000FB
:10BB900001999DF8032001EB4211888102B07047A2
:10BBA00080B582B04BF25060C2F20200C06800283B
:10BBB00020D0FFE744F20000C4F238004FF4A06147
:10BBC0004FF4A02200F0FCF8002813D0FFE74BF25E
:10BBD0007060C2F2020000684BF25061C2F20201D2
:10BBE000C96844F20002C4F2380201901046019A7A
:10BBF0009047FFE74BF25060C2F2020080680028D5
:10BC000020D0FFE744F20000C4F238004FF4A061F6
:10BC10004FF4A02200F0F0F8002813D0FFE74BF219
:10BC20007460C2F2020000684BF25061C2F202017D
:10BC3000896844F20002C4F2380200901046009A6B
:10BC40009047FFE7BFF34F8F02B080BD00000000B8
:10BC500080B582B04BF25060C2F202004069002809
:10BC600020D0FFE748F20000C4F238004FF4A06192
:10BC70004FF4A02200F0A4F8002813D0FFE74BF205
:10BC80007060C2F2020000684BF25061C2F2020121
:10BC9000496948F20002C4F2380201901046019A44
:10BCA0009047FFE74BF25060C2F2020000690028A3
:10BCB00020D0FFE748F20000C4F238004FF4A06142
:10BCC0004FF4A02200F098F8002813D0FFE74BF2C1
:10BCD0007460C2F2020000684BF25061C2F20201CD
:10BCE000096948F20002C4F2380200901046009A36
:10BCF0009047FFE7BFF34F8F02B080BD0000000008
:10BD000080B582B04BF25060C2F20200C0690028D8
:10BD100001D0FFE70BE04EF61D20C8F201004EF601
:10BD20003721C8F2010140F6926201F0C5F94BF2E9
:10BD30005060C2F20200C1694BF27060C2F20200B0
:10BD400000684CF20002C4F2380201901046019AD9
:10BD50009047BFF34F8F02B080BD0000000000008D
:10BD600080B582B04BF25060C2F2020080690028B8
:10BD700001D0FFE70BE04EF60320C8F201004EF6BB
:10BD80003721C8F2010140F68A6201F095F94BF2C1
:10BD90005060C2F2020081694BF27460C2F202008C
:10BDA00000684CF20002C4F2380201901046019A79
:10BDB0009047BFF34F8F02B080BD0000000000002D
:10BDC00085B00490039102920498D0F88800019005
:10BDD0000198039900220842009208D0FFE70198D9
:10BDE00002990840002818BF01200090FFE7009842
:10BDF00000F0010005B0704785B0049003910292F5
:10BE000004988068019001980399002208420092EA
:10BE100008D0FFE7019802990840002818BF0120C8
:10BE20000090FFE7009800F0010005B070470000A7
:10BE300080B582B04BF27860C2F202000068002840
:10BE40001AD0FFE74BF28460C2F2020000680028BB
:10BE500012D0FFE74BF28460C2F2020000684BF29E
:10BE60007861C2F2020109680022C4F2380201902E
:10BE70001046019A9047FFE74BF27860C2F2020049
:10BE8000406800281AD0FFE74BF28060C2F202003F
:10BE90000068002812D0FFE74BF28060C2F2020077
:10BEA00000684BF27861C2F2020149680022C4F2D4
:10BEB000380200901046009A9047FFE7BFF34F8F7B
:10BEC00002B080BD00000000FFE7FEE700000000B8
:10BED00010B588B040F26850C2F20000008847F206
:10BEE000315188420CDBFFE740F26850C2F200009B
:10BEF000008801304CF65A31C2F2010108800AE094
:10BF000040F26850C2F2000000884CF65A31C2F28A
:10BF100001010880FFE740F26850C2F2000040884B
:10BF200047F22F5188420BDCFFE740F26850C2F223
:10BF3000000040884CF65E31C2F2010108800BE03F
:10BF400040F26850C2F20000408801304CF65E3189
:10BF5000C2F201010880FFE740F26850C2F200001F
:10BF6000808847F2315188420CDBFFE740F268508D
:10BF7000C2F20000808801304CF65831C2F2010153
:10BF800008800AE040F26850C2F2000080884CF657
:10BF90005831C2F201010880FFE740F26850C2F256
:10BFA0000000C08847F2315188420CDBFFE740F2C5
:10BFB0006850C2F20000C08801304CF65C31C2F219
:10BFC000010108800AE040F26850C2F20000C08817
:10BFD0004CF65C31C2F201010880FFE74CF65A30A2
:10BFE000C2F20100018849424CF6E432C2F2010279
:10BFF00092ED000A09B24CF68032C2F201020390BF
:10C000001046FCF781FCBDEEC00A8DED070A4CF628
:10C010005E30C2F20100018849424CF6EC32C2F2B5
:10C02000010292ED000A09B24CF6C032C2F20102DE
:10C0300002901046FCF768FCBDEEC00A8DED060AC2
:10C040004CF65830C2F20100018849424CF6E03209
:10C05000C2F2010292ED000A09B24CF66032C2F25D
:10C06000010201901046FCF74FFCBDEEC00A8DEDB9
:10C07000050A4CF65C30C2F20100018849424CF6D8
:10C08000E832C2F2010292ED000A09B24CF6A03287
:10C09000C2F2010200901046FCF736FCBDEEC00A69
:10C0A0008DED040A079840F25471C2F20001086055
:10C0B00006984CF65431C2F201010860059840F22E
:10C0C0005071C2F20001086004984CF65031C2F27F
:10C0D000010108600398B0F90010029AB2F900302B
:10C0E000591A019BB3F900C0A1EB0C01DDF800C0A7
:10C0F000BCF900E0714401EB9171891000EE101A57
:10C10000B8EEC00A43F68471C2F2020181ED010A61
:10C11000B0F900E0B2F90040A644B3F90040AEEB3C
:10C12000040EBCF90040AEEB040E0EEB9E7E4FEA0F
:10C13000AE0E00EE10EAB8EEC00A81ED000A0799D3
:10C14000484205F0BDFB069809F0D6F8059805F0C1
:10C150009BFB0498404209F0B3F808B010BD000002
:10C1600080B586B00520059003F0E6FE40F26851E8
:10C17000C2F20001088004200490039103F0DCFE69
:10C18000039948800220029003F0D6FE039988802C
:10C190000320019003F0D0FE0399C880059803F0B6
:10C1A0008FFE049803F08CFE029803F089FE01983C
:10C1B00003F086FE06B080BD80B584B005200A215C
:10C1C0000391039A03F09CFE042008210290019140
:10C1D000019A03F095FE02200299029A03F090FE64
:10C1E000032006210091009A03F08AFE40F2685075
:10C1F000C2F200000021018041808180C18004B032
:10C2000080BD00000000000080B582B00090009862
:10C210000138B0F1807F03D3FFE70120019019E0DE
:10C22000009801384EF21401CEF2000108604FF080
:10C23000FF300F2100F0FCFE4EF21800CEF200009D
:10C24000002101604EF21000CEF2000007220260D1
:10C250000191FFE7019802B080BD000000000000DE
:10C2600080B509F0A5FB0BF00BFF0EF0BDFC09F04B
:10C27000D7FB80BD0000000080B588B00B4606905B
:10C280008DF817100492069803900398002804D1A3
:10C29000FFE703208DF81F001DE00398C068002809
:10C2A00010D0FFE703988168C06840699DF81720A7
:10C2B000049B0190084611461A46019B98478DF849
:10C2C0000B0003E006208DF80B00FFE79DF80B0044
:10C2D0008DF81F00FFE79DF81F0008B080BD00002B
:10C2E00080B58AB013468C4609908DF823108DF8DE
:10C2F00022209DF823009DF8221001EB40000690BB
:10C300000020039004900998069900EB8100406991
:10C3100020F01F000790FFE70798002800F09380A7
:10C32000FFE7039800280AD1FFE70798806802908A
:10C3300002980799C96961F30B000390FFE707981A
:10C3400040680006002804D5FFE74FF0FF30049056
:10C350000BE00798C169C1F312314068C0F30E4089
:10C36000081A049908440490FFE70998069900EB1D
:10C3700081004169406B814219D1FFE70998069914
:10C3800000EB8100002141610998069A00EB8200D0
:10C39000416309988068069A00EB8210012282604E
:10C3A00009988068069A00EB8210C1600BE009983A
:10C3B000069900EB8100406900680999069A01EB33
:10C3C00082014861FFE707984068C00BC00700285A
:10C3D00009D1FFE70998069900EB810040694009FF
:10C3E000002817D1FFE79DF823009DF8221040EAAE
:10C3F000C1108DF8140000208DF815000999096806
:10C4000003AA01900846114600F0D6FB019903915A
:10C410000491FFE707980021416009980069079996
:10C420000860079809990861099890F8541001313B
:10C4300080F854100998069900EB8100406920F0BB
:10C440001F00079068E70AB080BD000000000000F0
:10C4500082B00A4601908DF8031001208DF8020089
:10C460009DF8031049008DF801109DF803108840D5
:10C4700001994968C1F8AC01FFE79DF80200002866
:10C4800025D0FFE701984068D0F8401141F40051F1
:10C49000C0F84011019880689DF8011000EB8110F0
:10C4A000816A0163019880689DF8011000EB81109A
:10C4B000C16A416301984068D0F8400180040028B7
:10C4C00004D5FFE700208DF80200FFE7D5E70198CB
:10C4D0004068D0F8401121F40051C0F8401102B07A
:10C4E000704700000000000080B584B00390002079
:10C4F000009001908DF8090003984068D0F88401FD
:10C50000C005002826D4FFE703984068D0F88401CE
:10C510008005002805D5FFE70398022180F8581010
:10C5200004E00398002180F85810FFE7039890F882
:10C53000560000280DD0FFE710208DF80800039862
:10C540000068694600F038FB0399002281F8562004
:10C55000FFE7FFE704B080BD80B586B005900020FE
:10C56000049005984068D0F8AC01049004980599AF
:10C570004968C1F8AC0105984068D0F8BC01049046
:10C58000049805994968C1F8BC01FFE7059840681F
:10C590004FF0FF11C0F8B411FFE705984068D0F8DC
:10C5A000B00110F0FF1FF1D1FFE705984068D0F807
:10C5B0008401C005002805D5FFE70598012180F812
:10C5C00056100DE00020019010218DF80C10029003
:10C5D0008DF80D000598006801A900F0EDFAFFE75D
:10C5E00006B080BD0000000081B0009001B070472F
:10C5F00080B58CB00B900B984068D0F8AC010A90D5
:10C600000A98002850D0FFE700208DF80F00FFE7C0
:10C610009DF80F00032846D8FFE70A989DF80F10F1
:10C62000C840C007002837D0FFE70B9880689DF806
:10C630000F1001F07F0100EBC11030300790079818
:10C64000029002980078C0098DF80E000B989DF8B2
:10C650000F109DF80E20FFF743FE0B989DF80F106A
:10C660009DF80E2082F00102FFF73AFE9DF80F00C0
:10C670008DF81800029804900820059001208DF88C
:10C6800019000B989DF80F10FFF7E2FE0B98006859
:10C6900004A900F091FAFFE7FFE79DF80F000130D1
:10C6A0008DF80F00B4E7FFE70B984068D0F8BC01A5
:10C6B0000A900A980B994968C1F8BC010A980028A9
:10C6C00000F0B081FFE700208DF80D00FFE79DF836
:10C6D0000D001F2800F2A581FFE70A989DF80D10B4
:10C6E000C840C007002800F09581FFE79DF80D00C5
:10C6F000102809D3FFE79DF80D0010388DF80F00C2
:10C7000001208DF80E0007E09DF80D008DF80F0058
:10C7100000208DF80E00FFE79DF80F00042801D3DC
:10C72000FFE778E19DF80F009DF80E1001EB400047
:10C730008DF80C000020049005909DF80F00002853
:10C7400028D1FFE79DF80E00012823D1FFE70B98C1
:10C7500080689DF80C1000EB8110806B4008C007CA
:10C76000002816D0FFE70B9880689DF80C1089010F
:10C770004058400FC00700280AD1FFE70B98806897
:10C780009DF80C108901425842F000524250FFE7D8
:10C79000FFE7FFE70B989DF80C1000EB8100406964
:10C7A00020F01F000890FFE70898002800F0318172
:10C7B000FFE700208DF807000B989DF80C1000EBA8
:10C7C0008100406920F01F000890FFE708980028CA
:10C7D00025D0FFE7089840680006002807D4FFE747
:10C7E00008984068C00BC007002812D0FFE70898DF
:10C7F0004068000600280BD4FFE708984068C00B8B
:10C80000C007002804D0FFE701208DF80700FFE7EC
:10C8100005E00898006820F01F000890D6E79DF812
:10C820000700002805D1FFE70898002801D0FFE79E
:10C83000EFE00B989DF80C1000EB8100406920F0B0
:10C840001F000890FFE70898002800F0E180FFE74C
:10C85000089840680006002801D5FFE7D8E0049852
:10C86000002808D1FFE7089880680899C96961F332
:10C870000B000490FFE70898C169C1F312314068CA
:10C88000C0F30E40081A0599084405900B989DF8CE
:10C890000C1000EB81004169406B81421DD1FFE724
:10C8A0000B989DF80C1000EB8100002141610B9862
:10C8B0009DF80C2000EB820041630B9880689DF886
:10C8C0000C2000EB8210012282600B9880689DF89A
:10C8D0000C2000EB8210C1600DE00B989DF80C104D
:10C8E00000EB8100406900680B999DF80C2001EB7A
:10C8F00082014861FFE708984068C00BC007002824
:10C900000AD1FFE70B989DF80C1000EB81004069FD
:10C910004009002817D1FFE79DF80F009DF80E1081
:10C9200040EAC1108DF8180000208DF819000B990D
:10C93000096804AA00900846114600F03DF90099E4
:10C9400004910591FFE70898002141600B98006968
:10C950000899086008980B9908610B9890F8541092
:10C96000013180F854100B989DF80C1000EB8100F9
:10C97000406920F01F0008900898002847D0FFE782
:10C98000089840680006002841D5FFE79DF80F0091
:10C990009DF80E1000EB0110012101FA00F0099042
:10C9A00009980B994968C1F8B0010B984068D0F814
:10C9B000B8010999084229D1FFE7FFE70B984068C1
:10C9C000D0F8B0010999084201D0FFE7F6E70B98CB
:10C9D0004068D0F8B8010999084216D1FFE70898D5
:10C9E0000B9989689DF80C2001EB821188600B98E7
:10C9F00080689DF80C1000EB81100021C16009983F
:10CA00000B994968C1F8B001FFE7FFE7FFE71AE7B4
:10CA1000CAE6FFE7FFE79DF80D0001308DF80D0035
:10CA200055E6FFE70CB080BD80B584B00390039855
:10CA300002900398002801D1FFE73BE0029880684C
:10CA4000019001984068D0F8440100900198406836
:10CA5000D0F8480100990840009000980199496871
:10CA6000C1F844019DF800004006002804D5FFE706
:10CA70000198FFF771FDFFE79DF80000C00700284F
:10CA800004D0FFE70198FFF7B3FDFFE79DF8000032
:10CA90004007002804D5FFE70198FFF725FDFFE7D1
:10CAA0009DF800000006002804D5FFE70198FFF775
:10CAB0009BFDFFE704B080BD80B588B0079006916C
:10CAC0000698007A00F00F008DF817000698007A9B
:10CAD000C0098DF8160001208DF815000698007A1F
:10CAE0008DF814009DF81400102807D1FFE707986F
:10CAF000069900F089F88DF8150058E09DF81700A8
:10CB0000032853D8FFE707989DF8171001F07F011D
:10CB10009DF8162042EA410101EB410100EB810042
:10CB20004069002841D0FFE7069800680290069807
:10CB3000406803900698407A8DF810000698407A75
:10CB4000002807D0FFE7079800210177079880F8B1
:10CB500028100FE007989DF8171001F07F019DF84D
:10CB6000162042EA410101EB410100EB8100002166
:10CB70000177FFE707989DF8171001F07F019DF8F6
:10CB8000162042EA410101EB410100EB81014A69B3
:10CB9000896902AB01911946019B00921A46DDF8A2
:10CBA00000C0E0478DF81500FFE7FFE7FFE79DF8BD
:10CBB000150008B080BD000080B586B004900391D8
:10CBC00004980290039801900398002804D0FFE78E
:10CBD0000498002804D1FFE703208DF817000FE028
:10CBE00002980069002804D1FFE701208DF81700A2
:10CBF00006E002980199FFF75FFF8DF81700FFE745
:10CC00009DF8170006B080BD80B588B007900691EA
:10CC10000798012180F8771007980E2100220492CE
:10CC2000FFF72AFB0799022281F876200799049AD8
:10CC300081F874200592FFE7059807281BD8FFE7C5
:10CC40000798059901EB410100EB8100002141614A
:10CC50000798059A02EB420200EB82008161079877
:10CC6000059A02EB420200EB82000177FFE705988C
:10CC700001300590E0E70798016901220023039144
:10CC800011461A46DDF80CC00293E0470799029A54
:10CC900081F877200190104608B080BD00000000A8
:10CCA00080B54BF26850C2F202000068FFF7BCFE8C
:10CCB00080BD00000000000080B54BF26850C2F259
:10CCC00002000068FFF7B0FE80BD00000000000019
:10CCD00080B582B040F24C10C2F2000000684DF600
:10CCE000CC71C8F2010149684BF28862C2F20202BB
:10CCF0005268019008461146019A9047BFF34F8F42
:10CD000002B080BD0000000080B582B040F24C103F
:10CD1000C2F2000000684DF6CC71C8F201018968CA
:10CD20004BF28862C2F202029268019008461146F4
:10CD3000019A9047BFF34F8F02B080BD0000000002
:10CD400081B08DED000A43F68470C2F2020090EDCE
:10CD5000000A9DED001A40F21471C2F2000191ED3B
:10CD6000062A00EE412A81ED062A90ED010A9DED8A
:10CD7000001A91ED072A00EE012A81ED072A90EDB5
:10CD8000000A9DED001A91ED0C2A00EE412A81ED7A
:10CD90000C2A90ED010A9DED001A91ED0D2A00EE8E
:10CDA000012A81ED0D2A01B070470000000000004B
:10CDB000FFE7FEE70000000084B0039002910192BB
:10CDC000FFE7039850E8000F00900098029988430D
:10CDD000019908430090FFE70098039941E8000299
:10CDE000002AEED1FFE704B0704700000000000009
:10CDF00084B0039002910192FFE7039850E8000F7E
:10CE00000090009802998843019908430090FFE739
:10CE10000098039941E80002002AEED1FFE704B030
:10CE2000704700000000000084B00390029101925E
:10CE3000FFE7039850E8000F00900098029988439C
:10CE4000019908430090FFE70098039941E8000228
:10CE5000002AEED1FFE704B0704700000000000098
:10CE600084B0039002910192FFE7039850E8000F0D
:10CE70000090009802998843019908430090FFE7C9
:10CE80000098039941E80002002AEED1FFE704B0C0
:10CE9000704700000000000084B0039002910192EE
:10CEA000FFE7039850E8000F00900098029988432C
:10CEB000019908430090FFE70098039941E80002B8
:10CEC000002AEED1FFE704B0704700000000000028
:10CED00084B0039002910192FFE7039850E8000F9D
:10CEE0000090009802998843019908430090FFE759
:10CEF0000098039941E80002002AEED1FFE704B050
:10CF0000704700000000000084B00390029101927D
:10CF1000FFE7039850E8000F0090009802998843BB
:10CF2000019908430090FFE70098039941E8000247
:10CF3000002AEED1FFE704B07047000000000000B7
:10CF400084B0039002910192FFE7039850E8000F2C
:10CF50000090009802998843019908430090FFE7E8
:10CF60000098039941E80002002AEED1FFE704B0DF
:10CF7000704700000000000081B00146ADF80200DB
:10CF8000BDF9020000280FD4FFE7BDF9020000F050
:10CF90001F01012202FA01F140094EF20012CEF205
:10CFA000000242F82010FFE701B0704700000000C7
:10CFB00081B00146ADF80200BDF9020000280FD48F
:10CFC000FFE7BDF9020000F01F01012202FA01F1A2
:10CFD00040094EF20012CEF2000242F82010FFE7A4
:10CFE00001B070470000000082B00246ADF80600B4
:10CFF0000091BDF9060000280AD4FFE7009800015F
:10D00000BDF906104EF20042CEF2000288540BE049
:10D0100000980001BDF8061001F00F014EF6145201
:10D02000CEF200028854FFE702B070470000000013
:10D0300082B00246ADF806000091BDF90600002856
:10D040000AD4FFE700980001BDF906104EF2004235
:10D05000CEF2000288540BE000980001BDF80610E3
:10D0600001F00F014EF61452CEF200028854FFE791
:10D0700002B070470000000083B00290029800F0F8
:10D08000070000904EF60C50CEF2000001680191AE
:10D0900001994FF6FF02114001910199009A41EA6E
:10D0A00002210022C0F2FA5211430191019901605C
:10D0B00003B070470000000084B003900291019219
:10D0C0000399029A019B4EF66420C8F20100F9F719
:10D0D00007FBFFE700BEFDE782B000900098002844
:10D0E00003D1FFE70020019036E09DF80000002802
:10D0F0000AD0FFE79DF800004DF65011C8F201017B
:10D10000085C0130019027E09DF8010000280AD05A
:10D11000FFE79DF801004DF65011C8F20101085CCF
:10D120000930019018E09DF8020000280AD0FFE7BE
:10D130009DF802004DF65011C8F20101085C113053
:10D14000019009E09DF803004DF65011C8F201016D
:10D15000085C19300190FFE7019802B070470000A9
:10D1600080B584B003904BF2B830C2F20200006880
:10D17000FFF7B2FF0138019001984BF2B821C2F2DB
:10D18000020151F8300014380290019803990860A8
:10D19000029804B080BD000081B04BF2AC20C2F216
:10D1A00002000090009800680099401A18BF012002
:10D1B00001B070470000000080B596B01490139144
:10D1C000129200201090149800280DD1FFE74FF222
:10D1D0005070C8F201004FF24671C8F201014FF4DD
:10D1E0009B7208F0D1F8FFE7129800280DD1FFE7F5
:10D1F0004FF25470C8F201004FF24671C8F20101BB
:10D2000040F2371208F0C0F8FFE7FFE714981099D2
:10D21000405600212028049110D0FFE7149810995F
:10D22000405600210928049108D0FFE7109813996F
:10D230000022884238BF01220492FFE70498C00709
:10D24000002804D0FFE7109801301090DEE7109816
:10D25000002804D1FFE74FF0FF30159030E014981C
:10D26000109905F031FC0F900F98002804D1FFE7CA
:10D270004FF0FF30159023E005A8002128220390ED
:10D28000F5F717FC1499139A029008461146039A71
:10D2900005F0A2FC11901198002804D1FFE74FF08F
:10D2A000FF3015900CE00F98119905AA01900846DF
:10D2B0001146019A90471299086000201590FFE7E7
:10D2C000159816B080BD000080B582B0019001981D
:10D2D00000280CD1FFE74EF6A170C8F201004EF60F
:10D2E000E771C8F201014F2208F04EF8FFE70198FC
:10D2F000806A007823280ED1FFE70198C169806A0F
:10D30000814208D9FFE70198C169826AC06A104466
:10D31000814211D9FFE701994EF68770C8F20100EA
:10D3200008F012FCF5F7A8FA0090FFE70098002833
:10D3300001D0FFE7FAE70FE00198C169806A203069
:10D34000814208D8FFE701994EF65270C8F20100F9
:10D3500008F0FAFBFFE7FFE702B080BD0000000025
:10D36000B0B590B0DDF85CC0DDF858E0159C149DB8
:10D370000F900E910D920C938DF82FE00F981430B2
:10D38000CDF828C00994089508F016FC0D980F995F
:10D3900008620C980F99486214980F998862159842
:10D3A0000F99C8620F98816AC26A232007900846C5
:10D3B000079909F09DFB0F990A6A4B6AD1F828C0BA
:10D3C000C96A6144043945F2015CC8F2010C069057
:10D3D000104605911946059A634608F0A9FA0F9977
:10D3E000C8619DF82F0020280CDBFFE74FF2A40056
:10D3F000C8F201004FF24D11C8F20101AF2207F04F
:10D40000C3FFFFE79DF82F000F9981F836009DF8C4
:10D410002F000F9981F835000F980021816317982C
:10D420000F9A506417980F9A90640F9801630F98A1
:10D4300080F834100F9881670F98C1670F9800F13A
:10D440004C026B465960196045F6F121C8F20101A2
:10D4500004901046049A03911146039A049B0AF023
:10D46000ABFFFFE74BF2B420C2F2020000680028D5
:10D470000BD0FFE74BF2B420C2F2020000680F9914
:10D480000290084602998847FFE7FFE7002010B0A6
:10D49000B0BD00000000000080B586B0DDF820C0FF
:10D4A00005900491039202938DF807C09DF8070040
:10D4B000059948720598417A01F0FE01417204987D
:10D4C0000599C86103980599086205980021816251
:10D4D0000298059A50620091FFE7009800280CDC42
:10D4E000FFE70598009900EBC100143008F06CFBD1
:10D4F000FFE7009801300090EFE706B080BD000024
:10D5000080B582B0019000200090FFE700980028CD
:10D510000CDCFFE70198009900EBC100143008F023
:10D5200047FCFFE7009801300090EFE702B080BDB4
:10D5300080B582B00190F5F79FF900900198806F57
:10D54000002804D0FFE70198816F8847FFE7009823
:10D55000F5F796F902B080BDF0B589B0DDF840C0AE
:10D56000DDF83CE00E9C0890079106920593089820
:10D570000799069A059B0E9D0F9E6F467E603D6043
:10D58000CDF810C0CDF80CE00294FBF79DF9089897
:10D590000799069A059BDDF838C0DDF840E06C4637
:10D5A000C4F804E0C4F800C0FBF77AF909B0F0BD94
:10D5B00080B582B00190FFE744F26C00C2F2020035
:10D5C00000684FF0FF3109F06FFF002821D1FFE71D
:10D5D000FAF706FA43F6B870C2F2020090ED070AB5
:10D5E00040F25050C2F20000D0ED000A40F250006C
:10D5F000C2F2000001684CF6B440C2F20100002201
:10D60000FEF79AF843F6E060C2F2020080ED000AED
:10D61000FFE7D1E70000000081B04CF6B440C2F251
:10D6200001000021C4F24011C16045F2EC11C3F6C3
:10D630003851416046F26661C3F6267101600021EF
:10D64000C161016181614161C162816241620162C6
:10D650000E22426301630091FFE700984CF6B4414B
:10D66000C2F20101496B88420EDAFFE700984CF6DE
:10D67000B441C2F2010101EB800000218163FFE7A8
:10D68000009801300090E8E701B07047000000000A
:10D6900080B58AB0FFE74CF63C50C2F2010000684A
:10D6A0004FF0FF3109F000FF002840F02E86FFE721
:10D6B0004CF63850C2F20100B0F90000012840F0E9
:10D6C000DE83FFE744F29C00C2F2020000880028DB
:10D6D00000F0B480FFE744F29E00C2F2020000882E
:10D6E000002800F0AB80FFE744F29C00C2F2020089
:10D6F000008800EE100AB8EE400A40F2E410C2F2D0
:10D700000000B0F9000001EE100AF8EEC10A4CF674
:10D710008010C2F201000F21002209910892FEF749
:10D720000BF84CF60040C2F2010080ED000A44F212
:10D730009E01C2F20201098800EE101AB8EE400AFA
:10D7400040F2E611C2F20001B1F9001001EE101A28
:10D75000F8EEC10A4CF6F411C2F201010790084636
:10D760000999089AFDF7E8FFB1EE400A4CF6284007
:10D77000C2F2010080ED000A079991ED000A90EDD8
:10D78000001A30EE010AB7EEC02A43F6E062C2F298
:10D79000020292ED000AB7EEC03A9FEDEB4B03EEAA
:10D7A000042BB1EE422BB7EEC20B4CF6E433C2F2BF
:10D7B000010383ED000A91ED000A90ED001A31EEAD
:10D7C000400AB7EEC02A92ED000AB7EEC03A03EE67
:10D7D000442BB7EEC20B4CF6EC33C2F2010383EDDF
:10D7E000000A91ED000A90ED001A30EE410AB7EE02
:10D7F000C02A92ED000AB7EEC03A03EE442BB7EE12
:10D80000C20B4CF6E033C2F2010383ED000A91ED46
:10D81000000A90ED001A30EE010AB7EEC02A92ED30
:10D82000000AB7EEC03A03EE442BB7EEC20B4CF63B
:10D83000E830C2F2010080ED000A55E243F6D860FC
:10D84000C2F2020000685E284EDCFFE743F6E060AB
:10D85000C2F2020090ED000AB7EEC01A9FEDBA2B9B
:10D86000B8EE083BB0EE434B01EE424BB7EEC40BB3
:10D870004CF6E431C2F2010181ED000A90ED000A9C
:10D88000B7EEC01AB0EE084BB0EE445B01EE425B5F
:10D89000B7EEC50B4CF6EC31C2F2010181ED000A86
:10D8A00090ED000AB7EEC01A01EE423BB7EEC30B93
:10D8B0004CF6E031C2F2010181ED000A90ED000A60
:10D8C000B7EEC01A01EE424BB7EEC40B4CF6E8308F
:10D8D000C2F2010080ED000A43F6D860C2F20200F5
:10D8E000016801310160FEE143F6D860C2F2020036
:10D8F00000685F2856DBFFE743F6D860C2F20200FB
:10D900000068D1284EDCFFE743F6E060C2F2020077
:10D9100090ED000AB7EEC01A9FED8B2BB0EE083BDE
:10D92000B0EE434B01EE424BB7EEC40B4CF6E43184
:10D93000C2F2010181ED000A90ED000AB7EEC01AB3
:10D94000B8EE084BB0EE445B01EE425BB7EEC50BA0
:10D950004CF6EC31C2F2010181ED000A90ED000AB3
:10D96000B7EEC01A01EE423BB7EEC30B4CF6E03106
:10D97000C2F2010181ED000A90ED000AB7EEC01A73
:10D9800001EE424BB7EEC40B4CF6E830C2F2010098
:10D9900080ED000A43F6D860C2F20200016801314E
:10D9A00001609FE143F6D860C2F202000068D2280D
:10D9B00056DBFFE743F6D860C2F202000068E528B4
:10D9C0004EDCFFE743F6E060C2F2020090ED000A91
:10D9D000B7EEC01A9FED5C2BB8EE083BB0EE434BA0
:10D9E00001EE424BB7EEC40B4CF6E431C2F201013A
:10D9F00081ED000A90ED000AB7EEC01AB0EE084BB8
:10DA0000B0EE445B01EE425BB7EEC50B4CF6EC3179
:10DA1000C2F2010181ED000A90ED000AB7EEC01AD2
:10DA200001EE423BB7EEC30B4CF6E031C2F201010E
:10DA300081ED000A90ED000AB7EEC01A01EE424BEC
:10DA4000B7EEC40B4CF6E830C2F2010080ED000ADC
:10DA500043F6D860C2F2020001680131016040E182
:10DA600043F6D860C2F202000068E62857DBFFE701
:10DA700043F6D860C2F202000068B0F5877F4EDA44
:10DA8000FFE743F6E060C2F2020090ED000AB7EE55
:10DA9000C01A9FED2D2BB0EE083BB0EE434B01EECC
:10DAA000424BB7EEC40B4CF6E431C2F2010181EDFA
:10DAB000000A90ED000AB7EEC01A01EE423BB7EE45
:10DAC000C30B4CF6EC31C2F2010181ED000A90ED7E
:10DAD000000AB7EEC01AB8EE083BB0EE434B01EEB9
:10DAE000424BB7EEC40B4CF6E031C2F2010181EDBE
:10DAF000000A90ED000AB7EEC01A01EE423BB7EE05
:10DB0000C30B4CF6E830C2F2010080ED000A43F688
:10DB1000D860C2F20200016801310160E0E043F622
:10DB2000D860C2F202000068B0F5877F5EDBFFE7D5
:10DB300043F6D860C2F202000068B0F5AF7F55DA54
:10DB400006E000BF00BF00BF343333333333E33F5D
:10DB500043F6E060C2F2020090ED000AB7EEC01A90
:10DB60001FED072BB8EE083BB0EE434B01EE424BE6
:10DB7000B7EEC40B4CF6E431C2F2010181ED000AAC
:10DB800090ED000AB7EEC01A01EE423BB7EEC30BB0
:10DB90004CF6EC31C2F2010181ED000A90ED000A71
:10DBA000B7EEC01AB0EE083BB0EE434B01EE424B6D
:10DBB000B7EEC40B4CF6E031C2F2010181ED000A70
:10DBC00090ED000AB7EEC01A01EE423BB7EEC30B70
:10DBD0004CF6E830C2F2010080ED000A43F6D8604E
:10DBE000C2F2020001680131016078E043F6D860BA
:10DBF000C2F202000068B0F5AF7F6FDBFFE743F6CB
:10DC0000D860C2F202000068B0F5C37F66DAFFE7B1
:10DC100043F6E060C2F2020090ED000AB7EEC01ACF
:10DC20001FED372BB0EE083BB0EE434B01EE424BFD
:10DC3000B7EEC40B4CF6E431C2F2010181ED000AEB
:10DC400090ED000AB7EEC01A01EE423BB7EEC30BEF
:10DC50004CF6EC31C2F2010181ED000A90ED000AB0
:10DC6000B7EEC01AB8EE083BB0EE434B01EE424BA4
:10DC7000B7EEC40B4CF6E031C2F2010181ED000AAF
:10DC800090ED000AB7EEC01A01EE423BB7EEC30BAF
:10DC90004CF6E830C2F2010080ED000A43F6D8608D
:10DCA000C2F202000168013101600068B0F5C37F73
:10DCB00013D1FFE740F21470C2F20000002181612D
:10DCC000C1614CF63850C2F201000422028043F6D2
:10DCD000D860C2F202000160FFE7FFE7FFE7FFE75D
:10DCE000FFE7FFE7FFE7FFE744F29C00C2F2020014
:10DCF000008840F2E411C2F20001B1F90010401AAC
:10DD000000EE100AB8EEC00B10F0EEFDB0EE081BEE
:10DD1000B4EE410BF1EE10FA00F3B080FFE744F2ED
:10DD20009E00C2F20200008840F2E611C2F2000139
:10DD3000B1F90010401A00EE100AB8EEC00B10F056
:10DD4000D3FDB0EE081BB4EE410BF1EE10FA00F378
:10DD50009580FFE743F68470C2F2020090ED000A5E
:10DD6000B7EEC00A10F0C0FDB6EE001BB4EE410BDA
:10DD7000F1EE10FA00F38180FFE743F68470C2F2FF
:10DD8000020090ED010AB7EEC00A10F0ADFDB6EE4C
:10DD9000001BB4EE410BF1EE10FA6EDCFFE743F628
:10DDA000E060C2F2020090ED000AB7EEC01A1FED6B
:10DDB0009A2B21EE421BB7EEC10B4CF6E431C2F2B6
:10DDC000010181ED000A90ED000AB7EEC01A21EEC4
:10DDD000421BB7EEC10B4CF6EC31C2F2010181EDF2
:10DDE000000A90ED000AB7EEC01A21EE421BB7EE12
:10DDF000C10B4CF6E031C2F2010181ED000A90ED59
:10DE0000000AB7EEC01A21EE421BB7EEC10B4CF66A
:10DE1000E830C2F2010080ED000A4BF2D060C2F29D
:10DE20000200B0F90000002826D1FFE74CF644506C
:10DE3000C2F2010000684FF4C87108F005FA4EF60E
:10DE4000E321C8F20101002206900846114605921E
:10DE500010F00EFD44F29C01C2F20201059A0A8004
:10DE600044F29E01C2F202010A804BF2D061C2F27A
:10DE7000020101230B80FFE7FFE7FFE744E24CF6D6
:10DE80003850C2F20100B0F90000032840F03B8294
:10DE9000FFE740F2BC10C2F20000B0F90000012818
:10DEA00013D0FFE740F2BC10C2F20000B0F900004E
:10DEB00000280AD0FFE740F2BC10C2F20000B0F91F
:10DEC0000000042840F01F82FFE744F29C00C2F2E9
:10DED00002000088002800F0DA80FFE744F29E008C
:10DEE000C2F202000088002800F0D180FFE743F66C
:10DEF0009070C2F20200018801310180B0F9000087
:10DF00000628C0F2C380FFE74BF2EA60C2F20200CB
:10DF1000B0F90000002807D1FFE74BF2EA60C2F237
:10DF2000020001210180FFE740F2BC10C2F20000B4
:10DF30000021018044F29C00C2F20200008800EE41
:10DF4000100AB8EE400A40F2E410C2F20000B0F944
:10DF5000000001EE100AF8EEC10A4CF68010C2F281
:10DF600001000F2204911146049B03921A46FDF70B
:10DF7000E3FB4CF60040C2F2010080ED000A44F2DF
:10DF80009E01C2F20201098800EE101AB8EE400AA2
:10DF900040F2E611C2F20001B1F9001001EE101AD0
:10DFA000F8EEC10A4CF6F411C2F2010102900846E3
:10DFB0000399049AFDF7C0FBB1EE400A4CF62840E5
:10DFC000C2F2010080ED000A029991ED000A90ED85
:10DFD000001A30EE010AB7EEC02A43F6E062C2F240
:10DFE000020292ED000AB7EEC03A9FEDC94B03EE74
:10DFF000042BB1EE422BB7EEC20B4CF6E433C2F267
:10E00000010383ED000A91ED000A90ED001A31EE54
:10E01000400AB7EEC02A92ED000AB7EEC03A03EE0E
:10E02000442BB7EEC20B4CF6EC33C2F2010383ED86
:10E03000000A91ED000A90ED001A30EE410AB7EEA9
:10E04000C02A92ED000AB7EEC03A03EE442BB7EEB9
:10E05000C20B4CF6E033C2F2010383ED000A91EDEE
:10E06000000A90ED001A30EE010AB7EEC02A92EDD8
:10E07000000AB7EEC03A03EE442BB7EEC20B4CF6E3
:10E08000E830C2F2010080ED000AFFE765E043F6E8
:10E09000DC60C2F20200006813284EDCFFE743F6A2
:10E0A000E060C2F2020090ED000AB7EEC01A9FEDE8
:10E0B000982BB0EE083BB0EE434B01EE424BB7EE6F
:10E0C000C40B4CF6E431C2F2010181ED000A90ED7F
:10E0D000000AB7EEC01AB8EE084BB0EE445B01EE92
:10E0E000425BB7EEC50B4CF6EC31C2F2010181ED9B
:10E0F000000A90ED000AB7EEC01A01EE423BB7EEFF
:10E10000C30B4CF6E031C2F2010181ED000A90ED43
:10E11000000AB7EEC01A01EE424BB7EEC40B4CF644
:10E12000E830C2F2010080ED000A43F6D860C2F286
:10E130000200016801310160FFE743F6DC60C2F2D2
:10E1400002000068142807D1FFE740F2BC10C2F2B9
:10E15000000003210180FFE7FFE744F29C00C2F2C8
:10E160000200008840F2E411C2F20001B1F900108F
:10E17000401A00EE100AB8EEC00B10F0B5FBB0EE7E
:10E18000081BB4EE410BF1EE10FA00F3BB80FFE781
:10E1900044F29E00C2F20200008840F2E611C2F290
:10E1A0000001B1F90010401A00EE100AB8EEC00BE1
:10E1B00010F09AFBB0EE081BB4EE410BF1EE10FA32
:10E1C00000F3A080FFE743F68470C2F2020090EDF6
:10E1D000000AB7EEC00A10F087FBB6EE001BB4EEE3
:10E1E000410BF1EE10FA00F38C80FFE743F68470E8
:10E1F000C2F2020090ED010AB7EEC00A10F074FB03
:10E20000B6EE001BB4EE410BF1EE10FA79DCFFE73D
:10E2100043F6E060C2F2020090ED000AB7EEC01AC9
:10E220009FED3B2B21EE421BB7EEC10B4CF6E431C8
:10E23000C2F2010181ED000A90ED000AB7EEC01AAA
:10E2400021EE421BB7EEC10B4CF6EC31C2F20101DC
:10E2500081ED000A90ED000AB7EEC01A21EE421BD4
:10E26000B7EEC10B4CF6E031C2F2010181ED000ABC
:10E2700090ED000AB7EEC01A21EE421BB7EEC10BBB
:10E280004CF6E830C2F2010080ED000A43F6DC6093
:10E29000C2F202000021016043F69070C2F2020057
:10E2A00001804BF2D060C2F20200B0F900000028F9
:10E2B00026D1FFE74CF64450C2F2010000684FF44B
:10E2C000C87107F0C1FF4EF6E321C8F20101002238
:10E2D000019008461146009210F0CAFA44F29C01DF
:10E2E000C2F20201009A0A8044F29E01C2F20201C7
:10E2F0000A804BF2D061C2F2020101230B80FFE7DA
:10E30000FFE7FFE7FFE7FFE7FFE7FFF7C4B900BF5D
:10E31000343333333333E33F80B582B04FF62E00CE
:10E32000C8F2010007F010FC4EF62950CEF20000B2
:10E3300001784FF6C312C8F201020190104607F0AF
:10E3400003FC01980178C907002907D0FFE74FF6C1
:10E35000AE10C8F2010007F0F7FBFFE74EF62950B8
:10E36000CEF2000000788007002807D5FFE74FF6BF
:10E37000A310C8F2010007F0E7FBFFE74EF62950B3
:10E38000CEF2000000784007002807D5FFE74FF6DF
:10E39000A110C8F2010007F0D7FBFFE74EF62950A5
:10E3A000CEF2000000780007002807D5FFE74FF6FF
:10E3B0009710C8F2010007F0C7FBFFE74EF629509F
:10E3C000CEF200000078C006002807D5FFE74FF620
:10E3D0009910C8F2010007F0B7FBFFE74EF629508D
:10E3E000CEF200000078000600280CD5FFE74EF6BC
:10E3F0003850CEF2000001684FF63A00C8F2010032
:10E4000007F0A2FB06E04FF2D950C8F2010007F076
:10E410009BFBFFE702B080BD80B586B00590FFE7AB
:10E420004CF64450C2F20100006804A94FF0FF32DC
:10E4300007F0A6FD2B210122039008460291114608
:10E4400002F0EEFE049809F0D7FB0021029A019039
:10E45000104602F0E5FEE3E780B586B02B200121EF
:10E4600000224823049202F0DBFD4DF6D870C8F27A
:10E47000010005210390049A07F01EFD4CF644515B
:10E48000C2F2010108606846022141600321016077
:10E490004BF6A171C8F200014FF480630398049A0F
:10E4A00009F026FA05900598002804D0FFE70598A2
:10E4B00009F072FCFFE706B080BD0000000000001C
:10E4C00080B54CF67050C2F201004CF66852C2F2B0
:10E4D00001020021082301F073FE80BD000000004E
:10E4E00080B54FF28460C8F2010007F02DFB0020D8
:10E4F00080BD00000000000080B582B0019001984E
:10E5000040F2B811C2F200010860F5F7CDF9F5F755
:10E5100033FB03F015F902B080BD000000000000DD
:10E5200080B582B00190009103F0EAFB002002B0B8
:10E5300080BD00000000000080B584B0039002910F
:10E5400003F0C2FE00210190084604B080BD000027
:10E5500080B594B040F25800C2F20000B0F900005B
:10E56000022866D1FFE704F0C7FF4BF2C810C2F2E1
:10E570000200B0F90000002807D4FFE740F258007D
:10E58000C2F200000021018051E043F6E060C2F2D7
:10E59000020090ED000AB7EEC01A9FEDC72B21EEE6
:10E5A000421BB7EEC10B4CF6E431C2F2010181ED22
:10E5B000000A90ED000AB7EEC01A21EE421BB7EE3A
:10E5C000C10B4CF6EC31C2F2010181ED000A90ED75
:10E5D000000AB7EEC01A21EE421BB7EEC10B4CF693
:10E5E000E031C2F2010181ED000A90ED000AB7EEC0
:10E5F000C01A21EE421BB7EEC10B4CF6E830C2F256
:10E60000010080ED000A40F21470C2F20000002107
:10E610008161C1614CF64050C2F201000068818303
:10E620004CF63850C2F2010004210180FFE700F0EF
:10E6300075BC40F25800C2F20000B0F9000000289A
:10E6400040F02581FFE74CF6FC30C2F2010090ED6E
:10E65000000A4CF62441C2F2010191ED001A30EE9D
:10E66000010AB7EEC02A43F6E062C2F2020292ED5E
:10E67000000AB7EEC03A9FED904B03EE042BB1EECB
:10E68000422BB7EEC20B4CF6E433C2F2010383ED2A
:10E69000000A90ED000A91ED001A31EE400AB7EE43
:10E6A000C02A92ED000AB7EEC03A03EE442BB7EE53
:10E6B000C20B4CF6EC33C2F2010383ED000A90ED7D
:10E6C000000A91ED001A30EE410AB7EEC02A92ED31
:10E6D000000AB7EEC03A03EE442BB7EEC20B4CF67D
:10E6E000E033C2F2010383ED000A90ED000A91EDE0
:10E6F000001A30EE010AB7EEC02A92ED000AB7EE1A
:10E70000C03A03EE442BB7EEC20B4CF6E830C2F22F
:10E71000010080ED000A40F21470C2F2000090ED9A
:10E72000060AB7EEC00A10F0DFF84CF60840C2F255
:10E73000010090ED001AB7EEC12A8DED120BB0EE7C
:10E74000420B10F0D1F89FED5E2B20EE020B9DEDF9
:10E75000122BB4EE402BF1EE10FA40F39780FFE756
:10E7600040F21470C2F2000090ED070AB7EEC00A42
:10E7700010F0BAF84CF62C40C2F2010090ED001AED
:10E78000B7EEC12A8DED100BB0EE420B10F0ACF8D5
:10E790009FED4B2B20EE020B9DED102BB4EE402B8A
:10E7A000F1EE10FA72DDFFE743F68470C2F2020068
:10E7B00090ED000AB7EEC00A10F096F8B6EE001B16
:10E7C000B4EE410BF1EE10FA5FDCFFE743F6847024
:10E7D000C2F2020090ED010AB7EEC00A10F084F810
:10E7E000B6EE001BB4EE410BF1EE10FA4DDCFFE784
:10E7F00043F6E060C2F2020090ED000AB7EEC01AE4
:10E800009FED2D2B21EE421BB7EEC10B4CF6E431F0
:10E81000C2F2010181ED000A90ED000AB7EEC01AC4
:10E8200021EE421BB7EEC10B4CF6EC31C2F20101F6
:10E8300081ED000A90ED000AB7EEC01A21EE421BEE
:10E84000B7EEC10B4CF6E031C2F2010181ED000AD6
:10E8500090ED000AB7EEC01A21EE421BB7EEC10BD5
:10E860004CF6E830C2F2010080ED000A4CF6385058
:10E87000C2F20100012101804CF64450C2F20100B5
:10E880000068322107F0E0FCFFE7FFE745E340F2D4
:10E890005800C2F20000B0F90000012840F03C83AB
:10E8A000FFE743F6A870C2F20200B0F900000028AA
:10E8B00077D10BE000BF00BF343333333333E33F52
:10E8C000AE47E17A14AEE73F0000484243F6E0600D
:10E8D000C2F2020090ED000AB7EEC01A1FED0A2B3B
:10E8E00021EE421BB7EEC10B4CF6E431C2F201013E
:10E8F00081ED000A90ED000AB7EEC01A21EE421B2E
:10E90000B7EEC10B4CF6EC31C2F2010181ED000A09
:10E9100090ED000AB7EEC01A21EE421BB7EEC10B14
:10E920004CF6E031C2F2010181ED000A90ED000ADF
:10E93000B7EEC01A21EE421BB7EEC10B4CF6E83021
:10E94000C2F2010080ED000A6C2001210F9102F05B
:10E9500067FC532005211FED240A0E918DED0D0A51
:10E960000CF04AF941F60030C0F2B7000C900F9954
:10E970000DF01EFF19200E999DED0D0A0CF03CF9CB
:10E980000C980F990DF014FF46200E999DED0D0A7D
:10E990000CF032F943F6A870C2F202000F99018020
:10E9A000FFE74CF68A50C2F20100B0F900000028DF
:10E9B00040F06181FFE74CF68C50C2F20100007814
:10E9C0000B2810D0FFE74CF68C50C2F20100007803
:10E9D000012808D0FFE74CF68C50C2F20100007805
:10E9E000032829D1FFE74CF62850C2F2010000218C
:10E9F000016000684BF2CC12C2F2020202EB80000E
:10EA000090ED000A40F21470C2F2000090ED0C1A72
:10EA100030EE410A4CF60840C2F2010080ED000AD7
:10EA20004CF62C40C2F2010001604CF68A50C2F252
:10EA30000100012101801DE14CF68C50C2F2010061
:10EA40000078002810D0FFE74CF68C50C2F201008D
:10EA500000780A2808D0FFE74CF68C50C2F201007B
:10EA60000078022829D1FFE74CF62850C2F20100B5
:10EA7000012101604CF60842C2F20102002313603A
:10EA800000684BF2CC12C2F2020202EB800090ED61
:10EA9000000A40F21470C2F2000090ED0D1A30EE40
:10EAA000410A4CF62C40C2F2010080ED000A4CF6FF
:10EAB0008A50C2F201000180DBE04CF68C50C2F2B9
:10EAC00001000078042810D0FFE74CF68C50C2F209
:10EAD000010000780C2808D0FFE74CF68C50C2F2F9
:10EAE0000100007807282AD1FFE74CF62850C2F22F
:10EAF0000100022101604CF62C41C2F2010100220A
:10EB00000A6000684BF2CC11C2F2020101EB8000F6
:10EB100090ED000A40F21470C2F2000090ED0C1A61
:10EB200030EE410A4CF60840C2F2010080ED000AC6
:10EB30004CF68A50C2F201000121018098E04CF6A7
:10EB40008C50C2F2010000780E2810D0FFE74CF67E
:10EB50008C50C2F201000078052808D0FFE74CF67F
:10EB60008C50C2F201000078092856D1FFE7B92085
:10EB700040F22E4105F0C8FE49F20070C0F2491083
:10EB800001210B910DF014FE462005219FEDE80AAE
:10EB90000A908DED090A0CF02FF849F60070C0F2CA
:10EBA000240008900B990DF003FE6E200A9907903F
:10EBB000084607999DED090A0CF01EF808980B9974
:10EBC0000DF0F6FD8C219FEDDB0A07980CF014F890
:10EBD00041F60030C0F2B7000B990DF0E9FD6C2052
:10EBE0000021069102F01CFB43F6A870C2F202005D
:10EBF0000699018040F25800C2F200000222028011
:10EC00004CF68A53C2F20103198040F21473C2F227
:10EC100000039961D961028029E04CF62850C2F2C4
:10EC20000100032101604CF60841C2F201010022FB
:10EC30000A6000684BF2CC11C2F2020101EB8000C5
:10EC400090ED000A40F21470C2F2000090ED0D1A2F
:10EC500030EE410A4CF62C40C2F2010080ED000A71
:10EC60004CF68A50C2F2010001210180FFE7FFE764
:10EC7000FFE7FFE7FFE74CF68A50C2F20100008889
:10EC8000002800F04881FFE74CF6FC30C2F201009A
:10EC900090ED000A4CF62441C2F2010191ED001AF8
:10ECA00030EE010AB7EEC02A43F6E062C2F2020279
:10ECB00092ED000AB7EEC03A9FED994B03EE042B9C
:10ECC000B1EE422BB7EEC20B4CF6E433C2F20103B5
:10ECD00083ED000A90ED000A91ED001A31EE400A32
:10ECE000B7EEC02A92ED000AB7EEC03A03EE442B0D
:10ECF000B7EEC20B4CF6EC33C2F2010383ED000A0F
:10ED000090ED000A91ED001A30EE410AB7EEC02AEC
:10ED100092ED000AB7EEC03A03EE442BB7EEC20BF9
:10ED20004CF6E033C2F2010383ED000A90ED000AD5
:10ED300091ED001A30EE010AB7EEC02A92ED000AFA
:10ED4000B7EEC03A03EE442BB7EEC20B4CF6E830F8
:10ED5000C2F2010080ED000A40F21470C2F200001D
:10ED600090ED060AB7EEC00A0FF0BEFD4CF6084063
:10ED7000C2F2010090ED001AB7EEC12A8DED040B2E
:10ED8000B0EE420B0FF0B0FD9FED672B20EE020BB3
:10ED90009DED042BB4EE402BF1EE10FA40F3BA8057
:10EDA000FFE740F21470C2F2000090ED070AB7EEE0
:10EDB000C00A0FF099FD4CF62C40C2F2010090ED14
:10EDC000001AB7EEC12A8DED020BB0EE420B0FF028
:10EDD0008BFD9FED552B20EE020B9DED022BB4EE2B
:10EDE000402BF1EE10FA40F39580FFE743F6847074
:10EDF000C2F2020090ED010AB7EEC00A0FF074FDF6
:10EE0000B6EE001BB4EE410BF1EE10FA00F3818078
:10EE1000FFE743F68470C2F2020090ED000AB7EEFD
:10EE2000C00A0FF061FDB6EE001BB4EE410BF1EE2F
:10EE300010FA6EDCFFE743F6E060C2F2020090EDEC
:10EE4000000AB7EEC01A9FED362B21EE421BB7EE3B
:10EE5000C10B4CF6E431C2F2010181ED000A90EDE4
:10EE6000000AB7EEC01A21EE421BB7EEC10B4CF6FA
:10EE7000EC31C2F2010181ED000A90ED000AB7EE1B
:10EE8000C01A21EE421BB7EEC10B4CF6E031C2F2C4
:10EE9000010181ED000A90ED000AB7EEC01A21EEE3
:10EEA000421BB7EEC10B4CF6E830C2F2010080ED18
:10EEB000000A40F21470C2F2000000218161C161B9
:10EEC0006C2201901046009102F0AAF96E208C216C
:10EED0009FED180A0BF090FE41F60030C0F2B7002B
:10EEE00001210DF065FC43F6A870C2F20200009902
:10EEF000018040F25800C2F20000022202804CF66B
:10EF00008A53C2F201031980019B9961D961028081
:10EF1000FFE7FFE7FFE7FFE7FFE7FFE714B080BD8C
:10EF2000343333333333E33F15AE47E17A14EE3FE6
:10EF3000000048420000C84282B00A460346ADF8CD
:10EF400006008DF805109DF80500C00700280FD1B8
:10EF5000FFE7BDF9060000EE100AB8EEC01B9FEDFA
:10EF6000102B21EE021BB7EEC10B8DED000A12E053
:10EF7000BDF9060000EE100AB8EEC01BB1EE042B7E
:10EF800081EE021B9FED062B21EE021BB7EEC10B9B
:10EF90008DED000AFFE79DED000A02B0704700BF4B
:10EFA0003D0AD7A3703D144082B00A460346ADF82F
:10EFB00006008DF805109DF80500C00700280FD148
:10EFC000FFE7BDF9060000EE100AB8EEC01B9FED8A
:10EFD000102B21EE021BB7EEC10B8DED000A12E0E3
:10EFE000BDF9060000EE100AB8EEC01BB1EE042B0E
:10EFF00081EE021B9FED062B21EE021BB7EEC10B2B
:10F000008DED000AFFE79DED000A02B0704700BFDA
:10F010003D0AD7A3703D144080B582B001900091A5
:10F020000199009A4CF20000C4F22B00F6F75CFE46
:10F0300002B080BD0000000080B584B00290019154
:10F040000299019A4CF20000C4F22B00F6F7D8FCAA
:10F05000002804D1FFE701208DF80F0003E0002015
:10F060008DF80F00FFE79DF80F0004B080BD000091
:10F0700070B592B0DDF860C0DDF85CE0169C0D461E
:10F080000646ADF84600ADF8441010920F938DF887
:10F090003B408DF83AE08DF839C00020ADF82C00E7
:10F0A0009DF83B109DF83A200690084611460595BC
:10F0B000049600F0E1F846F63C10C8F20000022188
:10F0C000F6F772F84EF63C30C8F200000699F5F7F4
:10F0D00093FFBDF84600BDF8441048430C909DF8DE
:10F0E0003000400700280BD0FFE74EF2CC10C8F2EA
:10F0F00001004EF2EC11C8F201019222FDF7DCFF93
:10F10000BDF84600400700287CD0FFE7BDF8460068
:10F1100020F00700ADF82E000120ADF83600FFE723
:10F120000C98BDF82E10BDF8362001EBC2018842C4
:10F1300024D9FFE70C98BDF82E10BDF8362001EB5E
:10F14000C201B0FBF1F202FB1100002810D1FFE771
:10F15000BDF83600BDF82E1001EBC000ADF82E0052
:10F160000C98BDF82E10B0FBF1F0ADF82C0005E0C6
:10F17000BDF836000130ADF83600D1E7BDF82C00FF
:10F18000002832D1FFE70120ADF83600FFE7BDF8D7
:10F190002E00BDF83610A0EBC100002824D0FFE7F8
:10F1A0000C98BDF82E10BDF83620A1EBC201B0FBC3
:10F1B000F1F202FB1100002810D1FFE7BDF8360084
:10F1C000BDF82E10A1EBC000ADF82E000C98BDF8D4
:10F1D0002E10B0FBF1F0ADF82C0005E0BDF83600C4
:10F1E0000130ADF83600D2E7FFE7BDF82C0000286B
:10F1F00007D1FFE70C98ADF82E000120ADF82C00E8
:10F20000FFE708E0BDF84600ADF82E00BDF8440069
:10F21000ADF82C00FFE707A80390F6F79DF9BDF8BD
:10F220002E00ADF81C00BDF82C00ADF81E009DF8B6
:10F230003900089001208DF82400BDF82E10ADF89B
:10F2400026100021ADF828108DF82A108DF82B001B
:10F250004CF20000C4F22B000290039A0191114677
:10F26000F6F706FA10990F9A029B00901846019B38
:10F27000F6F766FB12B070BD10B58CB00A460346B7
:10F280008DF82F008DF82E10684641F270018160D4
:10F290004FF0000CC0F804C048F20C3EC4F21F0E40
:10F2A000C0F800E048F21C10C4F21F004FF0040E3A
:10F2B00048F21C44C4F21F040A9171460992224686
:10F2C00008936346CDF81CC0CDF818E0FEF744F96A
:10F2D00068460A998160079A426048F21033C4F286
:10F2E0001F03036048F22010C4F21F0048F21842C6
:10F2F000C4F21F020699079BFEF72EF968460A9989
:10F300008160079A426048F21433C4F21F0303601D
:10F3100048F22410C4F21F0048F21442C4F21F0243
:10F320000699079BFEF718F968460A998160079AC3
:10F33000426048F21833C4F21F03036048F22810F9
:10F34000C4F21F0048F21042C4F21F020699079B44
:10F35000FEF702F968460A998160079A426048F20E
:10F360001C33C4F21F03036048F22C10C4F21F00C8
:10F3700048F20C42C4F21F020699079BFEF7ECF814
:10F3800068460A998160079A426048F22033C4F2C5
:10F390001F03036048F23010C4F21F0048F2084215
:10F3A000C4F21F020699079BFEF7D6F868460A9931
:10F3B0008160079A426048F22433C4F21F0303605D
:10F3C00048F23410C4F21F0048F20442C4F21F0293
:10F3D0000699079BFEF7C0F868460A998160079A6C
:10F3E000426048F22833C4F21F03036048F2381029
:10F3F000C4F21F0048F20042C4F21F020699079BA4
:10F40000FEF7AAF89DF82F0000281BD1FFE76846F9
:10F4100041F2700181600021416048F2E422C4F2AF
:10F420001F02026048F2F400C4F21F00042248F2F6
:10F430002843C4F21F03059111461A46059BFEF7A7
:10F440008BF83CE09DF82F00012818D1FFE76846B3
:10F4500041F2700181600021416048F20431C4F240
:10F460001F01016048F21410C4F21F00042148F289
:10F470002842C4F21F020123FEF76EF81EE09DF839
:10F480002F00022819D1FFE7684641F27001816020
:10F490000021416048F2A031C4F21F01016048F22E
:10F4A000B010C4F21F0048F22842C4F21F02022129
:10F4B0000491049BFEF750F8FFE7FFE7FFE79DF894
:10F4C0002E0000281BD1FFE7684641F270018160E1
:10F4D0000021416048F2FC22C4F21F02026048F29F
:10F4E0000C10C4F21F00042248F22443C4F21F038C
:10F4F000039111461A46039BFEF72EF81DE09DF876
:10F500002E00012818D1FFE7684641F270018160A2
:10F510000021416048F29C31C4F21F01016048F2B1
:10F52000AC10C4F21F00022148F22442C4F21F02B0
:10F530000123FEF711F8FFE7FFE70CB010BD000054
:10F5400080B582B0019001994CF20000C4F22B000A
:10F55000F6F77EFB02B080BD80B584B003468DF81F
:10F560000F0002910192FFE79DF80F00002808D1DB
:10F57000FFE740F2F410C2F200000078002801D149
:10F58000FFE722E043F63C60C2F202000078002868
:10F5900002D0FFE7FFE7FEE743F63C60C2F202005D
:10F5A00001780131017002F0BFF8009000F0A8FA74
:10F5B000FFE70299019A4EF27E10C8F20100002383
:10F5C00000F062F800F004F8F3E704B080BD00003A
:10F5D00082B00020019000900190FFE70198FF2881
:10F5E00014D8FFE700200090FFE700980021B1EB5E
:10F5F000104F06D1FFE700BFFFE7009801300090F1
:10F60000F3E7FFE7019801300190E7E702B07047A8
:10F6100080B588B003A8029000F05AFA4DF2397014
:10F62000C8F200000590029800F02AFA01204FF479
:10F63000164110220192019B0EF07EFC08B080BDA5
:10F6400080B584B084468DF80F000291019200933A
:10F65000FFE79DF80F00002801D0FFE712E04BF60E
:10F660006D00C2F20200007800280AD0FFE701997D
:10F67000009A029B4EF27210C8F2010000F004F8EA
:10F68000FFE7FFE704B080BD80B5ADF5287DA7900A
:10F69000A691A592A4930020ADF88A02ADF8880245
:10F6A000ADF88602ADF88402ADF88202A698F3F7B1
:10F6B00021FAADF8860243F64060C2F202000088EB
:10F6C000002807D0FFE743F64060C2F2020000695D
:10F6D0008047FFE74BF66D00C2F202000078002879
:10F6E00000F0C981FFE743F64060C2F202000088E3
:10F6F000002800F08681FFE743F64060C2F2020076
:10F70000C168BDF88222531CADF88232A79B4FF02E
:10F71000000C0F9060460E9111461A460E9B9847BA
:10F72000A698A390A698F3F7E5F9ADF886020F988E
:10F7300041888279B1FBF2F1ADF88412FFE7A3981A
:10F74000411CA39190F90000002801D0FFE7F6E7E3
:10F750000020ADF88802FFE7BDF8880200210128EB
:10F760000D9109DCFFE7BDF986020021B0F1FF3FF2
:10F77000C8BF01210D91FFE70D98C00700281CD0DC
:10F78000FFE7A3980138A390A39890F900002F28D1
:10F7900006D0FFE7A39890F900005C2806D1FFE7A8
:10F7A000BDF888020130ADF88802FFE7FFE7BDF839
:10F7B00086020138ADF88602CEE7BDF98602002840
:10F7C0000DD4FFE7A3980130A390A39A4EF28B11BA
:10F7D000C8F201010DF5C1700FF05AF819E0BDF83B
:10F7E000880200280AD1FFE7A39A4EF29411C8F2CA
:10F7F00001010DF5C1700FF04BF809E0A39A4EF22C
:10F800008B11C8F201010DF5C1700FF041F8FFE74F
:10F81000FFE70020ADF88A02FFE7BDF88A020DF588
:10F82000C1710C900846F3F765F9BDF98412B0FB7D
:10F83000F1F001300C99814255D2FFE70020ADF87C
:10F840008802FFE7BDF88802BDF98412884227DAF2
:10F85000FFE70DF5C170F3F74DF9BDF88812BDF85B
:10F860008A22BDF9843202FB0311884201D2FFE7EC
:10F8700016E0BDF88802BDF88A12BDF9842201FBAA
:10F8800002000DF5C171085CBDF888120DF5A1727A
:10F890005054FFE7BDF888020130ADF88802D1E787
:10F8A000BDF888020DF5A17100220A5443F64060AC
:10F8B000C2F20200C368C079BDF882C20CF1010E29
:10F8C000ADF882E200FB0CF080B20B9010460B9A70
:10F8D0000A9111460A9A9847FFE7BDF88A0201305B
:10F8E000ADF88A0299E7A59A4EF26911C8F20101B2
:10F8F0000DF5C17009900EF0CBFF43F64061C2F2E6
:10F900000201CA68C979BDF8823203F1010CADF871
:10F9100082C2594389B2002308901846099B079276
:10F920001A46DDF81CC0E047A498002868D0FFE71D
:10F930000020ADF88A02FFE7BDF88A02A49906907C
:10F940000846F3F7D7F8BDF98412B0FBF1F00130A7
:10F950000699814253D2FFE70020ADF88802FFE705
:10F96000BDF88802BDF98412884225DAFFE7A49821
:10F97000F3F7C0F8BDF88812BDF88A22BDF98432C9
:10F9800002FB0311884201D2FFE715E0A498BDF8FD
:10F990008812BDF88A22BDF9843202FB0311405C53
:10F9A000BDF888120DF5A1725054FFE7BDF888022A
:10F9B0000130ADF88802D3E7BDF888020DF5A171DA
:10F9C00000220A5443F64060C2F20200C368C079C4
:10F9D000BDF882C20CF1010EADF882E200FB0CF022
:10F9E00080B205901046059A04911146049A9847F2
:10F9F000FFE7BDF88A020130ADF88A029CE7FFE715
:10FA000038E00DF1420000214FF48072F3F751F815
:10FA100043F64061C2F202018968A79A039010463A
:10FA20008847A49800280ED0FFE7A69AA59BA49823
:10FA3000694608604EF25011C8F201010DF1420012
:10FA40000EF026FF0AE0A69AA59B4EF23B11C8F2E3
:10FA500001010DF142000EF01BFFFFE743F640608D
:10FA6000C2F2020080680DF142010290084602993C
:10FA70008847FFE7FFE70DF5287D80BD0000000007
:10FA800081B000900098008843F64061C2F2020104
:10FA90000880009840884880009880888880009876
:10FAA000807988710098C079C871009880688860F2
:10FAB0000098C068C8600098006908614BF66D0046
:10FAC000C2F202000121017001B070470000000085
:10FAD00081B0009000980021018000984FF6FF72DD
:10FAE0004280009882800098FF2282710098C27143
:10FAF000009881600098C1600098016101B0704772
:10FB000080B582B028200021019104F0FDFE2D2057
:10FB1000019904F0F9FE3220019904F0F5FE372036
:10FB2000019904F0F1FE3C20019904F0EDFE412022
:10FB3000019904F0E9FE4620019904F0E5FE4B200E
:10FB4000019904F0E1FE5020019904F0DDFE5520FA
:10FB5000019904F0D9FE5A20019904F0D5FE5F20E6
:10FB6000019904F0D1FE6420019904F0CDFE6920D2
:10FB7000019904F0C9FE6E20019904F0C5FE7320BE
:10FB8000019904F0C1FEA520019904F0BDFEAF204B
:10FB9000019904F0B9FEB920019904F0B5FEC32023
:10FBA000019904F0B1FE02B080BD00000000000029
:10FBB00080B582B00190019901200EF04DFD02B098
:10FBC00080BD00000000000083B002900191019808
:10FBD0000A2815D1FFE7029800684CF6CD41CCF613
:10FBE000CC41A0FB0123DB0803EB8303A0EB430024
:10FBF000009002980368A3FB0113DB08036009E08F
:10FC00000298006800F00F0000900298016809094E
:10FC10000160FFE7009803B070470000000000009B
:10FC200080B592B011906C20012101F0F9FA5320B7
:10FC300005219FED910A10918DED0F0A0AF0DCFF6E
:10FC40004FF4FA700E900CF013FE192010999DEDF0
:10FC50000F0A0AF0D1FF0E980CF00AFE11980B283B
:10FC600008D0FFE71198012804D0FFE71198032876
:10FC700006D1FFE7B92040F2EC4104F045FE3EE03A
:10FC80001198002808D0FFE711980A2804D0FFE750
:10FC90001198022806D1FFE7B9204FF4667104F0ED
:10FCA00033FE2BE01198042808D0FFE711980C28A8
:10FCB00004D0FFE71198072806D1FFE7B9204FF4D9
:10FCC000167104F021FE18E011980E2808D0FFE705
:10FCD0001198052804D0FFE71198092806D1FFE7FD
:10FCE000B92040F22E4104F00FFE05E0B9204FF498
:10FCF000827104F009FEFFE7FFE7FFE7FFE71198D5
:10FD00000E2808D0FFE71198092804D0FFE71198C2
:10FD100005282CD1FFE74FF461700CF0A9FD4620B7
:10FD200005219FED550A0D908DED0C0A0AF064FF38
:10FD300064200B900CF09CFD6E200D990A900846F3
:10FD40000A999DED0C0A0AF057FF0B980CF090FDF4
:10FD500096219FED4A0A0A980AF04EFF4FF4FA7076
:10FD60000CF086FD6C20002101F05AFA81E0119818
:10FD70000B2808D0FFE71198012804D0FFE711985D
:10FD800003283FD1FFE74FF461700CF071FD46206E
:10FD900005219FED390A09908DED080A0AF02CFF24
:10FDA000642007900CF064FD822109989DED080AFB
:10FDB0000AF022FF07980CF05BFD57208C2106907B
:10FDC0009DED080A0AF018FF07980CF051FDB420C9
:10FDD00006990590084605999DED080A0AF00CFF62
:10FDE00007980CF045FD552005999DED080A0AF08D
:10FDF00003FF4FF4FA700CF03BFD6C20002101F082
:10FE00000FFA35E04FF461700CF032FD4620052109
:10FE10009FED190A04908DED030A0AF0EDFE6420AF
:10FE200002900CF025FD822004990190084601996A
:10FE30009DED030A0AF0E0FE02980CF019FD532034
:10FE4000009001999DED030A0AF0D6FE02980CF08D
:10FE50000FFDB42100989DED030A0AF0CDFE4FF48A
:10FE6000FA700CF005FD6C20002101F0D9F9FFE7D4
:10FE7000FFE712B080BD00BF000048420000C8424A
:10FE800080B582B0B92032214FF41672019104F08E
:10FE900027F84D2040F2EE22019904F021F8482085
:10FEA00040F24C420090019904F01AF86C200121B4
:10FEB0000022009B01F0B4F802B080BD00000000F9
:10FEC00081B001468DF803009DF8030000F00100A9
:10FED00040008DF802009DF8030000F0FE0040F2A3
:10FEE0009C02C2F2000252F810009DF8022000EBC2
:10FEF00042100022428101B0704700000000000063
:10FF000080B584B013468C4686468DF80F008DF878
:10FF10000E108DF80D209DF80F009DF80E109DF825
:10FF20000D200293CDF804C0CDF800E000F024F8D5
:10FF300004B080BD0000000080B582B001468DF89D
:10FF400007009DF8070000F0010040008DF8060052
:10FF50009DF8070000F0FE0040F29C02C2F2000291
:10FF600052F810009DF8062000911146FBF724FD81
:10FF700000B202B080BD000080B58AB013468C4646
:10FF800086468DF827008DF826108DF825209DF8DF
:10FF900027009DF82610A0EB5100B0FA80F0400930
:10FFA0004EF28921C8F201019D2206910593CDF8F8
:10FFB00010C0CDF80CE0FFF7CFFA9DF827009DF8B0
:10FFC0002510A0EB5100B0FA80F040099E2206995E
:10FFD000FFF7C2FA9DF827009DF826109DF825200E
:10FFE00004F036FD9DF8270000F0010040008DF878
:10FFF00024009DF82500092804D1FFE703208DF88F
:02000004700189
:10000000230005E09DF8240001308DF82300FFE770
:1000100007A80290FBF7E0FC9DF824008DF81C0077
:100020009DF823008DF81D009DF8270000F0FE00CC
:1000300040F29C01C2F2000151F810009DF824200A
:1000400001911146029AFBF723FD9DF8270000F06D
:10005000FE00019951F810009DF82410FBF78CFC6C
:100060009DF8270000F0FE00019951F810009DF85E
:100070002410029AFBF70CFD9DF8270000F0FE000B
:10008000019951F810009DF824100522FBF760FD3E
:100090000AB080BD0000000080B586B005900598CC
:1000A000002818BF01204EF2A111C8F201014FF043
:1000B0005402FFF751FA4FF000008DF81300FFE7EC
:1000C00005980078C007002804D0FFE702208DF8CB
:1000D000130041E00598017841F001010170059895
:1000E000002181600598C16005984169016105980A
:1000F000407801460028039108D0FFE703980128C3
:100100000ED0FFE70398022815D01FE0059841683C
:1001100042690020029008460299F2F7CAFC15E0F5
:100120000598416840694200002001900846019905
:10013000F2F7BFFC0AE005984168406982000020A0
:10014000009008460099F2F7B4FCFFE705980178A3
:1001500001F0FE010170FFE79DF8130006B080BDBD
:1001600082B00190009100980199CA681044C8605B
:10017000FFE70198C1684069884206D8FFE7019807
:10018000C1684269891AC160F3E702B07047000094
:1001900082B001900091009801998A6810448860AB
:1001A000FFE7019881684069884206D8FFE7019817
:1001B00081684269891A8160F3E702B070470000E4
:1001C00080B586B08C4605908DF81310039202938B
:1001D0000598002818BF01204EF2A111C8F20101B4
:1001E00040F20B22CDF800C0FFF7B6F94FF0000047
:1001F0008DF80700FFE70398002804D1FFE70320EC
:100200008DF8070014E003980599486005980021CF
:1002100001709DF81300059A50700598816005984B
:10022000C160029805990861029805994861FFE745
:100230009DF8070006B080BD80B58EB09C460D903D
:100240000C910B928DF82B300D98002818BF0120CF
:100250004EF2A111C8F2010140F25B120791CDF8F4
:1002600018C0FFF779F90B98002818BF01204FF448
:10027000AE720799FFF770F94FF000008DF82A0071
:10028000FFE70C98002804D1FFE703208DF82A002F
:10029000DBE00D98017841F0040101700D9800F049
:1002A000DFF808900B9800680899884207D9FFE7A3
:1002B00008980B99086005208DF82A00FFE70D9833
:1002C000C1684069401A09900B98006809998842F2
:1002D00032D8FFE70D98407801460028059108D0F4
:1002E000FFE7059801280ED0FFE70598022816D0F1
:1002F00021E00C980D994A68C96811440B9A12685C
:10030000F2F7BAFB17E00C980D994A68C96802EB3E
:1003100041010B9A12685200F2F7AEFB0BE00C9809
:100320000D994A68C96802EB81010B9A1268920024
:10033000F2F7A2FBFFE762E00D9840780146002843
:10034000049108D0FFE7049801281DD0FFE7049826
:10035000022836D052E00C980D994A68C9681144B9
:10036000099AF2F789FB0C99099A11440D9B5B6875
:10037000DDF82CC0DCF800C0ACEB020203900846AC
:100380001946F2F779FB39E00C980D994A68C9686B
:1003900002EB4101099A5200F2F76EFB0C99099A9F
:1003A00001EB42010D9B5B68DDF82CC0DCF800C05E
:1003B000ACEB02025200029008461946F2F75CFBD1
:1003C0001CE00C980D994A68C96802EB8101099AF2
:1003D0009200F2F751FB0C99099A01EB82010D9BF7
:1003E0005B68DDF82CC0DCF800C0ACEB02029200C8
:1003F000019008461946F2F73FFBFFE7FFE79DF83B
:100400002B00002820D1FFE70D980078C0070028B6
:1004100004D0FFE702208DF82A0016E00D9801783D
:1004200041F0010101700D980B990968FFF798FEE2
:100430000B9800680D990A69104408610D980178BD
:1004400001F0FE010170FFE7FFE70D98017801F070
:10045000040101709DF82A000EB080BD000000006C
:1004600080B582B001900198002818BF01204EF29B
:10047000A111C8F201014FF07602FFF76DF8019863
:1004800001694069A0EB010002B080BD00000000DE
:1004900080B590B00F900E910D920F98002818BF64
:1004A00001204EF2A111C8F201014FF0B002FFF796
:1004B00053F84FF000008DF833000B90FFE70E98D3
:1004C000002804D1FFE703208DF83300FAE00F98ED
:1004D00000788007002804D5FFE701208DF833005D
:1004E000F0E00F98017841F0020101700D980F992A
:1004F0000969884200F2DC80FFE70F988168406953
:10050000401A0B900D980B99884240F28780FFE7C4
:100510000F984078014600280A9108D0FFE70A9812
:10052000012828D0FFE70A9802284DD075E00F98DF
:100530004168806808440E990B9AF2F79DFA0F996A
:100540000B9A099008461146FFF722FE0F98416862
:10055000806808440E990B9A11440D9B9A1AF2F781
:100560008BFA0F990D9A0B9BD21A089008461146E8
:10057000FFF70EFE51E00F984168806801EB4000E4
:100580000E990B9A5200F2F777FA0F990B9A07908F
:1005900008461146FFF7FCFD0F984168806801EBA3
:1005A00040000E990B9A01EB42010D9B9A1A5200E2
:1005B000F2F762FA0F990D9A0B9BD21A0690084631
:1005C0001146FFF7E5FD28E00F984168806801EBD0
:1005D00080000E990B9A9200F2F74EFA0F990B9A3F
:1005E000059008461146FFF7D3FD0F9841688068D3
:1005F00001EB80000E990B9A01EB82010D9B9A1A78
:100600009200F2F739FA0F990D9A0B9BD21A0490C7
:1006100008461146FFF7BCFDFFE743E00F9840781E
:1006200001460028039108D0FFE70398012814D061
:10063000FFE70398022822D033E00F9841688068D2
:1006400008440E990D9AF2F717FA0F990D9A029035
:1006500008461146FFF79CFD23E00F98416880682B
:1006600001EB40000E990D9A5200F2F705FA0F992E
:100670000D9A019008461146FFF78AFD11E00F9888
:100680004168806801EB80000E990D9A9200F2F7A4
:10069000F3F90F990D9A009008461146FFF778FD7F
:1006A000FFE7FFE70D980F990A69101A086103E048
:1006B00004208DF83300FFE70F98017801F0FD0169
:1006C0000170FFE79DF8330010B080BD000000000E
:1006D00080B584B0039002910398002818BF0120D0
:1006E0004EF2A111C8F201014FF08402FEF734FF6F
:1006F0004FF000008DF80700FFE7039800788007AF
:10070000002804D5FFE701208DF807003FE003989B
:10071000017841F0020101700398006900282CD093
:10072000FFE70398407801460028009108D0FFE7D2
:10073000009801280AD0FFE7009802280DD013E0A6
:10074000029803994A68896850540DE00298039909
:100750004A68896822F8110006E0029803994A68FD
:10076000896842F82100FFE703980121FFF710FD97
:10077000039801690139016103E004208DF8070045
:10078000FFE70398017801F0FD010170FFE79DF894
:10079000070004B080BD000080B584B04BF2D86083
:1007A000C2F20200006890F821004008C00700284B
:1007B00008D1FFE743F6E460C2F2020000210170B5
:1007C000039040E043F66870C2F20200006800281F
:1007D00010D0FFE743F66870C2F20200016843F6EA
:1007E000E460C2F2020080220290F2F777F90299E7
:1007F000039128E002F0ECF900280BD0FFE743F664
:10080000E460C2F202004FF27F71C8F20101F2F718
:1008100085F90AE043F6E460C2F202004FF2847107
:10082000C8F20101F2F77AF9FFE743F6E460C2F299
:1008300002004FF28B71C8F201010190F2F742F908
:1008400001990391FFE7039804B080BD0000000008
:1008500080B504F069FF80BD80B582B001904BF295
:10086000D860C2F20200006800280CD1FFE74FF206
:100870008D70C8F201004FF2A171C8F20101A322EC
:1008800004F082FDFFE79DF804004BF2D861C2F24C
:100890000201096891F8212000F0010002F0FD0238
:1008A00042EA400081F8210002B080BD0000000053
:1008B00082B00190009101984CF6A441C2F201016E
:1008C000086000984CF6A841C2F20101086002B02D
:1008D000704700000000000080B588B0002006903E
:1008E0004FF61C20C8F201004FF66031C8F201013A
:1008F000FFF7DEFF01204FF4037104F079FD4BF2A6
:10090000D861C2F202010860086800280AD1FFE736
:100910004FF26470C8F2010005F016F94FF0FF3095
:10092000079034E068460A214160142101604FF2CB
:10093000B770C8F201004EF22151C8F20001002246
:100940004FF48053049206F0D3FF05904BF2D86029
:10095000C2F2020000684FF2C371C8F20101049AAA
:10096000049B06F0E9FC012103900846FFF774FFA1
:100970000598002808D0FFE70698002804D1FFE773
:10098000059807F009FAFFE700200790FFE70798AE
:1009900008B080BD0000000080B592B011904BF20D
:1009A000D860C2F20200006890F8211041F0010105
:1009B00080F82110FFF7F0FE05F0C6F8FFE7FFF71B
:1009C00047FF10901098B0F1FF3F01DCFFE7F6E71A
:1009D00010981B2809D1FFE74BF2D860C2F2020041
:1009E0000068012180F82010E9E74BF2D860C2F2DC
:1009F0000200006890F82000012816D1FFE7109847
:100A00005B2809D1FFE74BF2D860C2F20200006810
:100A1000022180F82010D2E74BF2D860C2F2020027
:100A20000068002180F82010F8E04BF2D860C2F294
:100A30000200006890F82000022840F0EE80FFE7F6
:100A40004BF2D860C2F202000068002180F820104A
:100A50001098412840D1FFE74BF2D860C2F2020063
:100A60000068408C012809DBFFE74BF2D860C2F236
:100A700002000068418C0139418407E04BF2D860E4
:100A8000C2F2020000680021418498E74BF2D8606E
:100A9000C2F20200016801F5DB724B8C03EB8303A9
:100AA00001EB0311263150230C9010461A46F1F742
:100AB000E3FF0C990A6802F5DB720B901046F2F71F
:100AC00019F80C990A68A2F808020A68A2F80A0242
:100AD00008680AF0E1F972E7109842284ED1FFE762
:100AE0004BF2D860C2F202000068418C808C013861
:100AF000814209DAFFE74BF2D860C2F202000068D7
:100B0000418C0131418413E04BF2D860C2F2020003
:100B10000068808C002809D0FFE74BF2D860C2F251
:100B200002000068818C0139418400E047E7FFE75B
:100B30004BF2D860C2F20200016801F5DB724B8C07
:100B400003EB830301EB0311263150230A90104677
:100B50001A46F1F791FF0A990A6802F5DB720990CB
:100B60001046F1F7C7FF0A990A68A2F808020A6856
:100B7000A2F80A0208680AF08FF920E710984428C2
:100B80001CD1FFE74BF2D860C2F202000068B0F857
:100B90000A02002811D0FFE74FF26270C8F201008C
:100BA00004F0D2FF4BF2D860C2F202000068B0F845
:100BB0000A120139A0F80A12FFE700E7109843284B
:100BC00027D1FFE74BF2D860C2F202000068B0F80C
:100BD0000A12B0F8080281421ADAFFE74BF2D86035
:100BE000C2F202000168B1F80A22114491F9B6116B
:100BF0004FF29E72C8F201020890104604F0A4FF62
:100C000008980168B1F80A220132A1F80A22FFE728
:100C1000D5E6FFE7FFE7FFE7FFE7FFE7FFE710980D
:100C2000002804D0FFE71098FF2801D1FFE7C6E6AF
:100C30001098092832D1FFE700200F90FFE70F98A6
:100C40004BF2D861C2F202010968B1F80A12884277
:100C50000BDAFFE74FF26270C8F2010004F074FF94
:100C6000FFE70F9801300F90E9E74BF2D860C2F22E
:100C70000200016801F5DB71079008460AF0E8F808
:100C80000798016801F5DB70F1F734FF07990A68EE
:100C9000A2F808020A68A2F80A0290E610987F28D3
:100CA00004D0FFE7109808287DD1FFE74BF2D86009
:100CB000C2F202000068B0F80A02002801D1FFE782
:100CC0007DE64BF2D860C2F202000168B1F808225A
:100CD000013AA1F808220168B1F80A22013AA1F804
:100CE0000A220068B0F80812B0F80A02814247DD13
:100CF000FFE74BF2D860C2F202000168B1F80A22A5
:100D00008B1803F5DB7C03F2B713B1F808128A1ACB
:100D100006906046194605F0A7FE06990A68B2F8E3
:100D200008321A44002382F8B6310A68B2F80A324F
:100D30001A4402F5DB714FF25D72C8F201020590B0
:100D4000104604F001FF06980168B1F80A120E91EE
:100D5000FFE70E984BF2D861C2F202010968B1F8C0
:100D6000081288420BDCFFE74FF26270C8F2010004
:100D700004F0EAFEFFE70E9801300E90E9E711E07B
:100D80004FF25970C8F2010004F0DEFE4BF2D86059
:100D9000C2F202000068B0F808120844002180F88E
:100DA000B611FFE70BE6FFE7FFE710980D2804D028
:100DB000FFE710980A284BD1FFE74BF2D860C2F248
:100DC000020000680AF084F801F002FF012821D136
:100DD000FFE74BF2D860C2F20200006890F82100F1
:100DE000C007002807D0FFE74FF2D950C8F2010032
:100DF00004F0AAFEFFE74BF2D860C2F202000068DE
:100E000000F5DB71B0F8080204900846049901F07F
:100E1000F7FD00E0FFE7FFF7BFFC04F095FE4BF2A3
:100E2000D860C2F20200016801F5DB710022512393
:100E300003900846114602921A46F1F73AFE0399CA
:100E40000A68029BA2F808320A68A2F80A32B6E5DC
:100E50004BF2D860C2F202000068B0F808025028D5
:100E600009DBFFE74BF2D860C2F202000068002104
:100E7000A0F80812FFE74BF2D860C2F20200006847
:100E8000B0F80A12B0F80802814254DAFFE74BF2D8
:100E9000D860C2F202000168B1F80A228B1803F28E
:100EA000B71C03F5DB73B1F808128A1A019060468B
:100EB000194605F0D9FD1099019A1368B3F80AC2D2
:100EC000634483F8B611116891F82110C90700290D
:100ED00011D0FFE74BF2D860C2F202000068B0F810
:100EE0000A12084400F5DB714FF2C070C8F201002D
:100EF00004F02AFEFFE74BF2D860C2F2020000685D
:100F0000B0F80A020D90FFE70D984BF2D861C2F2DB
:100F100002010968B1F8081288420BDAFFE74FF2C4
:100F20006270C8F2010004F00FFEFFE70D98013077
:100F30000D90E9E71AE010984BF2D861C2F2020175
:100F40000A68B2F808321A4482F8B601086890F8C4
:100F50002100C007002808D0FFE710994FF29E70CB
:100F6000C8F2010004F0F0FDFFE7FFE70020109059
:100F70004BF2D860C2F202000168B1F808220132D7
:100F8000A1F808220168B1F80A220132A1F80A2268
:100F90000068B0F8080250280CDBFFE74BF2D8607D
:100FA000C2F2020001680022A1F808220068A0F83D
:100FB0000A22FFE703E5000080B582B001900091AE
:100FC0009DF8041004200DF01FFB019802B080BDB5
:100FD00081B000900098002101600098416001B04C
:100FE000704700000000000080B584B001468DF815
:100FF0000F009DF80F00C0F3421240F20803C2F246
:10100000000353F8222000F01F0002901046029ABD
:1010100001911146F7F754F904B080BD00000000BB
:1010200010B584B094468E4604468DF80F008DF8B6
:101030000E108DF80D2002939DF80E00012804D1AA
:10104000FFE701208DF8040009E09DF80E0000285C
:1010500004D1FFE700208DF80400FFE7FFE79DF8CB
:101060000D00002804D0FFE701208DF8050003E003
:1010700000208DF80500FFE700208DF806009DF8A0
:101080000F00029900F014F89DF80F00C0F3421110
:1010900040F20802C2F2000252F8211000F01F00D4
:1010A00001AA009008460099F6F79AFF04B010BD17
:1010B00082B002468DF8070000919DF807002028B5
:1010C00018DBFFE79DF807005F2813DCFFE79DF8BA
:1010D000070048F23C01C4F21F01052241F820201C
:1010E00000989DF8071048F22C22C4F21F0242F823
:1010F0002100FFE79DF80700602818DBFFE79DF857
:101100000700642813DCFFE79DF8070048F254014C
:10111000C4F21F01052241F8202000989DF8071015
:1011200048F24422C4F21F0242F82100FFE79DF872
:1011300007006C2818DBFFE79DF80700712813DC17
:10114000FFE79DF8070048F20C01C4F21F010522D9
:1011500041F8202000989DF8071048F2FC12C4F2D4
:101160001F0242F82100FFE79DF807007A2818DBEC
:10117000FFE79DF807007B2813DCFFE79DF80700D9
:1011800047F6CC61C4F21F01052241F820200098E7
:101190009DF8071048F2BC02C4F21F0242F8210079
:1011A000FFE702B07047000080B582B00B4684466E
:1011B0008DF807008DF8061000929DF806000028B3
:1011C00014D1FFE79DF8070000F01F01012202FA89
:1011D00001F1C0F3421040F20802C2F2000252F8DC
:1011E0002000426822EA0101416012E09DF80700F8
:1011F00000F01F01012202FA01F1C0F3421040F297
:101200000802C2F2000252F8200042681143416015
:10121000FFE79DF807000099FFF74AFF02B080BD85
:1012200080B584B00A4603468DF80F008DF80E1085
:101230009DF80E00002815D0FFE79DF80F00C0F3C1
:10124000421140F20802C2F2000252F8211000F0EE
:101250001F00012202FA00F0029008460299F7F7F7
:101260004BF814E09DF80F00C0F3421140F2080261
:10127000C2F2000252F8211000F01F00012202FA0F
:1012800000F0019008460199F6F74EFEFFE704B022
:1012900080BD00000000000080B584B001468DF8DC
:1012A0000F009DF80F00C0F3421240F20803C2F293
:1012B000000353F8222000F01F00012303FA00F07E
:1012C00002901046029A01911146F6F7EDFF04B024
:1012D00080BD00000000000080B54EF62C50CEF21C
:1012E000000000688007002807D5FFE74FF65A0086
:1012F000C8F2010004F028FCFFE74EF62C50CEF2B5
:10130000000000684000002822D5FFE74EF6295073
:10131000CEF200000078002803D0FFE7FCF7FCFFC6
:10132000FFE74EF62850CEF200000078002803D0E8
:10133000FFE701F07DFAFFE74EF62A50CEF20000FB
:101340000088002803D0FFE70DF09EF9FFE7FFE7D4
:101350004EF62C50CEF200000068C00F002807D0D7
:10136000FFE74FF66F00C8F2010004F0EDFBFFE766
:1013700080BD00000000000080B54FF25520C8F28B
:10138000010004F0E1FB002080BD0000000000002F
:1013900082B00146ADF8060000200090BDF90600BD
:1013A00000EE100AB8EEC00A9FED041A80EE010AA2
:1013B0008DED000A9DED000A02B0704700008045E7
:1013C00080B582B03B200DF10201062200F024F925
:1013D0009DF802009DF8031041EA002043F6AA712F
:1013E000C2F2020108809DF804009DF8051041EA50
:1013F000002043F6AC71C2F2020108809DF806009D
:101400009DF8071041EA002043F6AE71C2F20201D6
:10141000088002B080BD000080B582B043200DF18D
:101420000201062200F0F8F89DF802009DF8031072
:1014300041EA002043F6B071C2F2020108809DF833
:1014400004009DF8051041EA002043F6B271C2F293
:10145000020108809DF806009DF8071041EA00206F
:1014600043F6B471C2F20201088002B080BD0000F0
:1014700082B00146ADF8060000200090BDF90600DC
:1014800000EE100AB8EEC00A9FED041A80EE010AC1
:101490008DED000A9DED000A02B0704733338341A1
:1014A00080B588B000208DF81F008DF81E00ADF8C3
:1014B0001C000A21069008460BF0DAF968464FF640
:1014C000FF718160412141600160042049F2806226
:1014D000C0F29802069B05911946059B0AF0F0FAA6
:1014E0005420012148230491049AFFF799FDFFE756
:1014F00000F0BAF8002811D0FFE74EF29531C8F29B
:1015000001014EF2C632C8F2010200204FF48B7383
:10151000FEF796F801208DF81E0050E06B20802128
:1015200000F0CEF802200BF0A3F9FFE76B2000F0EB
:101530004BF88DF81F00BDF81C00411CADF81C10C5
:10154000B0F5807F11DBFFE74EF2B031C8F2010148
:101550004EF2C632C8F2010200204FF49373FEF738
:101560006FF801208DF81E0005E0FFE79DF81F00D1
:101570004128DBD1FFE79DF81E00012801D1FFE7DC
:101580001DE06B200121039100F09AF86C200021EE
:1015900000F096F81A20039900F092F8192007211C
:1015A00000F08EF81B20182100F08AF81C20102172
:1015B00000F086F81D20032100F082F8FFE79DF877
:1015C0001E0008B080BD000080B584B001468DF8D3
:1015D0000F0000208DF80E0040F20800C2F200005B
:1015E00082684FF4801302901046019119460093CF
:1015F000F6F7B2FC9DF80F0040F0800104200AF0DD
:10160000EFFE8DF80E00029880680099F6F78CFEC8
:101610009DF80E0004B080BD80B586B003468DF8FD
:1016200017000491039240F20800C2F200008168A2
:101630004FF4801202900846114601930092F6F78B
:101640008BFC9DF8170040F08001049A039B042056
:101650000AF0F6FE029880680099F6F765FE06B07B
:1016600080BD00000000000080B582B000208DF831
:1016700007008DF80600ADF80400FFE79DF80700AD
:10168000122816D0FFE7BDF80400411CADF8041085
:10169000B0F5807F04DBFFE701208DF8060008E04D
:1016A0007520FFF791FF8DF807000A200BF0E0F896
:1016B000E4E79DF8060002B080BD000000000000D5
:1016C00080B586B00A4603468DF817008DF81610CF
:1016D00040F20800C2F2000081684FF4801C0490C0
:1016E0000846614603920293CDF804C0F6F734FC35
:1016F0009DF817109DF8162004200AF035FF049875
:1017000080680199F6F710FE06B080BD0000000069
:1017100080B582B00146ADF80600BDF90600009123
:10172000F6F7E2F802B080BD80B544F27000C2F274
:101730000200016801310160F5F7CAFD80BD0000BB
:1017400080B50320FBF798FC80BD0000000000007E
:1017500080B584B00A460346ADF80E008DF80D1032
:10176000BDF90E009DF80D1002920193FBF73CFCB1
:1017700004B080BD0000000043F6B870C2F2020061
:10178000006A44F27401C2F2020148600020C8609D
:1017900049F69A12C3F619620A60886040F2002185
:1017A000C2F20001D1F8283340F2305CC2F2000CE2
:1017B000CCF80430CCF80C00CCF80020CCF80800B1
:1017C000D1F82C1340F24053C2F200035960D860A4
:1017D0001A6098607047000086B005908DED040A8D
:1017E000CDED030A059890ED020A9DED031A30EE47
:1017F000410A8DED020A059890ED000A90ED031A5A
:1018000031EE000A8DED010A9DED010A059890ED7B
:10181000011A30EE011A80EE010A8DED000A9DEDED
:10182000020A9DED001A9DED042A32EE402A01EED7
:10183000020A059880ED020A9DED000AB7EE001A33
:1018400031EE400A9DED011A20EE010A059880ED67
:10185000030A059890ED020A06B0704700000000E8
:1018600080B584B04C2000210122482303910292CC
:101870000193FFF7D5FB4D200399029A019BFFF7D7
:10188000CFFB04B080BD000080B582B0019001980C
:10189000012809DBFFE747200021FFF7C1FC019980
:1018A000552003F031F809E047200121FFF7B8FC8B
:1018B00001984142552003F027F8FFE702B080BDB0
:1018C00080B582B001900198012809DBFFE74A202A
:1018D0000021FFF7A5FC0199642003F015F809E049
:1018E0004A200121FFF79CFC01984142642003F04B
:1018F0000BF8FFE702B080BD80B582B04FF28E30AA
:10190000C8F2010004F020F94CF6A440C2F2010034
:1019100000680190FFE701984CF6A841C2F201016E
:10192000096888421BD2FFE7019800684FF28C617A
:10193000C8F201010222F1F7FAF8002801D1FFE70D
:1019400009E00198016842684FF2B950C8F20100FD
:1019500004F0FAF8FFE701980C300190DBE7002073
:1019600002B080BD0000000080B59CB000200D904A
:101970004FF2CA60C8F201000B9016A804210EAA0B
:101980000823079300F084F807980C900C990B9AA1
:101990004FF24E40C8F2010004F0D6F80C9801F066
:1019A0000FFA4FF23530C8F2010004F0CDF8FFE72E
:1019B0000D9816A900F090F80D9000200A90FFE70E
:1019C0000A981A9988425BDAFFE70A980EA951F83B
:1019D00020000C380990F0F74FFF1B900998007A0F
:1019E00000F07F009DF86010884204D0FFE71B984C
:1019F000F0F746FF40E01B98F0F742FF0998089087
:101A00000898143004F070F9002823D1FFE70C99EE
:101A10000898C26900F114030690184605910492D3
:101A200004F06EF969464860049808604FF26F60F0
:101A3000C8F2010008220599069B04F085F8089871
:101A4000143009F0E5FA4FF2D950C8F2010004F061
:101A50007BF810E00C990898C2696B461A604FF247
:101A60007C32C8F201020823039010461A46039BF9
:101A700004F06AF8FFE7FFE70A9801300A909FE751
:101A8000FFE70D98002893D1FFE700201CB080BD30
:101A900080B588B08C4607908DF81B100592049392
:101AA0009DF81B00CDF804C005F08EF90390039853
:101AB000043002900298079908609DF81B0007996E
:101AC000087205980799486004980799C8600798B4
:101AD0000021016108B080BD80B58AB008900791EF
:101AE00000200690079908610798C068002805D073
:101AF000FFE70798007A002803D1FFE7002009904C
:101B000052E00798006803900898002805D1FFE785
:101B1000039804900120069002E008980490FFE7E3
:101B2000F0F7AAFE05900698002813D1FFE7049865
:101B30000C3800900098007A00F07F000799097A2D
:101B4000884206D0FFE70598F0F79AFE002009903A
:101B50002AE0FFE700200190079840680290FFE725
:101B600004980068049004980399884203D1FFE721
:101B7000002004900FE00198013001900498029930
:101B80000A1D0292086001980799C968884201D12C
:101B9000FFE700E0E4E70598F0F772FE0198079987
:101BA000086104980990FFE709980AB080BD000019
:101BB00080B5A0B0002011904FF2D660C8F20100AD
:101BC0000F901AA8052112AA08230B93FFF760FFB4
:101BD0000B98109010990F9A4FF2D540C8F201005F
:101BE00003F0B2FF109801F0EBF84FF2FA20C8F2C0
:101BF000010003F0A9FFFFE711981AA9FFF76CFF96
:101C0000119000200E90FFE70E981E9988426BDA23
:101C1000FFE70E9812A951F820000C380D90F0F74C
:101C20002BFE1F900D98007A00F07F009DF8701039
:101C3000884204D0FFE71F98F0F722FE50E01F987B
:101C4000F0F71EFE0D980C900C98143004F04CF830
:101C5000002827D1FFE710990C98428C038C00F1E3
:101C6000140C0A90604609910892079304F048F812
:101C70006946886007984860089808604FF2596084
:101C8000C8F20100082209990A9B03F05DFF0C9835
:101C9000143009F0BDF94FF2D950C8F2010003F039
:101CA00053FF1CE010990C98428C038C00F1140C2B
:101CB0000690604605910492039304F021F869466A
:101CC000886003984860049808604FF2DD30C8F2DD
:101CD000010008220599069B03F036FFFFE7FFE7A6
:101CE0000E9801300E908FE7FFE7119800287FF4DF
:101CF00083AFFFE7002020B080BD0000000000009F
:101D000080B59AB000200B904FF2BC60C8F2010081
:101D1000099014A807210CAA08230593FFF7B8FE21
:101D200005980A900A99099A4FF21F50C8F20100CB
:101D300003F00AFF0A9801F043F84FF25230C8F25C
:101D4000010003F001FFFFE70B9814A9FFF7C4FEA1
:101D50000B9000200890FFE708981899884238DA1D
:101D6000FFE708980CA951F820000C380790F0F70D
:101D700083FD19900798007A00F07F009DF85810B5
:101D8000884204D0FFE71998F0F77AFD1DE0199812
:101D9000F0F776FD079806900A9906988269C3695C
:101DA000D0F820C0EE46CEF80830CEF804C0CEF809
:101DB00000204FF23242C8F201020823049010467C
:101DC0001A46049B03F0C0FEFFE708980130089014
:101DD000C2E7FFE70B980028B6D1FFE700201AB052
:101DE00080BD00000000000010B59EB000200F90E4
:101DF0004FF2B460C8F201000D9018A810AA082193
:101E00000791079BFFF744FE07980E900E990D9AD5
:101E10004FF2AE40C8F2010003F096FE0E9800F0BB
:101E2000CFFF4FF2F420C8F2010003F08DFEFFE770
:101E30000F9818A9FFF750FE0F9000200C90FFE7B5
:101E40000C981C99884278DAFFE70C9810A951F891
:101E500020000C380B90F0F70FFD1D900B98007AC6
:101E600000F07F009DF86810884204D0FFE71D98BD
:101E7000F0F706FD5DE01D98F0F702FD0B980A9063
:101E8000002009900A98C06A0890FFE708980A990C
:101E90002C31884208D0FFE7099801300990FFE70C
:101EA000089800680890F1E70998012825DBFFE70A
:101EB0000E990A98C269436AD0F828C0DDF824E078
:101EC0006C46C4F80CE0C4F808C0636022604FF2AE
:101ED0003D62C8F201020823069010461A46069B8E
:101EE00003F032FE0A982C3009F092F84FF2D950E4
:101EF000C8F2010003F028FE1AE00E990A98C269A0
:101F0000436AD0F828C0DDF824E06C46C4F80CE041
:101F1000C4F808C0636022604FF2C132C8F2010207
:101F20000823059010461A46059B03F00DFEFFE7B7
:101F3000FFE70C9801300C9082E7FFE70F9800282C
:101F40007FF476AFFFE700201EB010BD0000000058
:101F500080B59EB000200F904FF2A260C8F2010041
:101F60000D9018A8062110AA08230993FFF790FDE9
:101F700009980E900E990D9A4FF2F640C8F20100A2
:101F800003F0E2FD0E9800F01BFF4FF2C820C8F2EC
:101F9000010003F0D9FDFFE70F9818A9FFF79CFD9A
:101FA0000F9000200C90FFE70C981C99884263DA90
:101FB000FFE70C9810A951F820000C380B90F0F7AF
:101FC0005BFC1D900B98007A00F07F009DF8681074
:101FD000884204D0FFE71D98F0F752FC48E01D98B6
:101FE000F0F74EFC0B980A900A98143003F07CFE30
:101FF000002823D1FFE70E990A98828C00F1140380
:10200000089018460791069203F07AFE69464860E8
:10201000069808604FF21C60C8F201000822079978
:10202000089B03F091FD0A98143008F0F1FF4FF27D
:10203000D950C8F2010003F087FD18E00E990A9804
:10204000828C00F11403059018460491039203F06A
:1020500057FE69464860039808604FF2A030C8F206
:10206000010008220499059B03F06EFDFFE7FFE7DE
:102070000C9801300C9097E7FFE70F9800287FF449
:102080008BAFFFE700201EB080BD00000000000005
:1020900080B59EB000200F904FF2D060C8F20100D2
:1020A0000D9018A8032110AA08230993FFF7F0FC4C
:1020B00009980E900E990D9A4FF28A40C8F20100CD
:1020C00003F042FD0E9800F07BFE4FF21630C8F28E
:1020D000010003F039FDFFE70F9818A9FFF7FCFC9A
:1020E0000F9000200C90FFE70C981C99884240DA72
:1020F000FFE70C9810A951F820000C380B90F0F76E
:10210000BBFB1D900B98007A00F07F009DF86810D3
:10211000884204D0FFE71D98F0F7B2FB25E01D9838
:10212000F0F7AEFB0B980A900E990A98026AC37FEB
:1021300000F1140C0890604607910692059303F095
:10214000DFFD6946C86005988860069848600820E9
:1021500008604FF2F331C8F2010104900846079974
:10216000049A089B03F0F0FCFFE70C9801300C90F8
:10217000BAE7FFE70F980028AED1FFE700201EB0B6
:1021800080BD00000000000080B59EB000200F90D0
:102190004FF29860C8F201000D9018A8022110AA11
:1021A00008230993FFF774FC09980E900E990D9A75
:1021B0004FF27040C8F2010003F0C6FC0E9800F028
:1021C000FFFD4FF2DF20C8F2010003F0BDFCFFE786
:1021D0000F9818A9FFF780FC0F9000200C90FFE7E4
:1021E0000C981C99884263DAFFE70C9810A951F803
:1021F00020000C380B90F0F73FFB1D900B98007AF5
:1022000000F07F009DF86810884204D0FFE71D9819
:10221000F0F736FB48E01D98F0F732FB0B980A9078
:102220000A98143003F060FD002823D1FFE70E99CF
:102230000A98828B00F114030890184607910692C1
:1022400003F05EFD69464860069808604FF22D6015
:10225000C8F2010008220799089B03F075FC0A9850
:10226000143008F0D5FE4FF2D950C8F2010003F047
:102270006BFC18E00E990A98828B00F1140305900C
:1022800018460491039203F03BFD694648600398A9
:1022900008604FF2B130C8F2010008220499059B92
:1022A00003F052FCFFE7FFE70C9801300C9097E732
:1022B000FFE70F9800287FF48BAFFFE700201EB0E8
:1022C00080BD00000000000080B5BCB000202D9053
:1022D0004EF6E070C8F201002C9036A801212EAA1B
:1022E00008230593FFF7D4FB05982B902B992C9A84
:1022F0004FF27550C8F2010003F026FC2B9800F055
:102300005FFD4FF26720C8F2010003F01DFCFFE7FC
:102310002D9836A9FFF7E0FB2D9000202A90FFE7CB
:102320002A983A99884280F2AF80FFE72A982EA92E
:1023300051F820000C382990F0F79EFA3B9029982C
:10234000007A00F07F009DF8E010884204D0FFE79B
:102350003B98F0F795FA93E0299909A88022F0F7C5
:102360008BFB3B9904900846F0F78AFA299808906D
:102370002B99089890F835206B461A604FF2F65268
:10238000C8F201020823039010461A46039B03F08B
:10239000DBFB089890F8340000F007008DF81F0070
:1023A0009DF81F00012807D1FFE74FF2ED50C8F25A
:1023B000010003F0C9FB33E09DF81F00022807D19C
:1023C000FFE74FF28F60C8F2010003F0BDFB26E08B
:1023D0009DF81F00002807D1FFE74FF2DB50C8F23D
:1023E000010003F0B1FB19E09DF81F00042807D19C
:1023F000FFE74FF2E450C8F2010003F0A5FB0CE048
:102400009DF81F00032807D1FFE74FF2AB60C8F229
:10241000010003F099FBFFE7FFE7FFE7FFE7FFE7B6
:102420000898806A0690FFE706980078232804D170
:10243000FFE7069801300690F6E70898C169826ABE
:10244000C36AD0F830C0511A1944DDF818E0A2EB85
:102450000E021A444FF0640E02FB0EF2B2FBF3F2CE
:10246000806CEE46CEF804C0CEF800004FF20A4071
:10247000C8F2010002921A46029B03F065FBFFE7D7
:102480002A9801302A904BE7FFE72D9800287FF427
:102490003FAFFFE700203CB080BD0000000000001F
:1024A00080B59AB000200B904FF2C460C8F20100D2
:1024B000099014A80A210CAA08230593FFF7E8FA4B
:1024C00005980A900A99099A4FF24F50C8F20100F4
:1024D00003F03AFB0A9800F073FC4FF2A420C8F214
:1024E000010003F031FBFFE70B9814A9FFF7F4FAA2
:1024F0000B9000200890FFE708981899884248DA66
:10250000FFE708980CA951F820000C380790F0F765
:10251000B3F919900798007A00F07F009DF85810E1
:10252000884204D0FFE71998F0F7AAF92DE019982E
:10253000F0F7A6F9079806900A990698426A836A06
:10254000EC46CCF80430CCF800204FF20262C8F21E
:1025500001020823049010461A46049B03F0F4FA83
:102560000698407AC007002807D0FFE74FF21450C2
:10257000C8F2010003F0E8FA06E04FF21250C8F288
:10258000010003F0E1FAFFE7FFE708980130089047
:10259000B2E7FFE70B980028A6D1FFE705F068FD3A
:1025A0004FF2C651C8F2010103900846039903F0A7
:1025B000CBFA00201AB080BD80B586B0FFE7292095
:1025C000012148230591059AFEF72AFDFFE7FEF752
:1025D00067FF0028F3D1FFE709F03AFAF9F7ECFDBD
:1025E000FDF74EFC4FF4FA600AF042F9F6F7ACF84A
:1025F000F0F782FDFFF7C0F84CF68030C2F2010020
:1026000009F002FA4CF6C030C2F2010009F0FCF900
:102610004CF66030C2F2010009F0F6F94CF6A03039
:10262000C2F2010009F0F0F9FAF7F6FF43F6847000
:10263000C2F20200FEF7CCFCF6F722F900F0DCFE55
:1026400000F01AFF00F064FE00F09EFE00F038FE7D
:102650000BF0B2FAFBF700FF00F06EF8FFF700F99D
:1026600000F0C6F800F0FCFD02F0DEFD0BF090F982
:1026700001F0DEFB2920012100224823049103926E
:102680000293FEF7CDFC30200499039A029BFEF7DB
:10269000C7FC31200499039A029BFEF7C1FC32204B
:1026A0000499039A029BFEF7BBFC33200499039A1A
:1026B000029BFEF7B5FCFFE72920FEF7EDFD40F297
:1026C0006800C2F20000B0F900000130002807D114
:1026D000FFE740F26800C2F2000000210180FFE73E
:1026E0004C20FEF781FC002814D1FFE74CF638504F
:1026F000C2F20100022101804EF6E320C8F201007F
:1027000003210CF0B5F84FF496710190084605F0DE
:1027100073FAFFE74FF4967005F06EFACCE700000D
:1027200080B582B0019002F09BFEFFF745FF02B03A
:1027300080BD00000000000080B584B0684605211F
:10274000416001604DF6DF70C8F2010049F2595155
:10275000C8F2010100224FF4806305F0C9F803902C
:102760000398002804D0FFE7039805F015FBFFE766
:1027700068460A214160072101604DF6FB70C8F2EE
:1027800001004BF23911C8F2000100224FF48063BE
:1027900005F0AEF803900398002804D0FFE70398F3
:1027A00005F0FAFAFFE704B080BD00000000000069
:1027B00080B582B0019000F02FFFFFE744F2940053
:1027C000C2F2020000684FF0FF3104F06DFE0028F5
:1027D0000CD1FFE74CF68E50C2F2010000880028B1
:1027E00003D0FFE7FBF7B4FEFFE7FFE7E6E70000F3
:1027F00080B584B06846052141600F2101604EF22A
:102800000F00C8F2010040F23931C8F20101002284
:102810004FF4806305F06CF803900398002804D00F
:10282000FFE7039805F0B8FAFFE704B080BD0000A9
:1028300080B582B04FF60D00C8F2010003F084F9B4
:102840004EF62850CEF2000001784FF6D912C8F2A9
:1028500001020190104603F077F901980178C90749
:10286000002907D0FFE74FF67210C8F2010003F00D
:102870006BF9FFE74EF62850CEF200000078800793
:10288000002807D5FFE74FF66810C8F2010003F0F3
:102890005BF9FFE74EF62850CEF200000078000703
:1028A000002807D5FFE74FF69610C8F2010003F0A5
:1028B0004BF9FFE74EF62850CEF200000078C00634
:1028C000002807D5FFE74FF68D10C8F2010003F08E
:1028D0003BF9FFE74EF62850CEF2000000780006E4
:1028E00000280CD5FFE74EF63450CEF20000016808
:1028F0004FF64A00C8F2010003F026F906E04FF255
:10290000D950C8F2010003F01FF9FFE702B080BD03
:1029100080B58AB00990002007900690099890F938
:102920000000002806D1FFE700200390039900F083
:102930000FF960E04CF6A440C2F201000068049078
:10294000FFE704984CF6A841C2F2010109688842E9
:1029500046D2FFE7049800684FF23F71C8F20101C8
:102960000622F0F7E4F8002801D0FFE734E00498ED
:102970000068063005900998059902900191F0F7DA
:10298000B9F80299009008460199009AF0F7CFF83B
:10299000002820D1FFE70798002807D1FFE7059816
:1029A00006900698F0F7A6F80790FFE706980599B5
:1029B00009F0CAFE089008980799884203DAFFE7F1
:1029C00008980790FFE705994EF64150C8F20100BC
:1029D00003F0BAF8FFE7FFE704980C300490B0E783
:1029E0000698002806D0FFE709980699079A04F090
:1029F000C7FEFFE7FFE70AB080BD0000000000004F
:102A000080B588B006900591FFE7069890F9000020
:102A100001212028029109D0FFE7069890F90000D3
:102A20000938B0FA80F040090290FFE70298C00729
:102A3000002807D0FFE70698013006900598013876
:102A40000590E2E70598002803D1FFE700200790F2
:102A500034E00698059904AAFAF7AEFB002803D1E2
:102A6000FFE70498079029E006980390FFE7039892
:102A700090F9000000212028019108D0FFE7039879
:102A800090F90000002818BF01200190FFE701988D
:102A9000C007002804D0FFE7039801300390E6E761
:102AA00003980021017006994FF2DE60C8F2010020
:102AB00003F04AF84FF0FF300790FFE7079808B09F
:102AC00080BD00000000000080B584B0039002913A
:102AD000002000904CF6A440C2F201000068019072
:102AE000FFE701984CF6A841C2F20101096888424B
:102AF00029D2FFE7019800684FF23F71C8F2010147
:102B00000622F0F714F8002801D0FFE717E001983B
:102B1000006806300399029AF0F709F800280DD1F1
:102B2000FFE7019800680299084490F90600002820
:102B300004D1FFE701988068009004E0FFE7019866
:102B40000C300190CDE7009804B080BD000000007B
:102B500080B584B0039002914FF21470C8F2010066
:102B600002F0F2FF4CF6A440C2F2010000680190AE
:102B7000FFE701984CF6A841C2F2010109688842BA
:102B80001CD2FFE7019800684FF23F71C8F20101C3
:102B90000622EFF7CCFF002801D0FFE70AE00198FA
:102BA0000168426806314FF22F70C8F2010002F04E
:102BB000CBFFFFE701980C300190DAE74FF2D950D4
:102BC000C8F2010002F0C0FF002004B080BD000088
:102BD000012070470000000080B58AB0099008917C
:102BE000079209980690002005900490FFE7059849
:102BF0000899884280F0DF80FFE7FFE7069890F9A8
:102C00000000202808D0FFE7069890F90000002176
:102C10000928029108D1FFE7059808990022884207
:102C200038BF01220292FFE70298C00700280AD0AD
:102C3000FFE706980021017006980130069005987C
:102C400001300590DAE704980A2824D3FFE74FF211
:102C5000F660C8F2010002F077FF00200390FFE762
:102C60000398049988420FD2FFE70798039950F818
:102C700021104FF23B70C8F2010002F065FFFFE740
:102C8000039801300390EBE74FF2D950C8F20100EE
:102C900002F05AFF8FE005980899884201D3FFE7B8
:102CA00089E0069890F9000022284FD1FFE70698A6
:102CB0000130069005980130059006980799049A0E
:102CC00041F82200049801300490FFE7069890F93B
:102CD000000000212228019108D0FFE705980899FB
:102CE0000022884238BF01220192FFE70198C00705
:102CF00000281BD0FFE7069890F900005C280ED151
:102D0000FFE7069890F90100222807D1FFE706980F
:102D100001300690059801300590FFE7FFE706981F
:102D200001300690059801300590CFE70598089985
:102D3000884201D3FFE73EE0069800210170069823
:102D40000130069005980130059033E00698079908
:102D5000049A41F82200049801300490FFE7069895
:102D600090F9000000212028009110D0FFE706987C
:102D700090F9000000210928009108D0FFE705988C
:102D800008990022884238BF01220092FFE700988C
:102D9000C007002807D0FFE7069801300690059885
:102DA00001300590DBE705980899884201D3FFE7D9
:102DB00001E0FFE71BE704980AB080BD00000000B7
:102DC00080B582B00190FFE70198411E0191002873
:102DD00007D0FFE74FF21860C8F2010002F0B4FE1E
:102DE000F2E702B080BD000080B582B00190FFE73D
:102DF00044F24010C2F20200006844F24411C2F2F0
:102E000002014FF0FF32009103F0BAF800990A680E
:102E100040F26203C2F200031A701A78002A27D126
:102E2000FFE744F24410C2F202000168090A01609F
:102E300040F26800C2F20000B0F900000B2816DC76
:102E4000FFE709F01DFD40F26800C2F200000188B2
:102E500001310180B0F900000B2807D1FFE74CF6E3
:102E60008E50C2F2010001210180FFE7FFE7DEE0A2
:102E700040F26200C2F200000078012840F0818038
:102E8000FFE74BF2D060C2F202000088002877D042
:102E9000FFE744F24410C2F202000168090A01602F
:102EA0000168090A016000684CF68C51C2F2010108
:102EB00008704CF63850C2F20100B0F90000032847
:102EC0001ED1FFE740F21470C2F2000000218161C0
:102ED000C1614CF63850C2F20100022202804CF669
:102EE0001040C2F2010001704CF64050C2F20100E5
:102EF0000068818340F2BC10C2F2000002802FE023
:102F000040F21470C2F2000000218161C1614BF2F5
:102F1000C812C2F20202B2F9003003EB43034BF2D3
:102F2000047CC2F2020C0CEB83035B680363B2F90E
:102F3000002002EB42020CEB8202926842634CF6E4
:102F40003850C2F20100018040F25800C2F2000085
:102F50000122028043F6D860C2F202000160FFE75E
:102F60004CF64450C2F2010000684FF4617103F066
:102F70006BF94BF2D061C2F2020100220A80FFE736
:102F800054E040F26200C2F20000007807284CD101
:102F9000FFE744F24410C2F202000168090A01602E
:102FA0000168090A016000684CF61441C2F201018F
:102FB00008600868FF2808D0FFE74CF61440C2F20A
:102FC000010001688900016000E0FFE74CF638501D
:102FD000C2F20100052101804CF61440C2F201004A
:102FE0000068FF2807D1FFE74BF66C00C2F2020031
:102FF0000021017018E04CF61440C2F2010090ED7F
:10300000000AB8EEC00A4CF66820C2F20100DFEDFB
:10301000080A1E210222F8F78FFB4CF6F030C2F2AC
:10302000010080ED000AFFE7FFE7FFE7FFE7DFE6CB
:103030000000AA420000000080B58AB044F23C10B3
:10304000C2F2020004210890084608990BF060FAC9
:1030500044F2E001C2F202010122079008460899F9
:10306000FDF716FA08990A788DF8272044F23D12E8
:10307000C2F202021278072A00F3E280FFE79DF80D
:103080002700202800F0CE80FFE744F23D10C2F276
:103090000200007801460628069100F27380069926
:1030A000DFE801F004701F703A7055009DF82700AA
:1030B00028280DD0FFE744F2E000C2F20200FCF73E
:1030C000EBFF44F23D11C2F2020100220A7007E058
:1030D00044F23D10C2F20200017801310170FFE7B5
:1030E00058E09DF827002C280DD0FFE744F2E000BF
:1030F000C2F20200FCF7D0FF44F23D11C2F202011D
:1031000000220A7007E044F23D10C2F2020001788A
:1031100001310170FFE73DE09DF827002C280DD01C
:10312000FFE744F2E000C2F20200FCF7B5FF44F210
:103130003D11C2F2020100220A7007E044F23D1084
:10314000C2F20200017801310170FFE722E09DF830
:10315000270029280DD0FFE744F2E000C2F2020068
:10316000FCF79AFF44F23D11C2F2020100220A70FC
:1031700007E044F23D10C2F2020001780131017013
:10318000FFE707E044F23D10C2F20200017801318E
:103190000170FFE744F23D10C2F2020000780728F8
:1031A0003FD1FFE744F2E000C2F202000590FDF7D4
:1031B00057F944F2F801C2F20201086044F2FC003F
:1031C000C2F202000022059B04901846DDF810C0F0
:1031D00003916146DDF80CE002927246029BFDF716
:1031E0002BF844F24011C2F202010968049A5378A4
:1031F00092F803C092F805E01B0443EA0C237344E1
:1032000001900846194603F01FF8059900900846FA
:10321000FCF742FF44F23D11C2F20201029A0A7029
:10322000FFE70CE044F2E000C2F20200FCF734FFDA
:1032300044F23D11C2F2020100220A70FFE70CE0E5
:1032400044F2E000C2F20200FCF726FF44F23D1116
:10325000C2F2020100220A70FFE70AB080BD00003E
:1032600080B584B04EF2D100C8F2010014210022D2
:10327000029202F021FE44F24011C2F20201086003
:103280006846052141600C2101604EF2E000C8F261
:10329000010040F67111C8F201014FF48063029AF7
:1032A00004F026FB03900398002804D0FFE703985E
:1032B00004F072FDFFE704B080BD000000000000D4
:1032C00080B584B044F2E000C2F2020044F2A002F1
:1032D000C2F202020021402303910293FCF770FF27
:1032E00004214FF416520190084600911146029AAB
:1032F000029B0AF021FE012100980BF035F91720FE
:103300000399FEF725FA04B080BD0000000000001C
:1033100081B04CF68010C2F201004FF07A5101608A
:1033200041F26F21C3F68321416049F69A11C3F639
:103330009961C1600021C161016181614161C16226
:103340008162416201620E22426301630091FFE7E4
:1033500000984CF68011C2F20101496B88420EDAE6
:10336000FFE700984CF68011C2F2010101EB8000EA
:1033700000218163FFE7009801300090E8E701B089
:10338000704700000000000081B04CF6F410C2F25B
:10339000010049F69A11C3F69961016041F26F226A
:1033A000C3F683224260C1600021C1610161816175
:1033B0004161C1628162416201620E224263016326
:1033C0000091FFE700984CF6F411C2F20101496B3D
:1033D00088420EDAFFE700984CF6F411C2F20101C0
:1033E00001EB800000218163FFE70098013000902D
:1033F000E8E701B07047000081B04CF66820C2F2E7
:10340000010049F69A11C3F69971016049F69A11C3
:10341000C3F61971416049F69A11C3F6996181604A
:103420000021C4F21641C1600021C16101618161C6
:103430004161C1628162416201620E2242630163A5
:103440000091FFE700984CF66821C2F20101496B38
:1034500088420EDAFFE700984CF66821C2F20101BB
:1034600001EB800000218163FFE7009801300090AC
:10347000E8E701B07047000081B04CF6DC20C2F2F2
:10348000010049F69A11C3F69971016049F69A1143
:10349000C3F61971416049F69A11C3F699618160CA
:1034A0000021C4F21641C1600021C1610161816146
:1034B0004161C1628162416201620E224263016325
:1034C0000091FFE700984CF6DC21C2F20101496B44
:1034D00088420EDAFFE700984CF6DC21C2F20101C7
:1034E00001EB800000218163FFE70098013000902C
:1034F000E8E701B07047000080B584B04BF2CA1015
:10350000C2F2020001880131018000210391029181
:1035100040F21472C2F20002019010460091F3F7DB
:10352000E7FEF5F781F84BF2C811C2F202010880FC
:10353000B1F9000000EB40004BF20471C2F202014D
:10354000009A41F820200198B0F90010012929D1F2
:10355000FFE74BF2C810C2F20200B0F9001001EB15
:1035600041014BF20472C2F2020202EB810191EDC1
:10357000010A40F21471C2F2000191ED0C1A30EE12
:10358000410A8DED030AB0F9000000EB400002EBA8
:10359000800090ED020A91ED0D1A30EE410A8DED9A
:1035A000020A28E04BF2C810C2F20200B0F9001083
:1035B00001EB41014BF20472C2F2020202EB810103
:1035C00091ED010A40F21471C2F2000191ED0C1A62
:1035D00030EE410A8DED030AB0F9000000EB400027
:1035E00002EB800090ED020A91ED0D1A30EE410AD7
:1035F0008DED020AFFE703984CF60841C2F2010183
:10360000086002984CF62C41C2F20101086004B037
:1036100080BD00000000000080B584B06FF00100A4
:10362000002103900291FBF787FC4BF2CC10C2F211
:10363000020080ED000A1A21019008460299FBF76A
:10364000B3FC019880ED010A25200299FBF774FC78
:10365000019880ED020A03980299FBF7A5FC0198F6
:1036600080ED030A04B080BD10B590B0DDF850C005
:10367000DDF84CE0129C0F900E910D920C93139874
:10368000069012980390149840064DF68F61C8F288
:1036900001014DF6A062C8F20102002848BF0A46A7
:1036A00005929DF850004FEAC060002805D5FFE75D
:1036B000149820F001001490FFE71498C00720210F
:1036C000002818BF30218DF82F104FF000008DF822
:1036D0002E009DF850004FEA8070002823D5FFE7A8
:1036E0000D98B0F1FF3F07DCFFE72D208DF82E008D
:1036F0000D9840420D9015E09DF8500040070028BD
:1037000004D5FFE72B208DF82E000AE09DF850002D
:103710000007002804D5FFE720208DF82E00FFE7E2
:10372000FFE7FFE7FFE7002004900D98002808D18D
:10373000FFE70498411C04910DF11E0130220A5448
:1037400015E0FFE70D98002810D0FFE705980C99C9
:103750000DAA02901046FCF737FA0299085C04990A
:103760004A1C04920DF11E025054EBE7FFE7049847
:103770001399884203DDFFE704981390FFE713983D
:103780000399081A03909DF8500010F0110F22D1F0
:10379000FFE79DF92E00002808D0FFE703980128D5
:1037A00004DBFFE7039801380390FFE7FFE7039886
:1037B000411E039101280DDBFFE70F980E99884207
:1037C00004D2FFE70F9820210170FFE70F98013026
:1037D0000F90ECE7FFE79DF82E00002811D0FFE7DF
:1037E0000F980E99884205D2FFE79DF82E000F9999
:1037F0000870FFE70398013803900F9801300F908D
:10380000FFE79DF85000C006002816D4FFE7FFE749
:103810000398411E039101280EDBFFE70F980E99D4
:10382000884205D2FFE79DF82F000F990870FFE747
:103830000F9801300F90EBE7FFE7FFE7049813992B
:103840004A1E139288420DDAFFE70F980E998842BC
:1038500004D2FFE70F9830210170FFE70F98013085
:103860000F90EBE7FFE70498411E04910021012827
:10387000019106DBFFE70698002818BF01200190A0
:10388000FFE70198C007002810D0FFE70F980E99B6
:10389000884207D2FFE704980DF11E01085C0F99DA
:1038A0000870FFE70F9801300F90DCE7FFE70398FF
:1038B000411E039101280DDBFFE70F980E99884206
:1038C00004D2FFE70F9820210170FFE70F98013025
:1038D0000F90ECE70F9810B010BD00000000000042
:1038E00080B590B00F90FFE74BF2DC10C2F20200FF
:1038F00000684FF0FF3103F0D7FD002840F08C82C4
:10390000FFE74D204FF4C87100F0FEFF482040F261
:10391000EE2100F0F9FF4BF2E410C2F20200006861
:10392000002840F04382FFE743F61060C2F2020035
:103930000078022860DBFFE743F6E060C2F2020095
:1039400090ED000AB7EEC01A9FEDEF2B21EE421B5F
:10395000B7EEC10B4CF6E431C2F2010181ED000A71
:1039600090ED000AB7EEC01A21EE421BB7EEC10B74
:103970004CF6EC31C2F2010181ED000A90ED000A33
:10398000B7EEC01A21EE421BB7EEC10B4CF6E03188
:10399000C2F2010181ED000A90ED000AB7EEC01AF3
:1039A00021EE421BB7EEC10B4CF6E830C2F201002B
:1039B00080ED000A40F21470C2F200000021816123
:1039C000C1614CF6F430C2F2010001604CF61C40BB
:1039D000C2F2010001604CF61840C2F20100016021
:1039E0004CF63840C2F2010001604CF63850C2F289
:1039F000010005210180FFE743F61160C2F20200D9
:103A00000078C007002847D1FFE743F61060C2F2F4
:103A10000200007801283FDCFFE743F61060C2F2A5
:103A20000200017840F26C02C2F2000232F9211069
:103A300000220E90084611460D92FBF77DFA40F2E7
:103A40001470C2F2000090ED0C1A30EE410A4CF6F0
:103A50001841C2F2010181ED000A0E990A7840F284
:103A60008403C2F2000333F922200C9010460D9912
:103A7000FBF79AFA0C9890ED0D1A30EE410A4CF6CD
:103A80003841C2F2010181ED000A43F61161C2F230
:103A9000020101220A70FFE740F21470C2F2000036
:103AA00090ED060A4CF61841C2F20101D1ED000A70
:103AB0004CF66822C2F201021E234FF0010C0B905B
:103AC00010460A91194662460993CDF820C0F7F7CF
:103AD00033FEB1EE400A4CF6F430C2F2010080ED44
:103AE000000A0B9991ED070A4CF63842C2F2010226
:103AF000D2ED000A4CF6DC22C2F201020790104619
:103B00000999089AF7F718FEB1EE400A4CF61C40E6
:103B1000C2F2010080ED000A079991ED000A90EDD4
:103B2000001A30EE010AB7EEC02A43F6E062C2F294
:103B3000020292ED000AB7EEC03A9FEDB94B03EED8
:103B4000042BB1EE422BB7EEC20B4CF6E433C2F2BB
:103B5000010383ED000A91ED000A90ED001A31EEA9
:103B6000400AB7EEC02A92ED000AB7EEC03A03EE63
:103B7000442BB7EEC20B4CF6EC33C2F2010383EDDB
:103B8000000A91ED000A90ED001A30EE410AB7EEFE
:103B9000C02A92ED000AB7EEC03A03EE442BB7EE0E
:103BA000C20B4CF6E033C2F2010383ED000A91ED43
:103BB000000A90ED001A30EE010AB7EEC02A92ED2D
:103BC000000AB7EEC03A03EE442BB7EEC20B4CF638
:103BD000E830C2F2010080ED000A0B9890ED060A71
:103BE000B7EEC00A0AF080FE0A9890ED001AB7EE10
:103BF000C12A8DED040BB0EE420B0AF075FE9FED6D
:103C00008A2B20EE020B9DED042BB4EE402BF1EE3F
:103C100010FA40F3CA80FFE740F21470C2F20000CD
:103C200090ED070AB7EEC00A0AF05EFE4CF6384087
:103C3000C2F2010090ED001AB7EEC12A8DED020B21
:103C4000B0EE420B0AF050FE9FED772B20EE020BF8
:103C50009DED022BB4EE402BF1EE10FA40F3A5805F
:103C6000FFE743F61060C2F202000078012825D178
:103C7000FFE74BF66C00C2F202000078C007002894
:103C80001BD1FFE74CF64450C2F2010000684FF42C
:103C9000C87102F0D9FA4EF6E321C8F201010122FF
:103CA00001900846114600920AF0E2FD4BF66C01C5
:103CB000C2F20201009A0A70FFE7FFE743F6847040
:103CC000C2F2020090ED010AB7EEC00A0AF00CFE43
:103CD000B6EE001BB4EE410BF1EE10FA64DCFFE728
:103CE00043F68470C2F2020090ED000AB7EEC00AFB
:103CF0000AF0FAFDB6EE001BB4EE410BF1EE10FA3D
:103D000052DC05E000BF00BF343333333333E33FCD
:103D100043F6E060C2F2020090ED000AB7EEC01A6E
:103D20009FED3F2B21EE421BB7EEC10B4CF6E43169
:103D3000C2F2010181ED000A90ED000AB7EEC01A4F
:103D400021EE421BB7EEC10B4CF6EC31C2F2010181
:103D500081ED000A90ED000AB7EEC01A21EE421B79
:103D6000B7EEC10B4CF6E031C2F2010181ED000A61
:103D700090ED000AB7EEC01A21EE421BB7EEC10B60
:103D80004CF6E830C2F2010080ED000A40F21470F7
:103D9000C2F2000000218161C1614BF2E410C2F265
:103DA000020001210160FFE7FFE734E04BF2E4107D
:103DB000C2F20200006801282CD1FFE74CF6E43083
:103DC000C2F20100002101604CF6EC30C2F20100A9
:103DD00001604CF6E030C2F2010001604CF6E830C0
:103DE000C2F20100016043F61160C2F202000170EC
:103DF00043F61060C2F202000278013202704BF208
:103E0000E010C2F2020001604BF2E410C2F20200C4
:103E10000160FFE7FFE7FFE766E500BF00BF00BF07
:103E2000343333333333E33F7B14AE47E17A943F8B
:103E300080B584B04EF2F900C8F201000021029171
:103E4000029A03F021FA4BF2DC11C2F2020108607F
:103E50004EF20E10C8F201000299029A03F014FA11
:103E600040F25451C2F200010860684605214160E9
:103E7000112101604EF22610C8F2010041F26941A1
:103E8000C8F201014FF48063029A03F031FD039000
:103E90000398002804D0FFE7039803F07DFFFFE7B5
:103EA000684605214160132101604EF22F10C8F2CF
:103EB000010041F20971C8F2000100224FF4806351
:103EC00003F016FD03900398002804D0FFE7039841
:103ED00003F062FFFFE704B080BD000000000000B7
:103EE00010B59CB003468DF86F001A91199219987D
:103EF00042F2117100228842104638BF01204EF272
:103F0000E721C8F201014FF0840C11926246109330
:103F1000FBF722FB9DF86F0000F072F914A8F6F78A
:103F20008BFD4FF002008DF8560011988DF855006A
:103F30004FF001018DF850104FF0030108460F912A
:103F4000F0F7AEFA1A99B0FBF1F04FEA1040179073
:103F50000F98F0F7A5FA1A994FEA0141B0FBF1F278
:103F600002FB1100002804D0FFE7179801301790DA
:103F7000FFE71798012804D8FFE700208DF85400C8
:103F800047E01798022804D8FFE701208DF8540075
:103F90003EE01798042804D8FFE702208DF854006B
:103FA00035E01798082804D8FFE703208DF854005F
:103FB0002CE01798102804D8FFE704208DF854004F
:103FC00023E01798202804D8FFE705208DF8540037
:103FD0001AE01798402804D8FFE706208DF854000F
:103FE00011E01798802804D8FFE707208DF85400C7
:103FF00008E04EF2E721C8F201010020B022FBF7F1
:10400000ABFAFFE7FFE7FFE7FFE7FFE7FFE7FFE7C1
:10401000FFE79DF86F004CF6CD41CCF6CC41A0FBFC
:10402000010252098DF863209DF86F20A2FB013C2C
:104030004FEA5C1C0CEB8C0CA2EBCC0246F2676CDA
:10404000C6F2666C52FB0CF24FEA920E0EEBD27285
:104050008DF862209DF86F20A2FB011E4FEA5E1EC4
:104060000EEB8E0EA2EBCE0252FB0CFE4FEAAE041C
:1040700004EBDE7E0EEB8E0EA2EB4E0252FB0CF238
:104080004FEA520C0CEBD2728DF861209DF8632040
:1040900040F2340CC2F2000C5CF822209DF862C0A1
:1040A0000DF1500E0E9010460D91614672460C9324
:1040B000F6F722FD012809D1FFE74EF2E721C8F209
:1040C00001010020B922FBF747FAFFE79DF86300E2
:1040D00040F23401C2F2000151F820009DF8622044
:1040E0000B911146F6F774FC9DF863000B9951F89B
:1040F00020009DF8621014AAF6F7FEFC012809D1F1
:10410000FFE74EF2E721C8F201010020BF22FBF7D2
:1041100023FAFFE79DF861008DF8480000208DF834
:104120004A008DF84900ADF84C009DF8631040F24C
:104130003402C2F2000252F821109DF862304FF0B2
:10414000010C0CFA03F3DBB20A90084619460A9BED
:1041500009921A46CDF820C0F6F70EFE9DF86300CE
:10416000099951F820009DF862101A9A03230790CC
:104170001846069105920493F0F792F96946886013
:10418000059848600498086012AA07980699089B49
:10419000F6F71AFE9DF86310099A52F821109DF85F
:1041A0006230DDF820C00CFA03F3DBB2039008465E
:1041B00019466246F6F7E0FD9DF86300099951F84B
:1041C00020009DF86220089B03FA02F2D1B2F7F7B3
:1041D00007F99DF86300099951F820009DF86220C5
:1041E00002EB420200EB42100A9A82859DF86F00B2
:1041F000199900F089FB1CB010BD00000000000000
:1042000080B594B001468DF84F009DF84F002838D6
:1042100002469B28129200F26B831299DFE811F09C
:10422000B50068036803680368039C0068036803BB
:1042300068036803E7006803680368036803CE0047
:104240006803680368036803190168036803680367
:104250006803000168036803680368037D01950132
:10426000AD016803680332014A0162016803680313
:10427000E0016803680368036803C8016803680312
:104280006803680310026803680368036803F801A1
:1042900068036803680368034002680368036803EF
:1042A000680328026803680368036803BA02D1023E
:1042B000E9026803680358026F028702A2026803DA
:1042C0006803680368036803680368036803680396
:1042D0006803680368036803680368036803680386
:1042E0006803680368036803680368036803680376
:1042F0006803680368036803680368036803680366
:104300006803680368036803680368036803680355
:1043100068036803680368036803040368036803A9
:1043200068036803680368036803680368031D0380
:104330006803680368036803680368036803680325
:104340006803360368036803680368036803680347
:104350006803680368034F03684641F27001816097
:104360000021416048F2AC31C4F21F01016048F203
:10437000BC10C4F21F0048F25842C4F21F020121CF
:104380001191119BF9F7E8F8BBE2684641F2700120
:1043900081600021416048F2B031C4F21F01016028
:1043A00048F2C010C4F21F0048F26842C4F21F0273
:1043B00001211091109BF9F7CFF8A2E2684641F273
:1043C000700181600021416048F2B431C4F21F01E4
:1043D000016048F2C410C4F21F0048F25C42C4F20B
:1043E0001F0201210F910F9BF9F7B6F889E2684689
:1043F00041F2700181600021416048F2B831C4F29D
:104400001F01016048F2C810C4F21F0048F26C425C
:10441000C4F21F0201210E910E9BF9F79DF870E284
:10442000684641F2700181600021416048F2BC3170
:10443000C4F21F01016048F2CC10C4F21F0048F220
:104440006042C4F21F0201210D910D9BF9F784F81F
:1044500057E2684641F2700181600021416048F2F4
:10446000C031C4F21F01016048F2D010C4F21F0035
:1044700048F27042C4F21F0201210C910C9BF9F723
:104480006BF83EE2684641F27001816000214160B4
:1044900048F2D421C4F21F01016048F2E400C4F2E2
:1044A0001F00012148F25442C4F21F020323F9F70E
:1044B00053F826E2684641F27001816000214160B4
:1044C00048F26C31C4F21F01016048F27C10C4F262
:1044D0001F00062148F25442C4F21F020423F9F7D8
:1044E0003BF80EE2684641F27001816000214160B4
:1044F00048F2C432C4F21F02026048F2D410C4F27F
:104500001F00022248F25443C4F21F030B911146CC
:104510001A460B9BF9F720F8F3E1684641F2700167
:1045200081600021416048F2D821C4F21F0101607E
:1045300048F2E800C4F21F00012148F26442C4F2CC
:104540001F020323F9F708F8DBE1684641F2700126
:1045500081600021416048F27031C4F21F010160A6
:1045600048F28010C4F21F00062148F26442C4F2EF
:104570001F020423F8F7F0FFC3E1684641F270011F
:1045800081600021416048F2C832C4F21F0202601B
:1045900048F2D810C4F21F00022248F26443C4F269
:1045A0001F030A9111461A460A9BF8F7D5FFA8E1A6
:1045B000684641F2700181600021416048F2443157
:1045C000C4F21F01016048F25410C4F21F0002211E
:1045D00048F27842C4F21F020123F8F7BDFF90E1D0
:1045E000684641F2700181600021416048F2483123
:1045F000C4F21F01016048F25810C4F21F000221EA
:1046000048F28842C4F21F020123F8F7A5FF78E1BF
:10461000684641F2700181600021416048F24C31EE
:10462000C4F21F01016048F25C10C4F21F000221B5
:1046300048F27C42C4F21F020123F8F78DFF60E1CB
:10464000684641F2700181600021416048F25031BA
:10465000C4F21F01016048F26010C4F21F00022181
:1046600048F28C42C4F21F020123F8F775FF48E1BB
:10467000684641F2700181600021416048F2543186
:10468000C4F21F01016048F26410C4F21F0002214D
:1046900048F28042C4F21F020123F8F75DFF30E1C7
:1046A000684641F2700181600021416048F2583152
:1046B000C4F21F01016048F26810C4F21F00022119
:1046C00048F29042C4F21F020123F8F745FF18E1B7
:1046D000684641F2700181600021416048F2AC22DD
:1046E000C4F21F02026048F2BC00C4F21F0048F28C
:1046F0007442C4F21F020223F8F72EFF01E168465C
:1047000041F2700181600021416048F27431C4F2CD
:104710001F01016048F28410C4F21F00062148F214
:104720007442C4F21F020423F8F716FFE9E068465A
:1047300041F2700181600021416048F2CC32C4F244
:104740001F02026048F2DC10C4F21F00022248F28D
:104750007443C4F21F03099111461A46099BF8F7E6
:10476000FBFECEE0684641F27001816000214160AD
:1047700048F2D021C4F21F01016048F2E000C4F207
:104780001F00012148F27442C4F21F020323F8F70C
:10479000E3FEB6E0684641F27001816000214160AD
:1047A00048F2B022C4F21F02026048F2C000C4F214
:1047B0001F0048F28442C4F21F020223F8F7CCFE25
:1047C0009FE0684641F2700181600021416048F23B
:1047D0007831C4F21F01016048F28810C4F21F0052
:1047E000062148F28442C4F21F020323F8F7B4FE04
:1047F00087E0684641F2700181600021416048F223
:10480000D032C4F21F02026048F2E010C4F21F006E
:10481000022248F28443C4F21F03089111461A464B
:10482000089BF8F799FE6CE0684641F270018160E0
:104830000021416048F20C31C4F21F01016048F2CE
:104840001C10C4F21F0048F29442C4F21F0201215E
:104850000791079BF8F780FE53E0684641F270012C
:1048600081600021416048F21031C4F21F010160F3
:1048700048F22010C4F21F0048F29842C4F21F020E
:1048800001210691069BF8F767FE3AE0684641F27F
:10489000700181600021416048F2A431C4F21F011F
:1048A000016048F2B410C4F21F0048F29C42C4F206
:1048B0001F0201210591059BF8F74EFE21E0684695
:1048C00041F2700181600021416048F2A831C4F2D8
:1048D0001F01016048F2B810C4F21F0048F2A04264
:1048E000C4F21F0201210491049BF8F735FE08E091
:1048F0004EF2E721C8F2010100205622FAF72CFE01
:10490000FFE714B080BD0000B0B58EB002468DF850
:1049100037000C910C9842F211710023884218461E
:1049200038BF01204EF2E721C8F201014FF0660CBA
:10493000099262460893FAF70FFE9DF837004CF68D
:10494000CD41CCF6CC41A0FB01024FEA52128DF8CA
:104950002D209DF83720A2FB013C4FEA5C1C0CEB9C
:104960008C0CA2EBCC0246F2676CC6F2666C52FB72
:104970000CF24FEA920E0EEBD2728DF82C209DF8BD
:104980003720A2FB011E4FEA5E1E0EEB8E0EA2EB3D
:10499000CE0252FB0CFE4FEAAE0404EBDE7E0EEBC1
:1049A0008E0EA2EB4E0252FB0CF24FEA520C0CEBB5
:1049B000D2728DF82B200C9AC2EB024241F2597C44
:1049C000CDF2B71CA2FB0C2C4FEA5C3CADF82EC01C
:1049D0009DF82DC040F2340EC2F2000E5EF82CC0DD
:1049E0009DF82C404FF0010505FA04F4E4B207905D
:1049F000604606912146DDF820C005926246049388
:104A0000CDF80CE00295F6F7B7F99DF82D00039963
:104A100051F820009DF82C109DF82B20BDF82E3069
:104A2000EC46CCF800304FF00303F6F7EDFC9DF8B0
:104A30002D00039951F820009DF82C20029B03FAC9
:104A400002F2D1B21A46F6F797F90EB0B0BD0000E7
:104A500080B596B013468C4686468DF857008DF883
:104A600056108DF855209DF857000238014607284A
:104A7000149100F27C821499DFE811F008004100E3
:104A80007A00D60013018E01070240029DF85600FD
:104A9000042817D1FFE7684641F2700181600021C8
:104AA000416048F22C32C4F21F02026048F23C100E
:104AB000C4F21F00012213911146139A139BF8F7B9
:104AC0004BFDFFE79DF85500042817D1FFE7684626
:104AD00041F2700181600021416048F23032C4F23D
:104AE0001F02026048F24010C4F21F00012212911E
:104AF0001146129A129BF8F72FFDFFE740E29DF84E
:104B00005600062817D1FFE7684641F27001816020
:104B10000021416048F23432C4F21F02026048F2C0
:104B20004410C4F21F00012211911146119A119BE9
:104B3000F8F712FDFFE79DF85500062817D1FFE7AB
:104B4000684641F2700181600021416048F28C3278
:104B5000C4F21F02026048F29C10C4F21F0001223E
:104B600010911146109A109BF8F7F6FCFFE707E248
:104B70009DF85600082819D1FFE7684641F27001F8
:104B800081600021416048F23831C4F21F010160A8
:104B900048F24810C4F21F0048F26C52C4F21F02DF
:104BA00001210F910F9BF8F7D7FCFFE79DF8550007
:104BB000082819D1FFE7684641F2700181600021A1
:104BC000416048F23C31C4F21F01016048F24C10D0
:104BD000C4F21F0048F27052C4F21F0201210E916C
:104BE0000E9BF8F7B9FC1EE09DF85500092819D175
:104BF000FFE7684641F2700181600021416048F2A0
:104C00009031C4F21F01016048F2A010C4F21F00ED
:104C100048F27852C4F21F0201210D910D9BF8F762
:104C20009BFCFFE7FFE7ABE19DF856000A2819D18E
:104C3000FFE7684641F2700181600021416048F25F
:104C40004031C4F21F01016048F25010C4F21F004D
:104C500048F27452C4F21F0201210C910C9BF8F728
:104C60007BFCFFE79DF855000A2819D1FFE768464D
:104C700041F2700181600021416048F29031C4F23C
:104C80001F01016048F2A010C4F21F0048F27852E0
:104C9000C4F21F0201210B910B9BF8F75DFCFFE7AB
:104CA0006EE19DF856000C2819D1FFE7684641F2E5
:104CB000700181600021416048F2EC21C4F21F01C3
:104CC000016048F2FC00C4F21F0048F27C52C4F2BA
:104CD0001F0201210A910A9BF8F73EFC1DE09DF896
:104CE00056000D2818D1FFE7684641F27001816037
:104CF0000021416048F24431C4F21F01016048F2D2
:104D00005410C4F21F00012148F27C52C4F21F0269
:104D10000223F8F721FCFFE7FFE79DF855000C2878
:104D20001BD1FFE7684641F27001816000214160BC
:104D300048F2F022C4F21F02026048F20010C4F2EE
:104D40001F00012248F28053C4F21F03099111464B
:104D50001A46099BF8F700FC1DE09DF855000D2848
:104D600018D1FFE7684641F270018160002141607F
:104D700048F24831C4F21F01016048F25810C4F2F1
:104D80001F00012148F28052C4F21F020223F8F7EB
:104D9000E3FBFFE7FFE7F3E09DF856000E2819D18B
:104DA000FFE7684641F2700181600021416048F2EE
:104DB000F421C4F21F01016048F20410C4F21F0084
:104DC00048F28452C4F21F0201210891089BF8F7AF
:104DD000C3FB1DE09DF856000F2818D1FFE7684679
:104DE00041F2700181600021416048F24C31C4F20F
:104DF0001F01016048F25C10C4F21F00012148F25B
:104E00008452C4F21F020223F8F7A6FBFFE7FFE774
:104E10009DF855000E2819D1FFE7684641F2700150
:104E200081600021416048F2F821C4F21F01016055
:104E300048F20810C4F21F0048F28852C4F21F0260
:104E400001210791079BF8F787FB1DE09DF85500AE
:104E50000F2818D1FFE7684641F2700181600021F8
:104E6000416048F29431C4F21F01016048F2A4107D
:104E7000C4F21F00012148F28852C4F21F0202232B
:104E8000F8F76AFBFFE7FFE77AE09DF85600102885
:104E900017D1FFE7684641F270018160002141604F
:104EA00048F25032C4F21F02026048F26010C4F2AD
:104EB0001F00012206911146069A069BF8F74CFB4B
:104EC000FFE79DF85500102817D1FFE7684641F22B
:104ED000700181600021416048F25432C4F21F0227
:104EE000026048F26410C4F21F00012205911146CD
:104EF000059A059BF8F730FBFFE741E09DF8560067
:104F0000122817D1FFE7684641F270018160002145
:104F1000416048F25832C4F21F02026048F2681041
:104F2000C4F21F00012204911146049A049BF8F771
:104F300013FBFFE79DF85500122817D1FFE76846DD
:104F400041F2700181600021416048F29832C4F260
:104F50001F02026048F2A810C4F21F000122039150
:104F60001146039A039BF8F7F7FAFFE708E04EF2C1
:104F70008921C8F2010100206C22FAF7EDFAFFE75F
:104F800016B080BD0000000080B588B003F084FF3B
:104F90004CF64851C2F201014EF2B402C8F20102CD
:104FA00000234FF0010C0790084611461A4663464D
:104FB00002F0C2F9FFE74CF64050C2F2010000686F
:104FC0004FF0FF3102F070FA002840F02581FFE732
:104FD0004CF64850C2F201004FF0FF3102F064FA83
:104FE00040F2BC11C2F20001B1F90010042940F0F6
:104FF000A080FFE740F21470C2F2000090ED060AB4
:105000004CF60C41C2F20101D1ED000A4CF66821C8
:10501000C2F201011E2201230690084611460592A4
:105020001A460493F6F788FBB1EE400A4CF6F830C6
:10503000C2F2010080ED000A069991ED070A4CF6D4
:105040003042C2F20102D2ED000A4CF6DC22C2F27A
:105050000102039010460599049AF6F76DFBB1EE34
:10506000400A4CF62040C2F2010080ED000A03998C
:1050700091ED000A90ED001A30EE010AB7EEC02A59
:1050800043F6E062C2F2020292ED000AB7EEC03AC5
:105090009FED634B03EE042BB1EE422BB7EEC20B38
:1050A0004CF6E433C2F2010383ED000A91ED000AED
:1050B00090ED001A31EE400AB7EEC02A92ED000AD8
:1050C000B7EEC03A03EE442BB7EEC20B4CF6EC330E
:1050D000C2F2010383ED000A91ED000A90ED001A7F
:1050E00030EE410AB7EEC02A92ED000AB7EEC03AA0
:1050F00003EE442BB7EEC20B4CF6E033C2F20103D1
:1051000083ED000A91ED000A90ED001A30EE010ADD
:10511000B7EEC02A92ED000AB7EEC03A03EE442B78
:10512000B7EEC20B4CF6E830C2F2010080ED000A87
:10513000FFE74CF63850C2F20100B0F90000012838
:105140000DD1FFE740F2E810C2F200001421017017
:1051500040F26100C2F200003C21017016E04CF602
:105160003850C2F20100B0F9000003280DD1FFE76A
:1051700040F2E810C2F200001921017040F2610013
:10518000C2F2000005210170FFE7FFE74BF2A860C3
:10519000C2F2020000684CF69051C2F20101029185
:1051A00009F056FB029809F0F3FA029809F055FB52
:1051B0004BF2C461C2F202010860086800144BF2AD
:1051C000CC62C2F20202106008884BF2C861C2F2DF
:1051D0000201086009681268684609230360072312
:1051E000029809F03FFB44F29801C2F20201086004
:1051F000488844F29C02C2F202021080086844F21D
:105200009E01C2F2020108804CF63C50C2F201003D
:10521000006802F0D1F8FFE7CDE600BF00BF00BF95
:10522000343333333333E33F80B584B04EF29F00E1
:10523000C8F2010000210291029A02F025F84CF612
:105240003C51C2F2010108600298039069460A22AB
:105250004A600D220A604EF28200C8F2010042F656
:105260001131C8F2010142F60403029A02F040FB38
:1052700003900398002804D0FFE7039802F08CFD08
:10528000FFE76846052141600E2101604EF2C20031
:10529000C8F201004BF21921C8F2000100224FF4BC
:1052A000006302F025FB03900398002804D0FFE779
:1052B000039802F071FDFFE704B080BD000000001C
:1052C00080B582B001900198012809DBFFE74920F1
:1052D0000021FBF7A5FF01995F20FFF715FB09E00F
:1052E00049200121FBF79CFF019841425F20FFF715
:1052F0000BFBFFE702B080BD80B582B00190019842
:10530000012809DBFFE762200021FBF789FF0199F3
:105310007020FFF7F9FA09E062200121FBF780FF16
:10532000019841427020FFF7EFFAFFE702B080BD1D
:1053300080B584B06846142141600A2101604EF6B0
:105340009E20C8F2010040F2A921C8F2010100220A
:105350004FF4805302F0CCFA0390039800280CD14C
:10536000FFE74EF68F20C8F201004EF6A321C8F2E7
:105370000101C82200F008F8FFE7039802F00CFDD5
:1053800004B080BD0000000080B586B00590049197
:10539000039200208DF80B004BF2E810C2F20200DD
:1053A0000068002811D1FFE70599049A039B4EF687
:1053B0009940C8F2010000F0C7FBFFE79DF90B0020
:1053C000002801D1FFE7F9E70EE04BF2E810C2F246
:1053D000020000680599049A039B01900846114653
:1053E0001A46019B9847FFE706B080BD0000000009
:1053F00080B584B0039002910398029948430090CD
:10540000009800F0E5FC01900198002806D0FFE725
:105410000198009A002101F06BFBFFE7019804B0AE
:1054200080BD00000000000080B582B04FF60C2067
:10543000C8F201000190FFE701984FF61021C8F271
:105440000101884208D2FFE7019800688047FFE722
:10545000019804300190EFE702B080BD0000000029
:1054600080B582B04FF61020C8F201000190FFE72E
:1054700001984FF61821C8F20101884208D2FFE7CF
:10548000019800688047FFE7019804300190EFE73A
:1054900002B080BD0000000080B582B0EDF7ECF9ED
:1054A00001904BF2A820C2F2020001880131018074
:1054B0000198EDF7E5F902B080BD000000000000A2
:1054C00080B58AB008900791089800280DD1FFE7B1
:1054D0004EF65030C8F201004EF67231C8F20101AA
:1054E00040F24242FFF750FFFFE7089801F098FCB6
:1054F00004280DD0FFE74EF60940C8F201004EF631
:105500007231C8F2010140F24342FFF73DFFFFE76D
:105510000798002804D1FFE74FF0FF30099093E08F
:1055200000200290EDF7A8F9049007980899CA693D
:105530001043C861FFE74BF29820C2F202000068F6
:1055400000280BD0FFE74BF29820C2F2020000685F
:1055500008990190084601998847FFE7FFE70898F6
:10556000143000F09DFB002861D1FFE708984069E6
:105570000690FFE7069808991431884256D0FFE755
:105580000698143805904FF0FF300390059890F876
:105590004000C00700280CD0FFE70598C06B0899B1
:1055A000C9690140814203D1FFE700200390FFE772
:1055B0001FE0059890F840008007002811D5FFE70C
:1055C0000598C06B0899C969084209D0FFE705989A
:1055D000C16B089AD2691140C16300200390FFE7B4
:1055E00006E00498EDF74CF96FF0090009902BE004
:1055F000FFE70698006806900398002815D1FFE79A
:10560000059890F840004007002808D5FFE7059866
:10561000C06B0899CA6922EA0000C861FFE70598D3
:1056200002F0F6FA01210291FFE7A3E7FFE70498F1
:10563000EDF726F90298012803D1FFE701F0ACFC51
:10564000FFE700200990FFE709980AB080BD00003D
:1056500080B582B0EDF710F901904BF2A820C2F2AC
:105660000200018801390180B0F90000002815DC32
:10567000FFE74BF2A820C2F202000021018001984E
:10568000EDF7FEF84BF2F010C2F2020000680028BD
:1056900003D0FFE701F080FCFFE703E00198EDF79E
:1056A000EFF8FFE702B080BD80B582B001900198AD
:1056B00001F02EF802B080BD80B582B044F20060E7
:1056C000C2F2C330F8F718FFF9F7A2FF40F2480022
:1056D000C2F20000006844F6D351C1F26201A0FB9F
:1056E0000101890901900846F6F78EFD4DF67041DB
:1056F000C2F2020140F20002C2F207020090084624
:10570000114602F071F8FFF78FFE4EF65C20C8F2EA
:1057100001000A21002200F0CFFB4BF20071C2F21F
:105720000201086002B080BD80B582B04BF200700B
:10573000C2F20200006801A94FF0FF3200F020FC25
:105740009DF904100090084602B080BD00000000E2
:1057500080B582B00190FFE7019890F90000002821
:1057600013D0FFE7019890F900000A2805D1FFE760
:1057700001200D2108F048FFFFE70198411C01912D
:105780000178012008F040FFE6E702B080BD00008C
:1057900080B586B0059005982830049005980430AF
:1057A00003904BF2F410C2F202000068002812D0FD
:1057B000FFE74BF2F410C2F2020000680499019076
:1057C00008460199884702900298002802D1FFE715
:1057D00006B080BDFFE70398016C4FF63F10C8F29A
:1057E000010000F0B1F90398416A4FF67C00C8F25D
:1057F000010000F0A9F90398816A4FF69600C8F2FB
:10580000010000F0A1F90398C16A4FF6B000C8F298
:10581000010000F099F90398016B4FF6CA00C8F235
:10582000010000F091F9039841684FF6D700C8F2E3
:10583000010000F089F9039881684FF6E400C8F28E
:10584000010000F081F90398C1684FF6F100C8F239
:10585000010000F079F9039801694FF6FE00C8F2E3
:10586000010000F071F9039841694FF60B10C8F27E
:10587000010000F069F9039881694FF61810C8F229
:10588000010000F061F90398C1694FF68900C8F280
:10589000010000F059F90398016A4FF6A300C8F21D
:1058A000010000F051F90398416B4FF6BD00C8F2BA
:1058B000010000F049F90398816B4FF63210C8F2ED
:1058C000010000F041F90398C16B4FF62510C8F2B2
:1058D000010000F039F905980078400700280ED53E
:1058E000FFE702F0FDF94FF2E271C8F2010100900A
:1058F0000846009900F028F9FCF7E6FC06E04FF2B4
:10590000C870C8F2010000F01FF9FFE705980078A1
:10591000C006002807D4FFE74FF2FF70C8F201006D
:1059200000F012F9FFE7FBF7D7FCFFE7FEE7000006
:1059300087B0069005910492039304980430019077
:10594000019820F0070001900198443801900198D7
:10595000029000200090FFE7009810280DD8FFE784
:10596000029800994BF6EF62CDF6AD6240F8212027
:10597000FFE7009801300090EEE705980299486231
:105980000298002181620298C16202980163029824
:1059900041630398029A90630698029AD063029832
:1059A0004FF08072026402980160019807B070475E
:1059B00080B582B0FFE7FFE7ECF75EFF01904BF2A6
:1059C0000420C2F20200017801310170FFE74BF2BE
:1059D000F810C2F202000068002807D0FFE74BF27F
:1059E000F810C2F2020000688047FFE7FFE7019865
:1059F000ECF746FF02B080BD80B582B0ECF73CFF0B
:105A000000904BF20420C2F2020000788DF80700EB
:105A10000098ECF735FF9DF8070002B080BD00004C
:105A200080B582B0FFE7FFE7ECF726FF01904BF26D
:105A30000420C2F20200017801390170FFE74BF245
:105A40000020C2F202000068002807D0FFE74BF2F6
:105A50000020C2F2020000688047FFE7FFE70198DC
:105A6000ECF70EFF02B080BD80B584B003900398C0
:105A7000006814380290FFE7FFE7029802F0C8F8C8
:105A800000210190084604B080BD00000000000025
:105A900080B588B01346079006918DF817200698B8
:105AA000029302F0D5F99DF817100A4600290192D9
:105AB00004D0FFE70198012806D032E00798069944
:105AC000143100F0C5F82DE0079800680490FFE756
:105AD00004980799884218D0FFE704981438039077
:105AE000069890F83500039991F83510884207DA46
:105AF000FFE7039814300699143100F0A9F804E088
:105B0000FFE7049800680490E2E704980799884248
:105B100006D1FFE707980699143100F099F8FFE7DE
:105B200000E0FFE7002008B080BD0000000000009A
:105B300080B582B001900198143000F02DF800205B
:105B400002B080BD0000000083B080B583B0079331
:105B500006920591029005A80190029A019B4BF2D2
:105B60000C20C2F202007F2102F0AAFD00900098F2
:105B7000802803D3FFE77F200090FFE74BF20C2043
:105B8000C2F20200FFF7E4FD03B0BDE8804003B0BD
:105B9000704700000000000081B000900098406055
:105BA0000099086001B0704781B000900098406093
:105BB0000099086001B0704781B000900098406083
:105BC0000099086001B0704781B000900098406073
:105BD0000099086001B0704782B001900091009870
:105BE0000199096848600198006800990860009868
:105BF0000199086001980099486002B07047000060
:105C000082B001900091009801990968486001985C
:105C1000006800990860009801990860019800994F
:105C2000486002B07047000082B001900091009877
:105C30000199096848600198006800990860009817
:105C40000199086001980099486002B0704700000F
:105C500082B001900091009801994968086001980C
:105C6000406800994860009801994860019800993F
:105C7000086002B07047000082B001900091009867
:105C80000199496808600198406800994860009847
:105C90000199486001980099086002B070470000BF
:105CA00081B0009000980168081AB0FA80F04009AD
:105CB00001B070470000000081B0009000980168BA
:105CC000081AB0FA80F0400901B0704700000000E7
:105CD00081B0009000980168081AB0FA80F040097D
:105CE00001B070470000000081B00090009801688A
:105CF000081AB0FA80F0400901B0704700000000B7
:105D000083B002900020019002980090FFE7009875
:105D100000680299884207D0FFE700980068009069
:105D2000019801300190F2E7019803B0704700003C
:105D300081B0009000980168406848600098016850
:105D400040680160009840600099086001B07047A9
:105D500081B0009000980168406848600098016830
:105D600040680160009840600099086001B0704789
:105D700081B0009000980168406848600098016810
:105D800040680160009840600099086001B0704769
:105D900081B00090009801684068486000980168F0
:105DA00040680160009840600099086001B0704749
:105DB00081B00090009801684068486000980168D0
:105DC00040680160009840600099086001B0704729
:105DD00080B586B0059005994CF64040C2F20100AE
:105DE00000F07EFB04900498002861D1FFE70720B3
:105DF00000F0EAFF0090009800280DD1FFE74EF672
:105E0000F650C8F201004EF63161C8F2010140F2CD
:105E10007B22FFF7B9FAFFE7009840680290FFE79E
:105E2000029800990431884241D0FFE702980C386B
:105E3000039003980190019800280DD1FFE74FF2DD
:105E4000BF60C8F201004EF63161C8F2010140F2B4
:105E50008322FFF799FAFFE7019800F0E1FF072896
:105E60000DD0FFE74EF64B60C8F201004EF63161EF
:105E7000C8F201014FF42172FFF786FAFFE701989B
:105E80004CF64041C2F20101884201D1FFE70AE02D
:105E90000198059900F024FB04900498002801D093
:105EA000FFE704E0FFE7029800680290B8E7FFE729
:105EB000049806B080BD000080B588B013460690F7
:105EC00005918DF81320FFE7ECF7D6FC0290FFF761
:105ED00093FD002815D0FFE74EF6B720C8F2010069
:105EE0004EF6E031C8F201010191FFF72DFE4EF2AE
:105EF000CC10C8F2010040F299520199FFF744FA20
:105F0000FFE70298ECF7BCFCFFE70699052000F0DC
:105F10004BFE03900398002803D1FFE703980790F6
:105F20002BE09DF81300039948720398FFF700FED9
:105F30000599039A11840399098C890000900846F9
:105F4000FFF746FF0399C8610398C069002806D18E
:105F5000FFE7039800F0B0FE002007900DE00398E3
:105F600000214184039881840398C18403982830D8
:105F7000FFF712FE03980790FFE7079808B080BD6F
:105F800080B592B010900F910E92109800280DD10C
:105F9000FFE74EF63330C8F201004EF64C41C8F22E
:105FA000010140F28A62FFF7EFF9FFE7109800F075
:105FB00037FF05280DD0FFE74EF65740C8F2010025
:105FC0004EF64C41C8F2010140F28B62FFF7DCF95A
:105FD000FFE700200B9001F083FE0D90FFE74BF2EE
:105FE000A020C2F20200006800280BD0FFE74BF2AD
:105FF000A020C2F202000068109908900846089993
:106000008847FFE7FFE7ECF737FC0C901098408CCF
:1060100000280BD1FFE70E98002807D1FFE70C9866
:10602000ECF72EFC6FF00100119007E1FFE71098EC
:10603000408C002840F09E80FFE70D98002101630E
:106040000E98002809D1FFE70C98ECF719FC0D9881
:106050006FF0010101631191F0E0FFE7ECF70CFC38
:106060000A9001F03DFE002815D1FFE74EF6FC2016
:10607000C8F201004EF64C41C8F201010791FFF74A
:1060800063FD4EF2CC10C8F201004FF4D6620799BE
:10609000FFF77AF9FFE7FFE7ECF7EEFB0990FFF770
:1060A000ABFC002815D0FFE74EF6B720C8F2010080
:1060B0004EF64C41C8F201010691FFF745FD4EF244
:1060C000CC10C8F201004FF4D6620699FFF75CF9D4
:1060D000FFE70998ECF7D4FBFFE70A98ECF7D0FB51
:1060E000FFE7109800F114010D9A407A05900846D8
:1060F0001146059AFFF7CCFC0E99012912DBFFE748
:1061000001F0B6FF0B90FFE7FFE70D984C30002140
:106110000EAA02F079F80D994C310490084602F06D
:106120007BF9FFE70C98ECF7ABFB00F035FF0D981F
:10613000006B002804D0FFE70D98006B11907DE004
:10614000ECF79AFB0C900E98012812DBFFE701F0A8
:106150008FFF0B99401A0B900B980E99081A0E900E
:106160000E98B0F1FF3F03DCFFE700200E90FFE741
:10617000FFE75CE71098C169C08C51F820000F99C7
:1061800008601098C18C0131C1841098C18C008CBA
:10619000814204DBFFE710980021C184FFE71098DB
:1061A000408C012805DBFFE71098418C01394184C0
:1061B000FFE710982830FFF773FD002823D1FFE791
:1061C00010982830FFF750FC0C9903900846ECF724
:1061D00057FBFFE74BF29C20C2F202000068002848
:1061E0000BD0FFE74BF29C20C2F20200006810992E
:1061F0000290084602998847FFE7FFE700F0CCFECF
:10620000002011901AE00C98ECF73AFBFFE74BF2F4
:106210009C20C2F20200006800280BD0FFE74BF27E
:106220009C20C2F202000068109901900846019972
:106230008847FFE7FFE700201190FFE7119812B0B1
:1062400080BD00000000000080B582B00190009188
:1062500001980099002200F003F802B080BD000010
:1062600080B590B00E900D910C920E9800280DD133
:10627000FFE74EF63330C8F201004EF6ED31C8F2BA
:10628000010140F2EF52FFF77FF8FFE70E9800F0B0
:10629000C7FD05280DD0FFE74EF65740C8F20100B4
:1062A0004EF6ED31C8F201014FF4BE62FFF76CF813
:1062B000FFE70020099001F013FD0B90FFE74BF280
:1062C0009820C2F20200006800280BD0FFE74BF2D2
:1062D0009820C2F2020000680E99069008460699BE
:1062E0008847FFE7FFE7ECF7C7FA0A900E98418C62
:1062F000008C81420BD1FFE70C98002807D1FFE703
:106300000A98ECF7BDFA6FF002000F90E4E0FFE7A7
:106310000E98418C008C814240F09C80FFE70B98E6
:10632000002101630C98002807D1FFE70A98ECF7D9
:10633000A7FA6FF002000F90CEE0FFE7ECF79CFAAF
:10634000089001F0CDFC002815D1FFE74EF6FC20A7
:10635000C8F201004EF6ED31C8F201010591FFF7D8
:10636000F3FB4EF2CC10C8F2010040F21362059923
:10637000FFF70AF8FFE7FFE7ECF77EFA0790FFF771
:106380003BFB002815D0FFE74EF6B720C8F201000E
:106390004EF6ED31C8F201010491FFF7D5FB4EF244
:1063A000CC10C8F2010040F213620499FEF7ECFF32
:1063B000FFE70798ECF764FAFFE70898ECF760FA54
:1063C000FFE70E9800F128010B9A407A03900846E7
:1063D0001146039AFFF75CFB0C99012912DBFFE7DA
:1063E00001F046FE0990FFE7FFE70B984C300021D3
:1063F0000CAA01F009FF0B994C310290084602F0FB
:106400000BF8FFE70A98ECF73BFA00F0C5FD0B9894
:10641000006B002804D0FFE70B98006B0F905BE047
:10642000ECF72AFA0A900C98012812DBFFE701F03A
:106430001FFE0999401A099009980C99081A0C90A6
:106440000C98B0F1FF3F03DCFFE700200C90FFE762
:10645000FFE75DE70D980E99CA69898C42F8210023
:106460000E98818C013181840E98818C008C814240
:1064700004DBFFE70E9800218184FFE70E98408C33
:106480004FF6FE71884205DCFFE70E98418C013122
:10649000418406E00A98ECF7F3F96FF002000F90E0
:1064A0001AE00E981430FFF7FBFB00280ED1FFE72F
:1064B0000E981430FFF7D8FA0A9901900846ECF7C5
:1064C000DFF900F069FD00200F9005E00A98ECF775
:1064D000D7F900200F90FFE70F9810B080BD0000A3
:1064E00080B588B006900591069800280CD1FFE78A
:1064F0004EF61060C8F201004EF62061C8F20101AC
:106500009022FEF741FFFFE7069800F089FC07287C
:106510000CD0FFE74EF64B60C8F201004EF620614A
:10652000C8F201019122FEF72FFFFFE70598033023
:1065300020F00300059005980B2803D8FFE70C20F6
:106540000590FFE7FFE7FFE705980699C9698842CC
:1065500080F0D480FFE700200390069844304FF08D
:10656000FF3100F0A1FF04900498002806D0FFE757
:10657000049801F089F800200790C4E00698806A2A
:1065800000690290FFE702980699896A0022884212
:10659000009208D0FFE7039805990022884238BF8F
:1065A00001220092FFE70098C00700280FD0FFE704
:1065B00002988168081A1838039003980599884250
:1065C00004D2FFE7029800690290FFE7DBE7039837
:1065D00005998842C0F08D80FFE703980599243122
:1065E000884254D3FFE70298059908441830019077
:1065F000FFE7FFE7019841F6A061C1F6A0610160E5
:1066000006980199486002980199C86002988068CC
:1066100001998860019802998968C8600198029977
:10662000886002980169406948610298016940697F
:106630000161029800210161029841610698806A17
:106640000069019908610698806A0199486101987A
:106650000699896A0969486101980699896A0861F9
:10666000FFE7FFE70698C169059A891A1839C161E1
:1066700006988169C269006A891A814206D9FFE7D2
:1066800006988169C269891A0162FFE722E00698CB
:10669000C169039A891AC16106988169C269006A51
:1066A000891A814206D9FFE706988169C269891A69
:1066B0000162FFE7FFE7FFE702980169406948616F
:1066C0000298016940690161029800210161029804
:1066D0004161FFE70298016841F0010101600698FD
:1066E000443000F069FEFFE7FFE70298183007909A
:1066F00009E00698443000F05FFEFFE7FFE7FFE7A0
:1067000000200790FFE7079808B080BD0000000058
:1067100080B586B005900598002801D1FFE706E115
:106720000120009000200190059818380290FFE7A2
:10673000FFE70298006840F65071C0F65071B1EB67
:10674000500F0FD0FFE74BF28C20C2F2020000780E
:10675000002807D1FFE74BF28C20C2F20200012192
:106760000170E4E04BF28C20C2F2020001210170C2
:106770000298006840F65071C0F65071B1EB500FAE
:106780000DD0FFE74EF65850C8F201004EF63B61BF
:10679000C8F2010140F20D22FEF7F6FDFFE7029874
:1067A0000078C00700280DD1FFE74EF6D250C8F29E
:1067B00001004EF63B61C8F2010140F20E22FEF7E5
:1067C000E3FDFFE702988068006840F65071C0F66C
:1067D0005071B1EB500F0DD0FFE74EF69250C8F25A
:1067E00001004EF63B61C8F201014FF40472FEF75E
:1067F000CBFDFFE7029840680390039800280DD175
:10680000FFE74FF2BF60C8F201004EF63B61C8F2ED
:10681000010140F21522FEF7B7FDFFE7039800F0F3
:10682000FFFA07280DD0FFE74EF64B60C8F20100D3
:106830004EF63B61C8F2010140F21622FEF7A4FDBC
:10684000FFE7039844304FF0FF3100F02DFE049035
:106850000498002804D0FFE7049800F015FF66E0D4
:106860000298016821F0010101600398C169029A50
:1068700093689A1A11441839C1610298C068007867
:10688000C007002814D1FFE7FFE7FFE70398C169BD
:106890001831C16102988168C0688160029881687E
:1068A000C068C8600298C068029000200090FFE7AE
:1068B000029880680078C00700281AD1FFE7039883
:1068C000C1691831C161029880680190FFE7FFE754
:1068D000029801998968C860019880680299886067
:1068E0000198016940694861019801694069016145
:1068F000FFE70098002815D0FFE70398806A006939
:10690000029908610398806A029948610298039984
:10691000896A0969486102980399896A0861FFE7F1
:10692000FFE7FFE70398443000F046FDFFE706B0BD
:1069300080BD00000000000080B586B00590049185
:1069400003920293059800280CD1FFE74EF60D60E4
:10695000C8F201004EF68861C8F201013922FEF743
:1069600013FDFFE70598049A072100F075FA0398D4
:1069700005994861029820F00300059988610598FF
:1069800081693039C16105988169C269891A0162DA
:1069900005982C300190019841F6A061C1F6A061E4
:1069A00001600598019A5060019800228260019868
:1069B000C26001980061019840610198059B98624E
:1069C0000398019001980160059801994860019829
:1069D00082600198C260019800610198406101984D
:1069E0000599C96901441831816001988168C160C5
:1069F0000198059948620598806A006901990861C3
:106A00000598806A0199486101980599896A096920
:106A1000486101980599896A086101988068019028
:106A2000019841F6A161C1F6A06101600598019944
:106A3000486003980199886003980199C86001989B
:106A40004261019802610598443004990123009243
:106A50001A46009B00F070FCFFE7FFE7002006B03D
:106A600080BD00000000000085B0049003910292F8
:106A7000049801900398009000980199884222D2CE
:106A8000FFE701980099029A114488421BD2FFE760
:106A900002980199084401900298009908440090D6
:106AA000FFE70298411E029100280BD0FFE70098F3
:106AB000411E009110F8010C01994A1E019201F843
:106AC000010CEEE710E0FFE70298411E029100285A
:106AD00009D0FFE70098411C0091007801994A1CF9
:106AE00001920870F0E7FFE7049805B070470000D6
:106AF00088B0079006910592079803909DF81800BA
:106B00000090059804283ED3FFE79DF81C008007FD
:106B1000002838D1FFE707980190009840EA00204C
:106B20000290029840EA00400290FFE70598102882
:106B300018D3FFE7029801990A1D01920860029894
:106B400001990A1D01920860029801990A1D01929B
:106B50000860029801990A1D019208600598103892
:106B60000590E3E7FFE70598042809D3FFE70298BB
:106B700001990A1D01920860059804380590F2E712
:106B800001980390FFE7FFE70598411E0591002853
:106B900006D0FFE7009803994A1C03920870F3E7B8
:106BA000079808B07047000080B58CB002468DF899
:106BB0002B000991FFE7EBF75FFE0590FEF71CFF46
:106BC000002815D0FFE74EF6B720C8F201004EF6B8
:106BD000E661C8F201010491FEF7B6FF4EF2CC1057
:106BE000C8F201004FF4CC720499FEF7CDFBFFE729
:106BF0000598EBF745FEFFE79DF82B0000F0E4F861
:106C00000690069800280DD1FFE74EF6F650C8F220
:106C100001004EF6E661C8F201014FF4CE72FEF7B4
:106C2000B3FBFFE70698C068FFF7D2F80890089812
:106C3000002803D1FFE700200B9039E0089806995F
:106C4000CA6800210391FFF753FF9DF82B10089AA3
:106C500011720899039A4A720899099B08220290B6
:106C60000846194600F08CFDFFE74BF29020C2F277
:106C70000200006800280BD0FFE74BF29020C2F220
:106C80000200006808990190084601998847FFE7CB
:106C9000FFE7EBF7F1FD07900698043008990C31F7
:106CA000FEF79AFF0798EBF7EBFD08980B90FFE7CC
:106CB0000B980CB080BD000080B584B003900398A1
:106CC00000280DD1FFE74EF6C160C8F201004EF674
:106CD000F961C8F201014FF4EB72FEF755FBFFE7D3
:106CE0000398007A000600280DD5FFE74EF698605D
:106CF000C8F201004EF6F961C8F2010140F2D71264
:106D0000FEF742FBFFE7FFE74BF29420C2F20200DE
:106D1000006800280BD0FFE74BF29420C2F202007B
:106D2000006803990190084601998847FFE7FFE74B
:106D3000039800210172EBF79FFD029003980C303D
:106D4000FFF706F80298EBF79BFD0398FEF7ACFC03
:106D500004B080BD0000000080B584B003900398AB
:106D600000280DD1FFE74EF6C160C8F201004EF6D3
:106D70000A71C8F2010140F27512FEF705FBFFE748
:106D8000FFE74BF29420C2F20200006800280BD00B
:106D9000FFE74BF29420C2F20200006803990190D1
:106DA000084601998847FFE7FFE703980021017231
:106DB000EBF762FD029003980C30FEF7C9FF0298D2
:106DC000EBF75EFD04B080BD83B001468DF807008F
:106DD00000200090FFE7009808281ADCFFE70098E1
:106DE000000140F2B001C2F20001085C9DF80710FA
:106DF000884209D1FFE7009840F2B001C2F20001D9
:106E000001EB0010029007E0FFE7009801300090CE
:106E1000E1E700200290FFE7029803B0704700000E
:106E200080B582B00190019800280DD1FFE74EF6A1
:106E3000C160C8F201004EF6D361C8F2010140F210
:106E40000B22FEF7A1FAFFE70198007A00F07F001D
:106E500002B080BD0000000080B58AB00B460990EA
:106E60008DF823100792002005909DF823000293CF
:106E7000FFF7AAFF0490049800280DD1FFE74EF613
:106E8000F650C8F201004EF64371C8F201014FF40A
:106E90009C72FEF779FAFFE7FEF7FEFA0498406865
:106EA0000590FFE705980499043188421FD0FFE759
:106EB00005980C3803900398002813D0FFE7039837
:106EC000099988420DD1FFE74EF61B70C8F2010008
:106ED0004EF64371C8F201014FF4A472FEF754FA62
:106EE000FFE7FFE7FFE7059800680590DAE7FEF7A0
:106EF000AFFB9DF8230040F08000099908720998C3
:106F00000799082200F03CFCFFE74BF29020C2F208
:106F10000200006800280BD0FFE74BF29020C2F27D
:106F20000200006809990190084601998847FFE727
:106F3000FFE7EBF7A1FC06900498043009990C31A7
:106F4000FEF74AFE0698EBF79BFC0AB080BD0000F6
:106F500080B582B00090009800280DD1FFE74EF672
:106F6000C160C8F201004EF62971C8F201014FF468
:106F7000FC72FEF709FAFFE70098007A0006002885
:106F800003D5FFE70120019002E000200190FFE718
:106F9000019802B080BD000080B588B0EBF76CFCB2
:106FA00007904BF2A820C2F20200B0F900000028BE
:106FB00040F0D280FFE74BF2B830C2F20200006826
:106FC000002800F0C880FFE70020039004A8F6F72F
:106FD000C7F806904BF2F010C2F20200006890F879
:106FE000340000F0070003283FD1FFE74BF2F01018
:106FF000C2F20200006890F835000499884207D276
:10700000FFE74BF2F010C2F202000068069020E0A9
:107010004BF2F010C2F20200006890F835000499BB
:10702000884212D1FFE74BF2F010C2F20200006872
:1070300090F834000007002807D4FFE74BF2F01067
:10704000C2F202000068069002E001200390FFE710
:10705000FFE74BF2F010C2F20200006890F8341023
:1070600001F0F70180F83410FFE706984BF2F011B9
:10707000C2F202010968884259D0FFE704984BF236
:10708000EC11C2F2020108704BF2F010C2F20200E1
:107090000168059106990160FFE74BF2A420C2F256
:1070A0000200006800280DD0FFE74BF2A420C2F2D6
:1070B000020000680599069A029008461146029A55
:1070C0009047FFE7FFE70398002804D0FFE7059803
:1070D00000F04AF8FFE7069800F09AF8069890F852
:1070E000341001F0F801033180F83410FFE7FFE7B6
:1070F0000698F6F7E9F84BF20420C2F20200007895
:1071000000280AD1FFE705981C3006991C31EBF7DF
:10711000BAFB0798EBF7B4FB22E0FFE7FFE705981F
:107120001C3006991C31EBF7AEFBFFE712E04BF287
:10713000F010C2F2020001680190084600F068F801
:107140000198016891F8342002F0F802033281F8C6
:107150003420FFE7FFE7FFE70798EBF791FBFFE736
:1071600008B080BD0000000080B584B00390039893
:1071700000280DD1FFE74EF6A170C8F201004EF6CF
:10718000CD71C8F2010140F2BF22FEF7FDF8FFE722
:10719000EBF772FB029003984BF2F011C2F202017E
:1071A0000968884209D1FFE7039890F8341001F08C
:1071B000F801033180F8341022E0039890F834107D
:1071C00001F0F801013180F83410039890F835107F
:1071D0004BF2B822C2F2020202EBC101143001905C
:1071E00008460199FEF748FDFFE7FFE70398806B2B
:1071F0004BF2B831C2F202010A6810430860FFE79F
:107200000298EBF73DFB04B080BD000000000000D9
:1072100080B582B00190019800280DD1FFE74EF6AD
:10722000A170C8F201004EF6B371C8F201014FF42B
:107230004872FEF7A9F8FFE7EBF71EFB0090FFE7A7
:10724000FFE701981430FEF793FD019890F83500A0
:107250004BF2B821C2F2020101EBC000FEF72CFD97
:1072600000280BD0FFE70198806B4BF2B831C2F2D7
:1072700002010A6822EA00000860FFE70098EBF7C5
:10728000FFFA02B080BD000080B588B013460690BA
:1072900005918DF81320FFE7EBF7EEFA0290FEF769
:1072A000ABFB002815D0FFE74EF6B720C8F201006F
:1072B0004EF22101C8F201010191FEF745FC4EF2A8
:1072C000CC10C8F2010040F20F120199FEF75CF8F1
:1072D000FFE70298EBF7D4FAFFE70598B0F5803F97
:1072E0000DD3FFE74EF66130C8F201004EF22101E6
:1072F000C8F201014FF48872FEF746F8FFE70699DD
:107300000220FFF751FC03900398002803D1FFE708
:10731000039807900CE00398FEF70AFC0599039A7E
:1073200091839DF81310039A517203990791FFE717
:10733000079808B080BD000080B586B09C460590D7
:10734000049103928DF80B30059800280CD1FFE7CB
:107350004EF64130C8F201004EF6FD31C8F201018F
:10736000D222FEF711F8FFE70398B0F5803F0CD367
:10737000FFE74EF66130C8F201004EF6FD31C8F26B
:107380000101D322FEF700F8FFE70598049A0221D5
:10739000FFF762FD0598FEF7CBFB0399059A9183F1
:1073A0009DF80B10059A517200210190084606B015
:1073B00080BD00000000000080B586B004900498F5
:1073C00000280DD1FFE74EF64130C8F201004EF61D
:1073D000D131C8F2010140F2BD12FDF7D5FFFFE740
:1073E0000498FFF71DFD02280DD0FFE74EF68C3004
:1073F000C8F201004EF6D131C8F201014FF4DF723C
:10740000FDF7C2FFFFE7FFE74BF29820C2F2020050
:10741000006800280BD0FFE74BF29820C2F2020070
:10742000006804990190084601998847FFE7FFE743
:1074300000200290EBF720FA0390FFE7FFE70498A3
:107440001430FEF72DFC002807D1FFE70498143014
:10745000FEF70AFB0121029113E00498808B4FF69E
:10746000FE71884205DCFFE70498818B013181833E
:1074700006E00398EBF704FA6FF0020005900DE0C8
:10748000FFE70398EBF7FCF90298012803D1FFE727
:10749000FFF782FDFFE700200590FFE7059806B0A3
:1074A00080BD00000000000080B58EB00C900B91F4
:1074B0000C9800280DD1FFE74EF64130C8F20100CC
:1074C0004EF68031C8F201014FF4A872FDF75CFF5F
:1074D000FFE70C98FFF7A4FC02280DD0FFE74EF65B
:1074E0008C30C8F201004EF68031C8F2010140F242
:1074F0005112FDF749FFFFE7FFE74BF2A020C2F270
:107500000200006800280BD0FFE74BF2A020C2F277
:10751000020000680C990690084606998847FFE724
:10752000FFE7EBF7A9F90A90FFE7FFE70C98808BDC
:10753000012808DBFFE70C98818B013981830A98C9
:10754000EBF79EF984E00B98002807D1FFE70A9833
:10755000EBF796F96FF001000D9091E0FFE7EBF784
:107560008BF9089000F0BCFB002815D1FFE74EF620
:10757000FC20C8F201004EF68031C8F201010591ED
:10758000FEF7E2FA4EF2CC10C8F2010040F271129E
:107590000599FDF7F9FEFFE7FFE7EBF76DF90790B7
:1075A000FEF72AFA002815D0FFE74EF6B720C8F2FA
:1075B00001004EF68031C8F201010491FEF7C4FAD1
:1075C0004EF2CC10C8F2010040F271120499FDF79E
:1075D000DBFEFFE70798EBF753F9FFE70898EBF7B7
:1075E0004FF9FFE700F07CFB099009980021016347
:1075F000FFE7FFE70C9800F11401099A407A039025
:1076000008461146039AFEF743FA0B9901290FDB4E
:10761000FFE7FFE7FFE709984C3000210BAA00F0D5
:10762000F3FD09994C310290084600F0F5FEFFE7A2
:107630000A98EBF725F9FFF7AFFC0998006B0028D3
:1076400004D0FFE70998006B0D9019E0FFE7FFE712
:10765000FFE74BF29C20C2F20200006800280BD02A
:10766000FFE74BF29C20C2F2020000680C990190E7
:10767000084601998847FFE7FFE700200D90FFE7E4
:107680000D980EB080BD000080B582B00190FEF76D
:10769000B3F9002807D0FFE701984CF63C41C2F24D
:1076A0000101086011E000F01BFB00900098002829
:1076B00007D1FFE701984CF63C41C2F20101086096
:1076C00003E0019800990863FFE702B080BD000065
:1076D00080B582B04EF6D040C8F20100FEF734FA11
:1076E0004EF60350C8F20100FEF72EFA4EF64C504B
:1076F000C8F20100694608604EF62750C8F2010042
:10770000042100220323FEF71FFA4EF6D940C8F2E7
:107710000100FEF719FA02B080BD00000000000071
:1077200082B080B584B0079306920390029106A8B8
:10773000009003980299009A01F0A2FA0190019832
:1077400004B0BDE8804002B07047000000000000B7
:1077500082B0019001980090FFE7009890F9000036
:10776000002805D0FFE7FFE7009801300090F4E71C
:1077700000980199401A02B0704700000000000014
:1077800085B00490039102920298002827D0FFE769
:107790000498019003980090FFE70098411C009125
:1077A00001994A1C90F900000192087000280ED13E
:1077B000FFE7FFE7029801380290002806D0FFE7B4
:1077C0000198411C019100210170F3E706E0FFE7F9
:1077D0000298013802900028DFD1FFE7FFE7049804
:1077E00005B070470000000080B584B0039002919E
:1077F000039802990B1A4CF64041C2F201014FF274
:10780000BF62C8F20102019008461146019AFFF7D3
:1078100093F804B080BD000080B582B04BF2A82080
:10782000C2F2020000210180FFE7FFE70020019083
:10783000FFE701981F280EDCFFE701984BF2B82103
:10784000C2F2020101EBC000FEF7AEF9FFE70198BA
:1078500001300190EDE74BF2B830C2F20200002196
:1078600001604BF2AC20C2F20200FEF79DF902B0BB
:1078700080BD00000000000080B582B06846F5F7CA
:107880006FFC019001984BF2F011C2F20201086006
:107890000198FFF7BDFC0198032180F8341001988E
:1078A0001C30EBF736F802B080BD0000000000008D
:1078B00080B582B000200190FFE7019800280ED12A
:1078C000FFE701984BF2D441C2F2020101EBC00084
:1078D000FEF77AF9FFE7019801300190EDE702B079
:1078E00080BD0000000000007047000000000000A4
:1078F00070B58EB0DDF84CC0DDF848E00C900B910F
:107900000A9209938DF823E00C990120CDF814C058
:10791000FFF74AF907900798002803D1FFE70020F6
:107920000D9024E00998FEF753FA06900698002877
:1079300006D1FFE70798FFF7BFF900200D9016E08A
:1079400007980C990B9A0A9BDDF818C0DDF824E023
:107950009DF82340139D6E46F560B460C6F804E0C0
:10796000C6F800C0F5F7FCFC07990D91FFE70D98EC
:107970000EB070BD0000000080B584B000F0B0F91A
:107980000390EAF779FF02900398F5F7D1FD039889
:10799000FFF73EFC0398042180F8341003984C3024
:1079A00000F0BEFC039901900846FFF7D1FA0128C8
:1079B00004D1FFE70398FFF7CFF909E0039800F13E
:1079C00014014BF2AC20C2F20200FEF719F9FFE7F6
:1079D000FFF7E2FA0298EAF753FF04B080BD000017
:1079E00080B582B00190FFE700200090FFE700988B
:1079F000032818D8FFE7009844F25C01C2F20201A4
:107A000051F82000002809D0FFE7009844F25C01FB
:107A1000C2F2020151F820008047FFE7FFE700981B
:107A200001300090E3E700F003F8DDE7000000001C
:107A300080B584B0FFE7EAF71FFF0390FDF7DCFF96
:107A4000002814D0FFE74EF6B720C8F201004EF62A
:107A5000E621C8F201010091FEF776F84EF2CC1053
:107A6000C8F201009B220099FDF78EFCFFE7039806
:107A7000EAF706FFFFE7FFE7EAF7FEFE0290F5F7F9
:107A80008BFB002804D1FFE70298EAF7F9FE15E026
:107A90004BF2AC20C2F20200006814380190019849
:107AA0001430FEF745F90198806AFDF7FDFD019855
:107AB000FFF702F90298EAF7E3FEDDE704B080BDC4
:107AC00080B58CB000200B90FFE70B98002844D1C4
:107AD000FFE70B9A4EF6DE21C8F2010109A80890D3
:107AE000FFF71EFE0B9943F6DC72C2F2020202EBB4
:107AF000C1134BF2C03CC2F2020C0CEB0121EC466C
:107B00004FF0200ECCF80CE04FF01F0ECCF808E040
:107B10004FF4807ECCF804E0CCF8001045F26951B7
:107B2000C8F201014FF0000C07901846089B06911F
:107B30001946DDF818E005927246634600F010F829
:107B40000B99059A02EBC1110490084600F024F944
:107B5000FFE70B9801300B90B7E70CB080BD000039
:107B600070B58AB0DDF844C0DDF840E00F9C0E9D92
:107B700009900891079206938DF817E0099800285C
:107B80000DD1FFE74EF6A170C8F201004FF24E1181
:107B9000C8F201014FF48672FDF7F6FBFFE70E987D
:107BA00000280DD1FFE74FF25600C8F201004FF256
:107BB0004E11C8F2010140F20D12FDF7E5FBFFE79F
:107BC0000998089A0121FFF747F909980899079A37
:107BD000069BDDF838C0DDF83CE09DF81740119DAC
:107BE0006E46F560B460C6F804E0C6F800C0F5F76C
:107BF000B7FB0AB070BD000080B582B0019001985B
:107C000000F002FA0090009800F072F802B080BD17
:107C100080B586B00490049800280DD1FFE74EF699
:107C2000A170C8F201004FF21A11C8F201014FF41D
:107C30004D72FDF7A9FBFFE70498FFF7F1F8012863
:107C40000DD0FFE74FF2C600C8F201004FF21A1143
:107C5000C8F2010140F23532FDF796FBFFE7FFE77E
:107C6000FFE7049890F8340000F00700022806D0DF
:107C7000FFE7FFE7FFE74FF0FF3005902AE0EAF764
:107C8000FBFD039004981430FEF782F804984C3002
:107C900000F0BAFC039902900846EAF7F1FD049857
:107CA000FFF762FAFFE74BF2BC30C2F20200006855
:107CB00000280BD0FFE74BF2BC30C2F20200006894
:107CC00004990190084601998847FFE7FFE70020E3
:107CD0000590FFE7059806B080BD00000000000099
:107CE0004BF2F010C2F20200006870470000000082
:107CF00080B586B00590FFF7F3FF03900398002846
:107D00000DD1FFE74EF6A170C8F201004FF22B1122
:107D1000C8F2010140F21A22FDF736FBFFE7039893
:107D2000FFF77EF801280DD0FFE74FF2C600C8F23A
:107D300001004FF22B11C8F2010140F21B22FDF7A6
:107D400023FBFFE7EAF798FD0490039800F080F822
:107D500003994C31002205AB0290084611461A46A1
:107D600000F052FA03994C310190084600F054FBA0
:107D7000049900900846EAF783FDFFF70DF9039890
:107D8000006B0230002804D1FFE703980021016353
:107D9000FFE7002006B080BD80B582B00190019859
:107DA00000280DD1FFE74EF6A170C8F201004FF296
:107DB0003B11C8F201014FF49F72FDF7E5FAFFE7AE
:107DC000019890F83400400700280DD0FFE74FF2EB
:107DD0006D00C8F201004FF23B11C8F2010140F200
:107DE0003F12FDF7D1FAFFE70198FFF719F80128D4
:107DF0000DD0FFE74FF2C600C8F201004FF23B1171
:107E0000C8F201014FF4A072FDF7BEFAFFE7019836
:107E100090F8361080F83510019890F8351001224E
:107E200002FA01F18163FFE7FFE70198022180F880
:107E300034100198FFF7ECFE0090FFF751FF002887
:107E400003D0FFE7FFF7A8F8FFE7002002B080BDEE
:107E500080B588B00690069800280DD1FFE74EF651
:107E6000A170C8F201004FF20811C8F201014FF4ED
:107E70004172FDF789FAFFE70698FEF7D1FF012866
:107E80000DD0FFE74FF2C600C8F201004FF2081113
:107E9000C8F2010140F20532FDF776FAFFE7FFE78D
:107EA000FFE7069890F8340000F007000590059869
:107EB00001280AD0FFE70598032806D0FFE7FFE76F
:107EC000FFE74FF0FF30079048E0EAF7D5FC049059
:107ED0000598032816D1FFE706980390FFF700FFE7
:107EE000039981420DD0FFE74FF20100C8F2010073
:107EF0004FF20811C8F2010140F21632FDF744FAC0
:107F0000FFE7FFE70698FFF783F9069890F834102B
:107F100001F0F801023180F8341006984C3000F07E
:107F200073FB049902900846EAF7AAFCFFE74BF2BC
:107F3000C040C2F20200006800280BD0FFE74BF2FD
:107F4000C040C2F2020000680699019008460199FB
:107F50008847FFE7FFE700200790FFE7079808B092
:107F600080BD00000000000080B582B00190019843
:107F70000090009800280DD1FFE74EF6A170C8F2DE
:107F800001004FF25D11C8F2010140F26132FDF7CC
:107F9000FBF9FFE7009890F8340000F00700022892
:107FA0000DD0FFE74FF21C00C8F201004FF25D1147
:107FB000C8F2010140F26232FDF7E6F9FFE70098EE
:107FC000FEF72EFF01280DD0FFE74FF2C600C8F2E2
:107FD00001004FF25D11C8F2010140F26332FDF77A
:107FE000D3F9FFE700986FF00101016300981430A6
:107FF000FDF7CEFE0098FFF7B7F8FEF7CDFF02B011
:1080000080BD00000000000082B001900198B0F136
:10801000FF3F04DCFFE74FF0FF30009022E00198C3
:1080200044F6D351C1F2620150FB01F0821102EB20
:10803000D0704FF47A7250430090019850FB01F3D6
:108040004FEAA31C0CEBD37303FB1200504300F266
:10805000E73050FB01F0811101EBD070009908442A
:108060000090FFE7009802B0704700000000000099
:108070004BF2C840C2F202000068704700000000E6
:1080800080B582B04BF2C840C2F2020001680131F3
:108090000160FFF725FE01900198816C0139816430
:1080A0000198806C00280DD1FFE70198416C816434
:1080B000019890F8341041F0080180F83410FEF770
:1080C0006BFFFFE700F004F802B080BD0000000085
:1080D00080B588B003A803900490FFE7FFE7FFF79F
:1080E000C7FF0690EAF7C8FB0590FFE74BF2D440C4
:1080F000C2F20200FDF7ECFD00287DD1FFE74BF254
:10810000D440C2F20200006814380790069807991C
:10811000896A401A4FF6FE71C7F6FF71884269D826
:10812000FFE7FFE74BF2CC40C2F2020000680028F4
:108130000BD0FFE74BF2CC40C2F202000068079977
:108140000290084602998847FFE7FFE70798F5F78E
:10815000D7F90798407A8007002806D4FFE70798E8
:10816000417A01F0FE014172FFE7079800F1140126
:1081700003A8FDF759FD0798C169006A8847FFF712
:1081800077FF0690FFE74BF2D040C2F20200006892
:1081900000280BD0FFE74BF2D040C2F2020000688B
:1081A00007990190084601998847FFE7FFE7FFE735
:1081B000FFE703A8FDF78CFD002801D0FFE795E756
:1081C00007981430FDF7F4FD0798407A80070028DF
:1081D0000FD5FFE70798407AC007002809D0FFE7CE
:1081E0000798417A01F0FE014172079800F014F9F6
:1081F000FFE700E000E079E70598EAF741FBFFE7D9
:10820000FFE708B080BD000080B586B005900491FE
:108210000392059800280DD1FFE74FF2BC10C8F279
:1082200001004FF2DD11C8F2010140F2DF12FDF74B
:10823000ABF8FFE70598FEF7F3FD0A280DD0FFE73E
:108240004FF2FC10C8F201004FF2DD11C8F201013B
:108250004FF4F072FDF798F8FFE7EAF70DFB029094
:108260000498042801902AD80199DFE801F0080356
:108270000D1319000598406A0399086020E00398DF
:108280000068059948621BE00598417A01F0FD01FC
:10829000417215E00598417A41F0020141720FE008
:1082A0000598407AC007002804D0FFE70398012111
:1082B000016003E0039800210160FFE700E0FFE7B1
:1082C0000298EAF7DDFA002006B080BD0000000049
:1082D00080B588B0DDF828C006900591049203931C
:1082E0008DF80BC006990A20FEF75EFC01900198FC
:1082F000002803D1FFE7002007900DE001980599C1
:10830000049A039B9DF80BC0EE46CEF800C0F5F72B
:10831000C3F801980790FFE7079808B080BD0000F8
:1083200080B582B00190019800280CD1FFE74FF290
:10833000BC10C8F201004FF2CD11C8F20101DE22DB
:10834000FDF722F8FFE70198FEF76AFD0A280CD036
:10835000FFE74FF2FC10C8F201004FF2CD11C8F256
:108360000101DF22FDF710F8FFE70198FEF7F0FDAD
:1083700000280CD1FFE74FF26F10C8F201004FF256
:10838000CD11C8F20101E022FCF7FEFFFFE7EAF79A
:1083900073FA00900198F5F7B3F80198417A01F06B
:1083A000FE0141720098EAF76BFA0198FEF7D4FCDF
:1083B000002002B080BD000080B586B0DDF824C08A
:1083C000DDF820E005900491039202938DF807C038
:1083D000059800280CD1FFE74FF2BC10C8F201004D
:1083E0004FF23821C8F20101C922FCF7CDFFFFE7A7
:1083F0000598049A0A21FEF72FFD05980399029A21
:10840000089B9DF807C0EE46CEF800C0F5F744F88B
:1084100006B080BD0000000080B58AB009900998C0
:1084200000280DD1FFE74FF2BC10C8F201004FF257
:108430004621C8F2010140F24512FCF7A5FFFFE713
:108440000998FEF7EDFC0A280DD0FFE74FF2FC106B
:10845000C8F201004FF24621C8F201014FF4A372A5
:10846000FCF792FFFFE7EAF707FA06900998F5F79D
:1084700047F80998417A01F0FE014172FFE74BF29B
:108480009C20C2F20200006800280BD0FFE74BF2EC
:108490009C20C2F2020000680999019008460199E7
:1084A0008847FFE7FFE70998406A6FF0004188427C
:1084B0000DD3FFE74FF29910C8F201004FF24621A9
:1084C000C8F2010140F25512FCF75EFFFFE7FFF72B
:1084D000CFFD09994A6A104488624BF2D440C2F237
:1084E000020007900798059000200890FFE7089881
:1084F00000284AD1FFE7FFE7089805A951F82010A6
:10850000079A02EBC000406881422CD0FFE7089830
:1085100005A951F820000068029002980899A0EB84
:10852000C100143803900398806A0999896A401A37
:10853000002801D1FFE70EE00398806A0999896A53
:10854000401A4FF6FE71C7F6FF71884201D8FFE767
:1085500009E0FFE7FFE7089805A951F82020126815
:1085600041F82020C8E70898002809D0FFE70898BC
:1085700005A901EB800251F8200008305060FFE7A8
:10858000FFE7089801300890B1E74BF2DC40C2F2F7
:1085900002000168013101600068049005980999A2
:1085A0001431FDF741FB02200890FFE708980128ED
:1085B0001FD8FFE79DF810008007002810D1FFE7C3
:1085C0000898C0F1010005A951F82010099A02EBA2
:1085D000C0001430009008460099FDF725FB00E02C
:1085E00007E0049880080490FFE70898013008909D
:1085F000DCE70998417A41F0010141720698EAF7F7
:108600003FF900200AB080BD80B584B00290029886
:1086100000280DD1FFE74FF2BC10C8F201004FF265
:10862000EE11C8F2010140F2BB12FCF7ADFEFFE70C
:108630000298FEF7F5FB0A280DD0FFE74FF2FC1079
:10864000C8F201004FF2EE11C8F201014FF4DE72E0
:10865000FCF79AFEFFE70298407AC007002804D191
:10866000FFE74FF0FF30039025E0FFE74BF2982043
:10867000C2F20200006800280BD0FFE74BF29820FE
:10868000C2F20200006802990090084600998847EB
:10869000FFE7FFE7EAF7F0F801900298F4F730FF00
:1086A0000298417A01F0FE0141720198EAF7E8F878
:1086B00000200390FFE7039804B080BD0000000095
:1086C000B0B592B0119310900F910E9210980A903D
:1086D00010980F990844099009981099884208D277
:1086E000FFE74FF0FF30099009981099401A0F905A
:1086F000FFE7FFE70E980078002800F0A782FFE769
:108700000E9890F9000025280ED0FFE70A980999E5
:10871000884205D2FFE70E9800780A990870FFE7B3
:108720000A9801300A908DE200208DF81A00FFE7C8
:108730000E9801300E900E9890F900002D2807D168
:10874000FFE79DF81A0040F010008DF81A0038E09D
:108750000E9890F900002B2807D1FFE79DF81A002A
:1087600040F004008DF81A002AE00E9890F90000FD
:10877000202807D1FFE79DF81A0040F008008DF887
:108780001A001CE00E9890F90000232807D1FFE79B
:108790009DF81A0040F020008DF81A000EE00E98A7
:1087A00090F90000302807D1FFE79DF81A0040F04B
:1087B00001008DF81A0000E004E0FFE7FFE7FFE7A3
:1087C000FFE7B5E74FF0FF3005900E9890F90000F5
:1087D0003038092805D8FFE70EA802F045FC0590BF
:1087E0001EE00E9890F900002A2818D1FFE70E9895
:1087F00001300E901198011D1191006805900598A7
:10880000B0F1FF3F0ADCFFE70598404205909DF874
:108810001A0040F010008DF81A00FFE7FFE7FFE7AD
:108820004FF0FF3004900E9890F900002E2828D1C8
:10883000FFE70E9801300E900E9890F90000303846
:10884000092805D8FFE70EA802F00EFC04900FE0FF
:108850000E9890F900002A2809D1FFE70E98013000
:108860000E901198011D119100680490FFE7FFE739
:108870000498B0F1FF3F03DCFFE700200490FFE71E
:10888000FFE700208DF819000E9890F90000682885
:1088900006D0FFE70E9890F900006C2808D1FFE79A
:1088A0000E9800788DF819000E9801300E90FFE7B1
:1088B0000A208DF81B000E9890F90000253801461B
:1088C0005328039100F250810399DFE811F0290148
:1088D0004D014D014D014D014D014D014D014D0128
:1088E0004D014D014D014D014D014D014D014D0118
:1088F0004D014D014D014D014D014D014D014D0108
:108900004D014D014D014D014D014D014D014D01F7
:108910004D014D014D014D014D014D014D014D01E7
:108920004D014D014D014D014D014D014D014D01D7
:108930004D014D013A014D014D014D014D014D01DA
:108940004D014D014D014D014D01540045014D01B9
:108950004D014D014D0145014D014D014D014D01AF
:108960004D01360105014D014D0197004D014C01AE
:108970004D014D0141019DF81A00C006002815D493
:10898000FFE7FFE705980138059001280DDBFFE7B9
:108990000A980999884204D2FFE70A9820210170B9
:1089A000FFE70A9801300A90ECE7FFE71198011DF4
:1089B000119100688DF823000A980999884205D220
:1089C000FFE79DF823000A990870FFE70A98013035
:1089D0000A90FFE705980138059001280DDBFFE7B5
:1089E0000A980999884204D2FFE70A982021017069
:1089F000FFE70A9801300A90ECE723E11198011D86
:108A00001191006807900798002806D1FFE74EF6FD
:108A10004550C8F201000790FFE70798FEF798FE5F
:108A20000B900498012808DBFFE70B980499884213
:108A300003DDFFE704980B90FFE79DF81A00C006DE
:108A4000002816D4FFE7FFE70B9805994A1E059208
:108A500088420DDAFFE70A980999884204D2FFE7B5
:108A60000A9820210170FFE70A9801300A90EBE78D
:108A7000FFE700200C90FFE70C980B99884215DA6D
:108A8000FFE70A980999884205D2FFE7079800781E
:108A90000A990870FFE70A9801300A900798013098
:108AA0000790FFE70C9801300C90E5E7FFE70B9883
:108AB00005994A1E059288420DDAFFE70A9809993E
:108AC000884204D2FFE70A9820210170FFE70A9844
:108AD00001300A90EBE7B5E005980130002809D194
:108AE000FFE7082005909DF81A0040F001008DF87E
:108AF0001A00FFE70A980999119A131D1193126839
:108B0000059BDDF810C09DF81AE06C46C4F808E03B
:108B1000C4F804C023601023FAF7A6FD0A9091E080
:108B20000A980999884204D2FFE70A982521017022
:108B3000FFE70A9801300A9084E008208DF81B00B6
:108B400036E09DF81A0040F040008DF81A00FFE76B
:108B500010208DF81B002BE09DF81A0040F0020059
:108B60008DF81A00FFE723E00A980999884204D299
:108B7000FFE70A9825210170FFE70A9801300A9063
:108B80000E98007800280ED0FFE70A9809998842CD
:108B900005D2FFE70E9800780A990870FFE70A9857
:108BA00001300A9003E00E9801380E90FFE749E08B
:108BB0009DF819006C280DD1FFE71198011D119146
:108BC00000680D909DF81A008007002801D5FFE786
:108BD000FFE722E09DF81900682810D1FFE71198FF
:108BE000011D119100880D909DF81A008007002842
:108BF00004D5FFE7BDF934000D90FFE70CE01198B4
:108C0000011D119100680D909DF81A008007002841
:108C100001D5FFE7FFE7FFE7FFE70A9809990D9AFB
:108C20009DF81B30DDF814C0DDF810E09DF81A4007
:108C30006D46AC60C5F804E0C5F800C0FAF714FD55
:108C40000A90FFE70E9801300E9053E50F98002828
:108C50000FD0FFE70A980999884204D2FFE70A98E3
:108C60000021017004E00998002100F8011CFFE7D1
:108C7000FFE70A981099401A12B0B0BD000000003A
:108C800080B584B00392029001910298019A039BEF
:108C90004FF0FF31FFF714FD04B080BD000000006D
:108CA0000020704700000000002070470000000016
:108CB0000020704700000000002070470000000006
:108CC00080B582B0E9F7D8FD0190FCF7F5FCFEF71E
:108CD000FFFCFEF7EDFDFEF79FFDFCF729FBFEF71D
:108CE00003FEFEF7EDFEFEF7C7FD002002B080BDDB
:108CF00080B588B0079006910592049343F61460FE
:108D0000C2F2020003A9F6F797F9002850D0FFE756
:108D1000039943F61460C2F20200F6F77DF9039856
:108D200040F28071C2F20001884211D1FFE74BF29C
:108D3000A860C2F2020040F28071C2F2000101603C
:108D40004FF46140029008460299EFF779FE19E06E
:108D500003984EF68001C2F20001884211D1FFE76C
:108D60004BF2A860C2F202004EF68001C2F200018E
:108D700001604FF46140019008460199EFF760FEF1
:108D8000FFE7FFE74BF29460C2F20200012101709D
:108D90004CF63850C2F201000088002807D0FFE7E7
:108DA0004CF64850C2F20100FEF706FBFFE7FFE772
:108DB00008B080BD0000000080B586B0059000209E
:108DC0008DF81300ADF80A00019000900920019081
:108DD000FFE70198002859D0FFE7A5208DF80F0084
:108DE000F1208DF810000598019930F82100ADF8B8
:108DF0000C009DF80D008DF811009DF80C008DF809
:108E0000120005200DF10F01042205F0D9FB00200E
:108E1000ADF80A00FFE74CF67050C2F20100F7F718
:108E20001FFB032818D3FFE7032000904CF6705077
:108E3000C2F201000DF10F016A460023F7F7FCF9B9
:108E40009DF810109DF8112042EA0121059A019B1E
:108E500002EB830251800BE0012003F009FDFFE7E4
:108E6000BDF80A00411CADF80A108028D3DBFFE7EB
:108E7000BDF80A00812804DBFFE701208DF813000C
:108E800004E0FFE7019801380190A2E79DF8130084
:108E900006B080BD0000000080B592B000208DF8C3
:108EA0004700FFE7C82003F0E3FC042000210C91F9
:108EB0000C9A0C9B01F0A8FF4BF2C260C2F20200B8
:108EC0000121017068465C2101600DA84FF44872D1
:108ED0005D230B900C9902F0E7F840F27811C2F292
:108EE00000010B9800F018F900286AD0FFE74BF258
:108EF000C260C2F20200002101700A91F5F7E0FAA7
:108F000048F23173C8F2010303200A990A9A01F06A
:108F10007BFF05204FF41651502209900892089BC0
:108F200005F00AF80121099805F01EFB4CF6705077
:108F3000C2F20100F7F7B0F840F27811C2F2000176
:108F40000790084600F078F8002818D0FFE74EF2A6
:108F50000F41C8F201014EF22942C8F2010200207D
:108F60004FF40B730690F6F76BFB06980699069A7A
:108F7000069B01F049FF01208DF8470057E040F2C1
:108F80005010C2F20000FFF717FF002818D0FFE7CB
:108F90004EF2F531C8F201014EF22942C8F2010247
:108FA00000204FF40E730590F6F74AFB05980599DB
:108FB000059A059B01F028FF01208DF8470036E057
:108FC000FFE76846022181600021416001210160C4
:108FD00043F61460C2F2020046F67903C8F20103B8
:108FE0004FF4B471A022049008461146049AF6F793
:108FF0003FF840F28070C2F20000049903900846E6
:109000000399F6F709F84EF68001C2F200010498C0
:10901000F6F702F80498F6F793FA4BF2A860C2F25A
:109020000200039901602B20F8F772FBFFE79DF81F
:10903000470012B080BD000080B586B005900120C9
:109040008DF813000020ADF80A00019000900A206E
:109050000190FFE70198FE2826D8FFE7A5208DF8AC
:109060000F000598019910F821008DF8100005985F
:10907000019900EB81004088ADF80C009DF80D00CF
:109080008DF811009DF80C008DF8120005200DF1EF
:109090000F01042205F094FA022003F0E9FBFFE738
:1090A000019801380190D5E7FFE74CF67050C2F205
:1090B0000100F7F7D5F903281BD3FFE70320009041
:1090C0004CF67050C2F201000DF10F016A46002308
:1090D000F7F7B2F89DF81010FF2905D0FFE79DF8CB
:1090E0001100FF2804D1FFE700208DF813000CE0E9
:1090F000FFE7012003F0BCFBFFE7BDF80A00411CBD
:10910000ADF80A108028D0DBFFE79DF8130006B009
:1091100080BD00000000000080B5ADF54A7DC9901B
:10912000C891C998C7904BF29860C2F20200C190F2
:1091300033210172C799C968C160C7990968016084
:10914000C79949684160C899C9884BF2AC62C2F2BC
:109150000202BF921180C89949895180C899C98972
:109160009180C899498AD180C899C98A1181C899C2
:10917000498B5181C899C98B9181C899498CD181FA
:10918000C899C98C1182C899498D51820321C09117
:109190000022C39202F0FCF8C1982421C29101225E
:1091A00002F0F6F8322003F063FBC099C198C39A2D
:1091B00002F0EEF8C198C299C39A02F0E9F80A20C9
:1091C00003F056FBC3988DF818038DF81903FFE7D9
:1091D0004BF29860C2F20200BD900321BC910022C4
:1091E000BB9202F0D5F8BD98062102F085F8BD9833
:1091F000022102F081F8BD98082102F07DF8BB99A8
:10920000BD9802F079F8BC990246BD988DF81B23F1
:1092100002F072F8BD98052102F06EF8BD980721A2
:1092200002F06AF8BD98012102F066F80146BD9887
:109230008DF81A130A21BE9102F05EF8BE989DF8CF
:109240001B239DF81A1341EA0221ADF8161303F00F
:109250000FFB9DF8190301308DF819039DF81903D0
:109260000A2804DBFFE701208DF8180307E0FFE779
:10927000BDF8160344F289018842A9D1FFE79DF8A1
:109280001803002841F08B84FFE74BF29860C2F28C
:109290000200B9900321002202F07AF8B9982D213A
:1092A0000122B89202F074F8B89AB998282102F015
:1092B0006FF8B9982921902202F06AF8B9982E2106
:1092C000FF2202F065F84BF2AC60C2F20200B0F986
:1092D00004000146BA911E281AD0FFE7BA98322836
:1092E0000DD0FFE7BA983C281BD1FFE740F25A3077
:1092F000ADF8140340F20D20ADF812031AE04FF45C
:109300007A70ADF814034FF40770ADF8120311E052
:109310004FF47A70ADF814034FF46170ADF8120396
:1093200008E04FF47A70ADF814034FF48760ADF89D
:109330001203FFE74BF29860C2F20200B3900421DF
:109340008D910222B59202F023F8B39805218E91F7
:109350000322B49202F01CF8B3984BF2AC61C2F253
:109360000201B6918A7A2521A69102F011F8B398EC
:109370009DF8152306218F9102F00AF8B3989DF805
:10938000142307218B9102F003F8B3989DF813235F
:109390000821919101F0FCFFB3989DF81223092157
:1093A000939101F0F5FFB3989DF813230A2101F082
:1093B000EFFFB3989DF812230B2101F0E9FFB3985A
:1093C000B699CA791021929101F0E2FFB398B6994B
:1093D0008A791121909101F0DBFFB398B6994A7A0E
:1093E0001221859101F0D4FFB398B6990A7A13211E
:1093F000869101F0CDFFB39814218C910022A792A1
:1094000001F0C6FF909AB3981521879101F0C0FF33
:10941000B398162188910122A59201F0B9FFB39863
:1094200017218991FC228A9201F0B2FF8D9AB3989C
:109430004F21969101F0ACFF8B9AB39851219791EF
:1094400001F0A6FFB39852219D91D12201F0A0FF17
:109450008F9AB3985321949101F09AFFB3985421B5
:1094600095918522A29201F093FFA79AB398592172
:10947000B29101F08DFFB3985A219C918322A09262
:1094800001F086FFB3985B2145229F9201F080FF97
:10949000A79AB3985C2101F07BFFB3985D219D22D0
:1094A00001F076FFB3985E218622A39201F070FF4F
:1094B000B398B49A5F21989101F06AFF869AB398A5
:1094C0006021999101F064FF8D9AB398B49901F0ED
:1094D0005FFF8599B398B59A01F05AFF86998B9AE8
:1094E000B39801F055FF8C99B398B59A01F050FFED
:1094F00087998B9AB39801F04BFF8899B398B59AE6
:1095000001F046FF89998B9AB39801F041FFA79A21
:10951000B398B49901F03CFF8E9AB398362101F0CC
:1095200037FFB398B49A382101F032FFB3983B214A
:109530007C22A99201F02CFFB3983E214E22AF92DB
:1095400001F026FF8A9AB3983F2101F021FFB398DA
:109550004021F82201F01CFFA59AB398B49901F0BC
:1095600017FF8B99B39864229E9201F011FF8C9A99
:10957000B3980D2101F00CFF8C9AB3980E2101F0E5
:1095800007FF8D99B398E02201F002FF8E99B398FE
:10959000B59A01F0FDFE8F99909AB39801F0F8FE0C
:1095A0009199929AB39801F0F3FE939AB3981A2185
:1095B00001F0EEFE9499A79AB39801F0E9FE95990F
:1095C000B398B49A01F0E4FEB398B49A55219A91F5
:1095D00001F0DEFE9A9AB398562101F0D9FE9699D1
:1095E000A79AB39801F0D4FEB398B49A5021AD91E4
:1095F00001F0CEFE9799B398B49A01F0C9FE9A9AF9
:109600009D99B39801F0C4FEA79AB398632101F025
:10961000BFFE9A9A9E99B39801F0BAFEA79AB398A2
:10962000652101F0B5FE9E9AB39866219B9101F0E9
:10963000AFFE9899A79AB39801F0AAFE99999A9AC1
:10964000B39801F0A5FEA79AB398612101F0A0FE9E
:109650009E9AB398622101F09BFEA79AB398672166
:1096600001F096FEA59AB398682101F091FEB39897
:10967000B49A6921A89101F08BFE9A9AB3986A2155
:1096800001F086FEA79AB398B49901F081FEA79ADB
:10969000B398CD2101F07CFE9B9AB398CE2101F0C6
:1096A00077FEA59AB398B49901F072FEA79AB39881
:1096B000572101F06DFEAD9AB398582101F068FE74
:1096C000A79AB299B39801F063FE9C99B39842228D
:1096D00001F05EFEA79AB398B49901F059FEB398D1
:1096E000B49AB721B09101F053FEAF9AB398B82164
:1096F000B19101F04DFEB398B49AB92101F048FE42
:10970000B398BA214822AC9201F042FEA59AB398D0
:10971000B49901F03DFEA79AB398B49901F038FED0
:10972000AF9AB398B621AE9101F032FEA79AB398E2
:10973000AF2101F02DFEA79AB398B02101F028FEC9
:10974000B398B49AB12101F023FE9C9AB398B22148
:1097500001F01EFEA59AB398B49901F019FEA79ADC
:10976000AC99B39801F014FEB398B49A492101F072
:109770000FFE9C9AB3984A21A19101F009FEA79A85
:10978000B3984B2101F004FE9D9AB3984C21A4910B
:1097900001F0FEFDB3986C21792201F0F9FDB39838
:1097A000B49A6D2101F0F4FDB3986E21462201F0C8
:1097B000EFFDA79AB3986F2101F0EAFDB3987021ED
:1097C0007F22AA9201F0E4FDB398B49A712101F0CE
:1097D000DFFD9F9AB398722101F0DAFD9E9AB3984B
:1097E0008C2101F0D5FDA79AB398872101F0D0FD17
:1097F000B39888218222AB9201F0CAFDB398B49A43
:10980000892101F0C5FD9F9AB3988A2101F0C0FD1E
:10981000A099B398B49A01F0BBFDA19AB3988421A2
:1098200001F0B6FDA299B398B49A01F0B1FDA399E5
:10983000A49AB39801F0ACFDA79AB398952101F0D2
:10984000A7FDAD9AB398962101F0A2FDB398B49A02
:10985000972101F09DFDB3989821472201F098FDD2
:10986000A59AB398B49901F093FDA699A79AB398D5
:1098700001F08EFDA89AB398262101F089FDB398D6
:10988000B49A7B2101F084FDA999AF9AB39801F0B5
:109890007FFDB398B49A7D2101F07AFDB29AB39816
:1098A0007E2101F075FDAA99B398B49A01F070FD7C
:1098B000AF9AB398802101F06BFDB398B49A8121DF
:1098C00001F066FDAB99B29AB39801F061FDB398CF
:1098D000B49A8D2101F05CFDAC9AB3988E2101F011
:1098E00057FDB398B49A8F2101F052FDB29AB39804
:1098F000902101F04DFDB398B49A912101F048FDFB
:10990000AC9AB398922101F043FDB398B49A932195
:1099100001F03EFDAD9AB398942101F039FDB39862
:10992000B49AB52101F034FDAE99AF9AB39801F025
:109930002FFDB099B398B49A01F02AFDB199B29A6B
:10994000B39801F025FDB398B499B59A01F020FDC4
:10995000B698B0F910000146B791042819D8B79904
:10996000DFE801F003070B0F130030208DF81A0316
:109970000FE031208DF81A030BE002208DF81A0356
:1099800007E000208DF81A0303E044208DF81A0345
:10999000FFE79DF81A234BF29860C2F20200849010
:1099A000292101F0F5FC84980321072201F0F0FC45
:1099B0004BF2AC60C2F20200B0F91000042809D1E9
:1099C000FFE74BF29860C2F20200BC21002201F0D6
:1099D000DFFC08E04BF29860C2F20200BC219C223E
:1099E00001F0D6FCFFE74BF29860C2F202008390D0
:1099F0000321022201F0CCFC83980C21002201F00B
:109A0000C7FC4BF2AC60C2F20200808948B1FFE7AC
:109A10004BF29860C2F202009B21002201F0B8FCD8
:109A200008E04BF29860C2F202009B21082201F08C
:109A3000AFFCFFE74BF2AC60C2F202008290B0F9DB
:109A400006104FF4B44090FBF1F0C2B24BF29860B4
:109A5000C2F2020081907B2101F09AFC81988299E8
:109A6000B1F908204FF4705191FBF2F1CAB27C2198
:109A700001F08EFC8298B0F9100004284AD1FFE76B
:109A80004BF2AC60C2F20200B0F90600B0F5347FD0
:109A900004D1FFE70A20ADF810033AE04BF2AC60C6
:109AA000C2F20200B0F90600B0F5A07F05DDFFE7C5
:109AB00040F26D10ADF810032AE04BF2AC60C2F238
:109AC0000200B0F90600F12805DBFFE740F21310B1
:109AD000ADF810031BE04BF2AC60C2F20200B0F92B
:109AE0000600B52804DBFFE7D020ADF810030DE039
:109AF0004BF2AC60C2F20200B0F90600B42804DCFC
:109B0000FFE7A020ADF81003FFE7FFE7FFE7FFE75F
:109B1000FFE72CE04BF2AC60C2F20200B0F90600A5
:109B2000B0F5347F04D1FFE70A20ADF810031DE043
:109B30004BF2AC60C2F20200B0F90600F02805DB7F
:109B4000FFE740F26D10ADF810030EE04BF2AC6091
:109B5000C2F20200B0F90600EF2805DCFFE740F290
:109B60001310ADF81003FFE7FFE7FFE7FFE79DF8ED
:109B700011234BF29860C2F202007D907D2101F02A
:109B800007FC7D989DF810237E2101F001FC7D9853
:109B90004BF2AC61C2F202018091CA79B52101F0A9
:109BA000F7FB7D9880998A79B62101F0F1FB7D98C9
:109BB00080994A7AB92101F0EBFB7D9880990A7A65
:109BC000BA2101F0E5FB7D98BB2100227C9201F0D7
:109BD000DFFB7D98BC213E22749201F0D9FB7D9879
:109BE00080994A7ABD2101F0D3FB7D9880990A7A49
:109BF000BE2101F0CDFB7C9A7D98BF2101F0C8FB0E
:109C00007D98C0212A22759201F0C2FB7C9A7D9832
:109C1000C12101F0BDFB7D98C2215022769201F056
:109C2000B7FB7C9A7D98C32101F0B2FB7D98C421DB
:109C30005A2201F0ADFB7C9A7D98C52101F0A8FB6A
:109C40007D98C6213C22789201F0A2FB7D988099F4
:109C5000CA79C92101F09CFB7D9880998A79CA2133
:109C600001F096FB7D9880994A7ACD2101F090FB16
:109C70007D9880990A7ACE2101F08AFB7C9A7D98A2
:109C8000D82101F085FB749A7D98D92101F080FBE1
:109C90007D9880994A7ADA2101F07AFB7D98809943
:109CA0000A7ADB2101F074FB7C9A7D98DC2101F0BB
:109CB0006FFB759A7D98DD2101F06AFB7C9A7D9897
:109CC000DE2101F065FB769A7D98DF2101F060FBD3
:109CD0007D9803217E9104227F9201F059FB7D98AB
:109CE0000621B02201F054FB7D987E9901227992E1
:109CF00001F04EFB7D987F9AA0217B9101F048FBFB
:109D00007D987F9AA12101F043FB7D98A2218522B5
:109D100001F03EFB7D98A3217A918F22779201F08A
:109D200037FB779A7D98A42101F032FB7D98A5211D
:109D3000912201F02DFB7C9A7D987E9901F028FB01
:109D40007D983B217C2201F023FB78997D98342279
:109D500001F01EFB799A7D987E9901F019FB799AA2
:109D60007D981E2101F014FB7A9A7D981F2101F045
:109D70000FFB7D982F21072201F00AFB7D989F2180
:109D80001C2201F005FB7D98AE21FA2201F000FBB8
:109D90007B9A7D98AF2101F0FBFA7C9A7D98B321E4
:109DA00001F0F6FA7D98FD211D2201F0F1FA7D986F
:109DB000FE21202201F0ECFA7D987E997F9A01F035
:109DC000E7FA80980088002854D0FFE74BF29860AB
:109DD000C2F2020072900421709101F08DFA709924
:109DE000024672988DF81A239DF81A2302F0FC029D
:109DF0008DF81A239DF81A2301F0CAFA72980521EA
:109E0000652201F0C5FA72984BF2AC61C2F2020110
:109E100071918A783B2101F0BBFA719972988A7826
:109E20003C2101F0B5FA719972988A783D2101F0D0
:109E3000AFFA719972988A783E2101F0A9FA729866
:109E40003F21282201F0A4FA729840214B2201F010
:109E50009FFA72984721802201F09AFA729848215D
:109E60000922739201F094FA7298739A492101F0D1
:109E70008FFA3EE04BF29860C2F202006E9004212D
:109E80006C9101F039FA6C9902466E988DF81A239C
:109E90009DF81A2302F0FC0201328DF81A239DF876
:109EA0001A2301F075FA6E98482100226F9201F092
:109EB0006FFA6E986F9A492101F06AFA6E986F9A5C
:109EC000272101F065FA6E984BF2AC61C2F20201F3
:109ED0006D91CA78282101F05BFA6D996E988A78A5
:109EE000292101F055FA6E986F9A2A2101F050FA53
:109EF000FFE74BF29860C2F202006A9006219022BE
:109F000001F046FA6A9868218022699201F040FACD
:109F10006A9869217B226B9201F03AFA699A6A98F1
:109F20006A2101F035FA699A6A986B2101F030FADA
:109F30006A986C217C2201F02BFA6A986B9A6D2149
:109F400001F026FA4BF2AC60C2F20200408AF0B98E
:109F5000FFE74BF29860C2F202006890042167911B
:109F600001F0CAF96799024668988DF81A239DF89E
:109F70001A2302F0FB028DF81A239DF81A2301F030
:109F800007FA68985B21802201F002FA3CE04BF26C
:109F90009860C2F2020066900421639101F0ACF96E
:109FA0006399024666988DF81A239DF81A2342F0A9
:109FB00004028DF81A239DF81A2301F0E9F9669836
:109FC000B2214022649201F0E3F96698B3210022A5
:109FD000659201F0DDF9649A6698B42101F0D8F930
:109FE000659A6698B52101F0D3F966980322114667
:109FF00001F0CEF966984BF2AC61C2F202018A7CA4
:10A000005B2101F0C5F9FFE74BF29860C2F2020054
:10A01000629003215C91042201F0BAF962980E214A
:10A0200080225B9201F0B4F962980F215F91702257
:10A0300001F0AEF962981021902201F0A9F962981E
:10A040003421082201F0A4F96298122102225D92C3
:10A0500001F09EF9629813210722579201F098F9B6
:10A060005D9A6298142101F093F9579A629815212C
:10A0700001F08EF95D9A6298162101F089F9579ADC
:10A080006298172101F084F96298182100225E92EB
:10A0900001F07EF96298192101225A9201F078F9B3
:10A0A0005E9A62981A2101F073F95D9A62981B21F9
:10A0B00001F06EF962981C21C922589201F068F9EA
:10A0C00062981D21A022599201F062F95D9A62986E
:10A0D0001E2101F05DF9589A62981F2101F058F98C
:10A0E000599A6298202101F053F95A9A5C99629822
:10A0F00001F04EF96298C3210B2201F049F96298F0
:10A10000C4212622609201F043F96298C6210522FB
:10A1100001F03EF95B9A6298C72101F039F95C9928
:10A120005D9A629801F034F95E9A62983D2101F0DF
:10A130002FF95F9A62983E2101F02AF9609A62989D
:10A140003F2101F025F962984021372201F020F9E2
:10A15000629841214322619201F01AF962984221EA
:10A16000542201F015F961996298622201F010F908
:10A1700062984421772201F00BF9629845218822E8
:10A1800001F006F962984621A42201F001F96298D3
:10A190004721BB2201F0FCF862984821CF2201F050
:10A1A000F7F862984921E02201F0F2F862984A211A
:10A1B000F12201F0EDF862984B21FF2201F0E8F85E
:10A1C0004BF2AC60C2F20200C089002800F09F8010
:10A1D000FFE74BF29860C2F2020055904C2100223A
:10A1E000539201F0D5F855984D21092201F0D0F88D
:10A1F00055984E21102201F0CBF855984F21162288
:10A2000001F0C6F8559850211C2201F0C1F855986C
:10A210005121272201F0BCF855985221302201F03B
:10A22000B7F855985321432201F0B2F855985422BB
:10A23000114601F0ADF8559855215491752201F061
:10A24000A7F855985621932201F0A2F85598572166
:10A25000B02201F09DF855985821CB2201F098F8D2
:10A2600055985921E62201F093F855985A21FF227A
:10A27000569201F08DF8539A55985B2101F088F8B9
:10A2800055985C21082201F083F855985D21112230
:10A2900001F07EF855985E211A2201F079F8559860
:10A2A0005F21232201F074F855986021392201F0D2
:10A2B0006FF8549A5598612101F06AF85598622117
:10A2C000812201F065F8559863219C2201F060F825
:10A2D00055986421B82201F05BF855986521D32286
:10A2E00001F056F855986621E82201F051F855988A
:10A2F0006721F52201F04CF855986821FD2201F004
:10A3000047F85598569A692101F042F8A0E04BF2BF
:10A310009860C2F2020051904C2100224E9201F04E
:10A3200037F851984D21202201F032F851984E21F2
:10A330004C912D2201F02CF851984F21372201F039
:10A3400027F851985021402201F022F84C9A519858
:10A35000512101F01DF8519852215A224D9201F0DD
:10A3600017F8519853214F916F2201F011F851982D
:10A370005421802201F00CF8519855219C2201F0C3
:10A3800007F851985621B52201F002F8519857214B
:10A39000CA2200F0FDFF51985821DD2200F0F8FF9D
:10A3A00051985921EF2200F0F3FF4D995198FF2267
:10A3B000529200F0EDFF4E9A51985B2100F0E8FFB9
:10A3C00051985C21192200F0E3FF51985D212C2265
:10A3D00000F0DEFF51985E213B2200F0D9FF51983A
:10A3E0005F21442200F0D4FF4F9A5198602100F081
:10A3F000CFFF519861216422509200F0C9FF51981B
:10A4000062217D2200F0C4FF51986321892200F06F
:10A41000BFFF50995198A42200F0BAFF51986521CE
:10A42000BB2200F0B5FF51986621CF2200F0B0FFAB
:10A4300051986721E02200F0ABFF51986821F1228A
:10A4400000F0A6FF5198529A692100F0A1FFFFE7A2
:10A450004BF29860C2F2020049906A210E910022EC
:10A46000429200F095FF49986B210F911C2200F059
:10A470008FFF49986C21059127221F9200F088FFD9
:10A4800049986D2110913622089200F081FF499879
:10A490006E2111913F22269200F07AFF49986F2198
:10A4A000129153222B9200F073FF4998702107916B
:10A4B0006422409200F06CFF499871211391782238
:10A4C000359200F065FF499872211591892200F0BC
:10A4D0005FFF499873211791A42200F059FF499812
:10A4E00074210491BB221C9200F052FF49987521FF
:10A4F0000091CF2200F04CFF499876210191E02293
:10A5000000F046FF499877213491F122189200F02B
:10A510003FFF35994998FF22339200F039FF49985F
:10A520008D211E914022469200F032FF499803216E
:10A530004A9104221D9200F02BFF0099429A4998FB
:10A5400000F026FF0199429A499800F021FF339AC2
:10A550003499499800F01CFF339A3599499800F0D6
:10A5600017FF429A49987921369100F011FF429ADB
:10A5700049987A2100F00CFF49987B213891B0224C
:10A58000029200F005FF029A49987C21399100F06F
:10A59000FFFE429A49987D213B9100F0F9FE4998CF
:10A5A0007E218022449200F0F3FE49987F2114918D
:10A5B00001220A9200F0ECFE429A4499499800F078
:10A5C000E7FE4998512103911022239200F0E0FE0A
:10A5D000499852212A91F02200F0DAFE2B994998ED
:10A5E00002223D9200F0D4FE3D9A499854212C91CC
:10A5F00000F0CEFE4998552120223C9200F0C8FE82
:10A60000499856212E91C02200F0C2FE4998572148
:10A61000309114223A9200F0BBFE119A49985821C9
:10A62000329100F0B5FE499859214522489200F038
:10A63000AFFE49985A21292200F0AAFE49985B21D1
:10A640005022299200F0A4FE179A49985C2100F04C
:10A650009FFE49985D212091BD222D9200F098FE29
:10A6600049985E212222279200F092FE49985F21AC
:10A670001A2200F08DFE039A499860211A9100F089
:10A6800087FE109A4998612100F082FE4998622164
:10A690004622069200F07CFE499863219622419260
:10A6A00000F076FE40994998312200F071FE4998F9
:10A6B00065211691242200F06BFE17991D9A499886
:10A6C00000F066FE0499499805222F9200F060FE82
:10A6D000449A4998682100F05BFE449A49986921A0
:10A6E0000D9100F055FE0E99449A499800F050FEE5
:10A6F0000F99449A499800F04BFE0599449A49985D
:10A7000000F046FE1099449A499800F041FE1199D4
:10A7100049983922099200F03BFE069A129949980D
:10A7200000F036FE0799169A499800F031FE3D9ADE
:10A7300049984A9900F02CFE4998192128913C2209
:10A7400000F026FE499833212A22219200F020FEB3
:10A75000429A4998342100F01BFE499835218A22FB
:10A7600000F016FE08991E9A499800F011FE4998CB
:10A770003721442200F00CFE499838210C91972291
:10A78000439200F005FE09990A9A499800F000FEEC
:10A7900049983A219E2200F0FBFD49983B214791C0
:10A7A0003D2200F0F5FD49984A9A114600F0F0FD6F
:10A7B0001D9949982C22249200F0EAFD2F99429A83
:10A7C000499800F0E5FD429A4998062100F0E0FD25
:10A7D000249A4998072100F0DBFD499808214B9104
:10A7E0002F220B9200F0D4FD429A4998092100F0E3
:10A7F000CFFD429A49980A21229100F0C9FD249A7E
:10A8000049980B2100F0C4FD0B9A49980C2100F0E7
:10A81000BFFD429A49980D2100F0BAFD429A49982D
:10A820000E2100F0B5FD0B9A49980F21319100F0EF
:10A83000AFFD0C9A2899499800F0AAFD16991D9A27
:10A84000499800F0A5FD3C9A4998662100F0A0FDCA
:10A85000429A4998672100F09BFD0D991D9A4998ED
:10A8600000F096FD0E993C9A499800F091FD0F99E1
:10A87000429A499800F08CFD1099149A499800F07A
:10A8800087FD1199169A499800F082FD1299339A22
:10A89000499800F07DFD1399149A499800F078FDCD
:10A8A0001599169A499800F073FD1799339A4998AB
:10A8B00000F06EFD18993C9A499800F069FD49989E
:10A8C000F2211722199200F063FD4998F321132217
:10A8D00000F05EFD4998F5212822259200F058FDF0
:10A8E000199A4998F62100F053FD239A4998F721C7
:10A8F00000F04EFD259A4998F92100F049FD279A6C
:10A900004998FA2100F044FD239A4998FB2100F070
:10A910003FFD1A9A4998B52100F03AFD3C9A4998B2
:10A92000B62100F035FD3C9A4998B72100F030FD82
:10A930004998B82118221B9200F02AFD1B9A4998C9
:10A94000B92100F025FD239A4998BA2100F020FD95
:10A950001C9949984B9A00F01BFD339A4998FD21A8
:10A9600000F016FD1D9A49984A9900F011FD1E99B4
:10A97000429A499800F00CFD3D9A49988E2100F0CA
:10A9800007FD429A49988F2100F002FD49989021D5
:10A99000162200F0FDFC429A499891213E9100F068
:10A9A000F7FC259A499892213F9100F0F1FC4998D3
:10A9B0004A9A114600F0ECFC429A4998262100F090
:10A9C000E7FC1F994998322200F0E2FC209A259971
:10A9D000499800F0DDFC2199229A499800F0D8FCB2
:10A9E000239A49982B21459100F0D2FC2499259A6D
:10A9F000499800F0CDFC49984B9A3E2100F0C8FCE4
:10AA0000269949984B9A00F0C3FC469949984B9A6D
:10AA100000F0BEFC279A4998A12100F0B9FC279AC2
:10AA20004998A22100F0B4FC289A4998A32100F08B
:10AA3000AFFC429A4998A52100F0AAFC429A499895
:10AA4000A62100F0A5FC339A4998A72100F0A0FCAC
:10AA5000429A49984E2100F09BFC3C9A49984F211C
:10AA600000F096FC29993C9A499800F091FC2A99AB
:10AA7000429A499800F08CFC2B99429A499800F030
:10AA800087FC2C993C9A499800F082FC2D99429AB7
:10AA9000499800F07DFC429A4998BE2100F078FC6C
:10AAA000429A4998BF2100F073FC2E992F9A499839
:10AAB00000F06EFC3099319A499800F069FC3299A7
:10AAC000339A499800F064FC3499429A499800F00E
:10AAD0005FFC359949981F22379200F059FC36994E
:10AAE000379A499800F054FC38993A9A499800F0FE
:10AAF0004FFC39993A9A499800F04AFC3B993C9AA4
:10AB0000499800F045FC3D9A49984A9900F040FC6C
:10AB10003E99469A499800F03BFC3F994998482253
:10AB200000F036FC409A4998932100F031FC429A9B
:10AB30004998952100F02CFC4199429A499800F0DF
:10AB400027FC429A4399499800F022FC49984A9A76
:10AB5000114600F01DFC4399449A499800F018FCF6
:10AB6000449A4998982100F013FC459A49989921F4
:10AB700000F00EFC469A49989B2100F009FC479A88
:10AB800049989C2100F004FC489A49989D2100F0C6
:10AB9000FFFB49984A994B9A00F0FAFBFFE79DF8B2
:10ABA00018030DF54A7D80BD80B582B000208DF878
:10ABB000070005200DF1070103F0AAFC9DF807101E
:10ABC000A52907D1FFE74CF67050C2F20100F5F756
:10ABD00063FAFFE79DF807104CF67050C2F20100CF
:10ABE000F5F776FD02B080BD43F67070C2F2020048
:10ABF000016801310160704780B588B00A4603469C
:10AC0000ADF81E00ADF81C108DED060A4BF2D260B7
:10AC1000C2F20200018800EE101AB8EE400A8DED73
:10AC2000050A4BF2D461C2F20201B1F800C000EE95
:10AC300010CAB8EE400A8DED040ABDF81EC00088A7
:10AC4000ACEB000000EE100AB8EEC00A9DED061A4B
:10AC500080EE010A8DED030ABDF81C000988401A38
:10AC600000EE100AB8EEC00A9DED061A80EE010A49
:10AC70008DED020AFFE7052001F0FAFD9DED050AC2
:10AC8000BDF81E0001EE100AB8EE411A30EE410A7E
:10AC900003F034FE9DED031AB4EE410AF1EE10FA12
:10ACA00009DBFFE79DED030A9DED051A31EE000A71
:10ACB0008DED050A08E0BDF81E0000EE100AB8EEA2
:10ACC000400A8DED050AFFE79DED050AB6EEC00AC4
:10ACD000B7EEC01A9FED482B81EE021BB6EE002B9B
:10ACE00031EE021B9FED462B21EE021BBCEEC10B89
:10ACF00010EE100A4D21019008460199F9F704FE63
:10AD00009DED040ABDF81C0003EE100AB8EE433AAC
:10AD100030EE430A03F0F2FD9DED023AB4EE430A31
:10AD2000F1EE10FA09DBFFE79DED020A9DED041A32
:10AD300031EE000A8DED040A08E0BDF81C0000EEBB
:10AD4000100AB8EE400A8DED040AFFE79DED040AF3
:10AD5000B6EEC00AB7EEC01A9FED272B81EE021B9C
:10AD6000B6EE002B31EE021B9FED252B21EE021BD0
:10AD7000BCEEC10B10EE100A482100900846009965
:10AD8000F9F7C2FD9DED050ABDF81E0003EE100A9D
:10AD9000B8EE433A30EE430A03F0B0FDB7EE003AA6
:10ADA000B4EE430AF1EE10FA24DAFFE79DED040A4F
:10ADB000BDF81C0001EE100AB8EE411A30EE410A4F
:10ADC00003F09CFDB7EE001AB4EE410AF1EE10FA62
:10ADD00010DAFFE7BDF81E004BF2D261C2F20201A9
:10ADE0000880BDF81C004BF2D461C2F20201088059
:10ADF00008B080BD3FE700BF000000000080564063
:10AE00000000000000407F4085B084468DF81300AC
:10AE10000391029201939DF813004CF68851C2F2FF
:10AE2000010108700198002806D1FFE74BF6B92010
:10AE3000C8F20100009002E001980090FFE700983E
:10AE400040F25401C2F20001086005B070470000F2
:10AE500080B582B001904FF2D950C8F20100FAF7E4
:10AE600073FEF7F7B5FE012804D1FFE70198F7F765
:10AE70004FFD00E0FFE7F5F78FFC019A4FF2BE713E
:10AE8000C8F20101009008460099FAF75DFE02B091
:10AE900080BD00000000000080B582B001904FF23C
:10AEA0007970C8F20100FAF74FFEF5F775FC0199C9
:10AEB00001F5DB724FF2BE71C8F201010090084645
:10AEC0000099FAF741FE002002B080BD00000000AA
:10AED00080B58AB009900998B0F80802002800F0FF
:10AEE0008F80FFE70998808C05284BDBFFE70998E6
:10AEF00000F5B37100F5DB70502207900846079902
:10AF0000E7F7FFFD00283CD0FFE700200890FFE7AF
:10AF10000898032814DCFFE70998089901EB8101E0
:10AF200000EB011000F12601763050220690084611
:10AF30000699E7F7A1FDFFE7089801300890E7E7D9
:10AF40000998089901EB810100EB011026300021DE
:10AF50005022E7F7AEFD0999089A02EB820201EB55
:10AF60000212263201F5DB73B1F808120590104683
:10AF700004911946049AE7F77FFD099905228A840E
:10AF8000FFE73CE00998808C002812D0FFE7099881
:10AF9000818C01EB810100EB01112A3900F5DB7096
:10AFA0005022039008460399E7F7ABFD002825D00F
:10AFB000FFE70998818C41840998818C01EB81011C
:10AFC00000EB0110263000215022E7F772FD0999AD
:10AFD0008A8C02EB820201EB0212263201F5DB734E
:10AFE000B1F808120290104601911946019AE7F74C
:10AFF00043FD09998A8C01328A84FFE7FFE7FFE766
:10B000000998818C41840AB080BD000000000000D6
:10B0100080B584B00390039800680190FFE7019821
:10B02000039988421CD0FFE70198143802900299D6
:10B030004FF2C070C8F20100FAF786FD019800686F
:10B040000399884207D0FFE74FF21A60C8F2010067
:10B05000FAF77AFDFFE7FFE7019800680190DEE765
:10B0600004B080BD0000000082B00190002000907C
:10B07000FFE70198006890F90000303809280ED8E1
:10B08000FFE7009800EB800001990A68531C0B60F1
:10B0900092F9001001EB400030380090E9E7009889
:10B0A00002B070470000000010B588B0DDF828C07D
:10B0B0009E460C4607908DF81B1005928DF81330B4
:10B0C0008DF812C00798002818BF01204EF21131E8
:10B0D000C8F2010140F2B9220391CDF808E00194D1
:10B0E000F4F73AFA9DF813009DF81210401A18BFB1
:10B0F000012040F2BA220399F4F72EFA9DF81300CA
:10B10000079908609DF81200079948609DF81B0098
:10B110000799087205980799C8609DF813004FF0C9
:10B1200001014FF048030091009AF5F779FF9DF86F
:10B13000120040F648030099009AF5F771FF08B035
:10B1400010BD00000000000080B58EB00A460D90D2
:10B150008DF833100D98002818BF01204EF21131E0
:10B16000C8F201014FF0C10307921A46F4F7F4F94F
:10B170004FF000008DF832004FF008008DF83100DC
:10B180000D9800684FEA501140F20802C2F2000226
:10B1900052F8211000F01F004FF0010202FA00F0F7
:10B1A000069008460699ECF7CBFE0D98C0680B9008
:10B1B000FFE70B98411E0B91002801D0FFE7F8E74D
:10B1C0000D984068410940F20802C2F2000252F8AC
:10B1D000211000F01F00012202FA00F0059008463D
:10B1E0000599EDF795F80D98007900214822F5F7BB
:10B1F000DBFFFFE79DF83100411E8DF8311000287C
:10B200004AD0FFE70D980068410940F20802C2F2F7
:10B21000000252F8211000F01F00012202FA00F093
:10B22000049008460499ECF78BFE0D98C0680A90CC
:10B23000FFE70A98411E0A91002801D0FFE7F8E7CE
:10B240000D980068410940F20802C2F2000252F86B
:10B25000211000F01F00012202FA00F003900846BE
:10B260000399EDF755F80D98C0680990FFE7099824
:10B27000411E0991002801D0FFE7F8E79DF8320050
:10B280000D99097902900846F5F7AEFE029940EA59
:10B2900041008DF83200ADE70D980068410940F299
:10B2A0000802C2F2000252F8211000F01F00012231
:10B2B00002FA00F00190084601990092ECF740FE76
:10B2C0000D98007940F648020099F5F76DFF0D984A
:10B2D000C0680890FFE70898411E0891002801D037
:10B2E000FFE7F8E70D989DF8331000F08DF89DF812
:10B2F00032000EB080BD000080B586B00A460590D1
:10B300008DF813100598002818BF01204EF2113156
:10B31000C8F2010140F29E2303921A46F4F71CF989
:10B320004FF000008DF81200059800F0B9F905986B
:10B33000017A4FEA4101C9B200F00EF905999DF872
:10B34000132002900846114600F006F90599019075
:10B35000084600F01DFA059800F0A2F90598017A58
:10B360004FEA410101F10101C9B200F0F5F8059978
:10B370004FF00102009008461146FFF7E5FE8DF8F8
:10B380001200059800F004FA9DF8120006B080BD86
:10B3900080B588B013468C4607908DF81B108DF849
:10B3A0001A200798002818BF01204EF21131C8F268
:10B3B00001014FF423720593CDF810C0F4F7CCF8D7
:10B3C000079800F06DF90798017A4FEA4101C9B278
:10B3D00000F0C2F807999DF81B200390084611461B
:10B3E00000F0BAF807999DF81A2002900846114615
:10B3F00000F0B2F807990190084600F0C9F908B0CA
:10B4000080BD00000000000080B58EB00A460D909F
:10B410008DF833100D98002818BF01204EF211311D
:10B42000C8F201014FF0690309921A46F4F794F843
:10B430000D9800684FEA501140F20802C2F2000273
:10B4400052F8211000F01F004FF0010202FA00F044
:10B45000089008460899ECF773FD9DF83300002822
:10B4600014D0FFE70D984068410940F20802C2F28B
:10B47000000252F8211000F01F00012202FA00F031
:10B48000079008460799ECF743FF13E00D984068D2
:10B49000410940F20802C2F2000252F8211000F005
:10B4A0001F00012202FA00F0069008460699ECF708
:10B4B00047FDFFE70D98C0680B90FFE70B98411E12
:10B4C0000B91002801D0FFE7F8E70D9800684109CB
:10B4D00040F20802C2F2000252F8211000F01F00F0
:10B4E000012202FA00F0059008460599ECF710FFDA
:10B4F0000D98C0680A90FFE70A98411E0A9100283B
:10B5000001D0FFE7F8E70D980068410940F2080212
:10B51000C2F2000252F8211000F01F00012303FACA
:10B5200000F004900846049903920293ECF708FD9A
:10B530000D9840684109039A52F8211000F01F004D
:10B54000029B03FA00F0019008460199ECF7E0FE37
:10B550000EB080BD0000000080B58AB00A46099098
:10B560008DF823100998002818BF01204EF21131E0
:10B57000C8F201014FF0A70304921A46F3F7ECFF5B
:10B580004FF080008DF82200FFE79DF82200002890
:10B590007ED0FFE79DF823009DF82210084214D0CA
:10B5A000FFE709984068410940F20802C2F2000230
:10B5B00052F8211000F01F00012202FA00F003905F
:10B5C00008460399ECF7A4FE13E009984068410986
:10B5D00040F20802C2F2000252F8211000F01F00EF
:10B5E000012202FA00F0029008460299ECF7A8FC4A
:10B5F000FFE79DF8220040088DF822000998C068F6
:10B6000040080790FFE70798411E0791002801D0E6
:10B61000FFE7F8E709980068410940F20802C2F222
:10B62000000252F8211000F01F00012202FA00F07F
:10B63000019008460199ECF76BFE0998C0680690E6
:10B64000FFE70698411E0691002801D0FFE7F8E7C2
:10B6500009980068410940F20802C2F2000252F85B
:10B66000211000F01F00012202FA00F000900846AD
:10B670000099ECF765FC0998C06840080590FFE761
:10B680000598411E0591002801D0FFE7F8E77CE707
:10B69000099800F0FDF8013818BF01200AB080BDFC
:10B6A00080B58AB009900998002818BF01204EF291
:10B6B0001131C8F201014FF04102F3F74DFF099833
:10B6C00000684FEA501140F20802C2F2000252F83C
:10B6D000211000F01F004FF0010303FA00F0069064
:10B6E0000846069905920493ECF712FE0998406803
:10B6F0004FEA5011059A52F8211000F01F00049BE8
:10B7000003FA00F0039008460399ECF701FE09984C
:10B71000C0680890FFE70898411E0891002801D0F2
:10B72000FFE7F8E709984068410940F20802C2F2D1
:10B73000000252F8211000F01F00012202FA00F06E
:10B74000029008460299ECF7FBFB0998C068079045
:10B75000FFE70798411E0791002801D0FFE7F8E7AF
:10B7600009980068410940F20802C2F2000252F84A
:10B77000211000F01F00012202FA00F0019008469B
:10B780000199ECF7DDFB0AB080BD0000000000006D
:10B7900080B58AB009900998002818BF01204EF2A0
:10B7A0001131C8F201014FF05402F3F7D5FE0998A8
:10B7B00040684FEA501140F20802C2F2000252F80B
:10B7C000211000F01F004FF0010303FA00F0059074
:10B7D0000846059904920393ECF7B2FB09980068B8
:10B7E0004FEA5011049A52F8211000F01F00039BF9
:10B7F00003FA00F0029008460299ECF7A1FB0998C1
:10B80000C0680890FFE70898411E0891002801D001
:10B81000FFE7F8E709980068410940F20802C2F220
:10B82000000252F8211000F01F00012202FA00F07D
:10B83000019008460199ECF76BFD0998C0680790E4
:10B84000FFE70798411E0791002801D0FFE7F8E7BE
:10B8500009984068410940F20802C2F2000252F819
:10B86000211000F01F00012202FA00F000900846AB
:10B870000099ECF74DFD0998C0680690FFE706981F
:10B88000411E0691002801D0FFE7F8E70AB080BD0D
:10B8900080B58CB00B900B98002818BF01204EF299
:10B8A0001131C8F201014FF08502F3F755FE4FF058
:10B8B00000008DF82B000B9909684FEA511240F2F5
:10B8C0000803C2F2000353F8222001F01F014FF0D9
:10B8D000010C0CFA01F1069010460593CDF810C04A
:10B8E000ECF72EFB0B9840684FEA5011059A52F87E
:10B8F000211000F01F00049B03FA00F0039008469B
:10B900000399ECF705FD0B9800794FF04802069972
:10B91000F5F74AFC0B98C0680990FFE70998411EAB
:10B920000991002801D0FFE7F8E70B98006841096A
:10B9300040F20802C2F2000252F8211000F01F008B
:10B94000012202FA00F0029008460299ECF7E0FCAE
:10B950000B98C0680890FFE70898411E08910028DE
:10B9600001D0FFE7F8E70B980079F5F73DFB0028D9
:10B9700004D0FFE701208DF82B00FFE70B9800684B
:10B98000410940F20802C2F2000252F8211000F010
:10B990001F00012202FA00F001900846019900926E
:10B9A000ECF7CEFA0B98007940F648020099F5F7CB
:10B9B000FBFB0B98C0680790FFE70798411E0791B3
:10B9C000002801D0FFE7F8E79DF82B000CB080BD00
:10B9D00080B582B00190FFE74BF2DC60C2F202005A
:10B9E00000684FF0FF31FBF75FFD002807D1FFE74C
:10B9F000F0F76EFA9FED020AF1F7A2F9FFE7EBE725
:10BA00006F12033B0000000081B0009000980021FD
:10BA10004182009881820098C182009881810098BB
:10BA2000C181009801820098816000980022C4F2D0
:10BA30009632026000980022C4F29C124260009884
:10BA400001830098C16101B0704700000000000050
:10BA500080B584B062200121002248230391029224
:10BA60000193F5F7DDFA702044F268210091029A03
:10BA7000F8F736FA4A200399029A019BF5F7D0FAB3
:10BA800064200099029AF8F72BFA49200399029A48
:10BA9000019BF5F7C5FA5F200099029AF8F720FAA2
:10BAA00047200399029A019BF5F7BAFA55200099AD
:10BAB000029AF8F715FA04B080BD000000000000FB
:10BAC000F0B597B0DDF878C0DDF874E01C9C1D4639
:10BAD0000E4607468DF85B008DF85A1015928DF8CA
:10BAE00053308DF85240ADF850E0ADF84EC09DF89F
:10BAF0005B009DF85310A0EB1110B0FA80F04009E4
:10BB00004EF24031C8F201014FF419720A910995C1
:10BB100008960797F3F720FD9DF85B009DF85210FB
:10BB2000A0EB1110B0FA80F0400940F265220A99AA
:10BB3000F3F712FD9DF85B00BDF850100122B0EB49
:10BB4000111F06920AD0FFE7BDF850004FF6FF71B3
:10BB5000401AB0FA80F040090690FFE7069800F01E
:10BB600001004EF24031C8F2010140F26622F3F7C3
:10BB7000F3FC9DF85B00BDF84E100122B0EB111FE5
:10BB800005920AD0FFE7BDF84E004FF6FF71401A4C
:10BB9000B0FA80F040090590FFE7059800F0010039
:10BBA0004EF24031C8F2010140F26722F3F7D4FCB3
:10BBB000BDF84E004FF6FF7188420AD1FFE79DF8AD
:10BBC0005B004BF2E061C2F20201002221F810207A
:10BBD0000AE0BDF84E009DF85B104BF2E062C2F245
:10BBE000020222F81100FFE79DF85B009DF8531058
:10BBF0009DF85220BDF85030BDF84EC0EE46CEF84C
:10BC000000C000F0BDF846F21840C8F20000022162
:10BC1000E9F712FB4FF61820C8F200000321E9F7FC
:10BC200033FA0CA8EDF7F4FA15980C9008200D9053
:10BC3000BDF84E00410842F29342C9F24922A1FBED
:10BC400002129308DB00A3EB9202A0EB42006FF01C
:10BC5000020202EB50008DF848009DF85A0002469F
:10BC6000032804921ED80499DFE801F002080F1699
:10BC700000208DF838008DF8390013E000208DF891
:10BC8000380001208DF839000CE001208DF83800D3
:10BC900000208DF8390005E001208DF838008DF87E
:10BCA0003900FFE70C984CF60021C3F69A31B1FB3E
:10BCB000F0F00F900C98B1FBF0F010900C98B1FBE5
:10BCC000F0F011900E20E8F7EBFB80080B909DF848
:10BCD0005B0040F2A411C2F2000151F820000B9A5F
:10BCE0000CAB039119460293EDF7DEFA9DF85B0069
:10BCF000039951F82000EDF74FFF9DF85B00039981
:10BD000051F820000B9A0299EDF7CEFA9DF85B00EE
:10BD1000039951F820000021EDF7AAF99DF85B0086
:10BD2000039951F82000426A22F0080242629DF80D
:10BD30005B0051F82000012211460192EDF798F9BD
:10BD40009DF85B00039951F820000199019AEDF7E5
:10BD5000C7F99DF85B00039951F8200043F6037181
:10BD6000C0F20011EDF754F89DF85B00039951F80B
:10BD7000200043F60371EDF76FF917B0F0BD000036
:10BD800070B598B0DDF870C09E4614460D46064664
:10BD90008DF85F008DF85E108DF85D20ADF85A309B
:10BDA000ADF858C09DF85F000146012815910AD0F2
:10BDB000FFE71598032800F0B880FFE715980428DE
:10BDC00000F0AC81FEE29DF85E00102818D1FFE77C
:10BDD000684641F2700181600021416048F2AC3157
:10BDE000C4F21F01016048F2BC10C4F21F0004211C
:10BDF00048F2F042C4F21F020123F1F7ADFBFFE766
:10BE00009DF85D00102818D1FFE7684641F27001E7
:10BE100081600021416048F2B431C4F21F01016029
:10BE200048F2C410C4F21F00042148F2F842C4F2E0
:10BE30001F020123F1F790FBFFE7BDF85A0010281D
:10BE400018D1FFE7684641F270018160002141602E
:10BE500048F2B831C4F21F01016048F2C810C4F2C0
:10BE60001F00042148F2F442C4F21F020123F1F73B
:10BE700073FBFFE7BDF8580010281BD1FFE76846A9
:10BE800041F2700181600021416048F2B032C4F299
:10BE90001F02026048F2C010C4F21F00042248F2E0
:10BEA000EC43C4F21F03149111461A46149BF1F798
:10BEB00053FB39E0BDF85800142817D1FFE7684656
:10BEC00041F2700181600021416048F2A422C4F275
:10BED0001F02026048F2B400C4F21F000222139154
:10BEE0001146139A139BF1F737FB1CE0BDF858007D
:10BEF000162817D1FFE7684641F2700181600021E2
:10BF0000416048F2A822C4F21F02026048F2B80061
:10BF1000C4F21F00022212911146129A129BF1F7ED
:10BF20001BFBFFE7FFE7FFE755E29DF85E003028C7
:10BF30001BD1FFE7684641F270018160002141603A
:10BF400048F2AC22C4F21F02026048F2BC00C4F204
:10BF50001F00072248F21053C4F21F03119111462B
:10BF60001A46119BF1F7F8FA1DE09DF85E003128A2
:10BF700018D1FFE7684641F27001816000214160FD
:10BF800048F22831C4F21F01016048F23810C4F2AF
:10BF90001F00022148F21052C4F21F020123F1F7E0
:10BFA000DBFAFFE7FFE79DF85D0030281BD1FFE7D4
:10BFB000684641F2700181600021416048F2B02280
:10BFC000C4F21F02026048F2C000C4F21F00072240
:10BFD00048F21853C4F21F03109111461A46109BE1
:10BFE000F1F7BAFA1DE09DF85D00312818D1FFE79E
:10BFF000684641F2700181600021416048F22431BD
:10C00000C4F21F01016048F23410C4F21F00022183
:10C0100048F21852C4F21F020123F1F79DFAFFE71C
:10C02000FFE7BDF85A0030281BD1FFE7684641F210
:10C03000700181600021416048F2B422C4F21F0205
:10C04000026048F2C400C4F21F00072248F21453F1
:10C05000C4F21F030F9111461A460F9BF1F77CFAA9
:10C060001DE0BDF85A00312818D1FFE7684641F2BB
:10C07000700181600021416048F22031C4F21F014B
:10C08000016048F23010C4F21F00022148F214523D
:10C09000C4F21F020123F1F75FFAFFE7FFE7BDF8E3
:10C0A000580030281BD1FFE7684641F270018160DB
:10C0B0000021416048F2B822C4F21F02026048F237
:10C0C000C800C4F21F00072248F20C53C4F21F0339
:10C0D0000E9111461A460E9BF1F73EFA1DE0BDF88F
:10C0E0005800312818D1FFE7684641F2700181609D
:10C0F0000021416048F21C31C4F21F01016048F286
:10C100002C10C4F21F00022148F20C52C4F21F028C
:10C110000123F1F721FAFFE7FFE75CE19DF85E00FC
:10C1200040281BD1FFE7684641F270018160002181
:10C13000416048F23832C4F21F02026048F24810EF
:10C14000C4F21F00032248F22053C4F21F030D91D2
:10C1500011461A460D9BF1F7FFF91EE09DF85E00AF
:10C16000412819D1FFE7684641F270018160002142
:10C17000416048F28831C4F21F01016048F2981012
:10C18000C4F21F0048F22052C4F21F0201210C9198
:10C190000C9BF1F7E1F9FFE7FFE79DF85D00402810
:10C1A0001BD1FFE7684641F27001816000214160C8
:10C1B00048F23432C4F21F02026048F24410C4F262
:10C1C0001F00032248F22853C4F21F030B911146AB
:10C1D0001A460B9BF1F7C0F91EE09DF85D0041285F
:10C1E00019D1FFE7684641F270018160002141608A
:10C1F00048F28431C4F21F01016048F29410C4F285
:10C200001F0048F22852C4F21F0201210A910A9B22
:10C21000F1F7A2F9FFE7FFE7BDF85A0040281BD16C
:10C22000FFE7684641F2700181600021416048F2F9
:10C230003032C4F21F02026048F24010C4F21F0004
:10C24000032248F22453C4F21F03099111461A46EF
:10C25000099BF1F781F91EE0BDF85A00412819D178
:10C26000FFE7684641F2700181600021416048F2B9
:10C270008031C4F21F01016048F29010C4F21F0027
:10C2800048F22452C4F21F0201210891089BF1F7E1
:10C2900063F9FFE7FFE7BDF8580040281BD1FFE72F
:10C2A000684641F2700181600021416048F22C3201
:10C2B000C4F21F02026048F23C10C4F21F000322C5
:10C2C00048F21C53C4F21F03079111461A46079BFC
:10C2D000F1F742F975E0BDF85800412819D1FFE7A0
:10C2E000684641F2700181600021416048F27C3172
:10C2F000C4F21F01016048F28C10C4F21F0048F222
:10C300001C52C4F21F0201210691069BF1F724F989
:10C3100056E0BDF85800422817D1FFE7684641F2C1
:10C32000700181600021416048F27832C4F21F023E
:10C33000026048F28810C4F21F00022205911146E3
:10C34000059A059BF1F708F939E0BDF85800442833
:10C3500017D1FFE7684641F270018160002141601A
:10C3600048F27432C4F21F02026048F28410C4F230
:10C370001F00022204911146049A049BF1F7ECF885
:10C380001CE0BDF85800462817D1FFE7684641F287
:10C39000700181600021416048F29832C4F21F02AE
:10C3A000026048F2A810C4F21F0006220391114651
:10C3B000039A039BF1F7D0F8FFE7FFE7FFE7FFE7FA
:10C3C000FFE708E04EF24031C8F2010100206A2286
:10C3D000F3F7C2F8FFE718B070BD000000000000DE
:10C3E00080B586B00A4603468DF817008DF8161002
:10C3F00000208DF815009DF81710EC464FF0010E47
:10C40000CCF800E00DF1160C049008466146DDF80A
:10C4100010C00392624602937346CDF804E000F028
:10C420004BF89DF817006946019A0A600DF1150254
:10C430000499019B00F040F89DF8150006B080BDFE
:10C4400080B588B08C4686468DF81F008DF81E108A
:10C45000069205930698002818BF01204EF240313D
:10C46000C8F2010140F2DF12CDF810C0CDF80CE0A7
:10C47000F3F772F89DF81F0069464FF001020A6059
:10C480000DF11E014FF0000302921A46DDF808C0BC
:10C490000193634600F010F89DF81F00069A059B73
:10C4A0006946DDF808C0C1F800C0019900F004F841
:10C4B00008B080BD0000000080B58CB0DDF838C049
:10C4C00086468DF82F000A91099208938DF81FC0B7
:10C4D0000898002818BF01204EF24031C8F201012F
:10C4E0004FF07502CDF804E0F3F736F89DF81F0021
:10C4F00000280FD0FFE79DF82F004BF2E061C2F259
:10C50000020131F8100000F00E00C00000F58010AC
:10C5100005900CE09DF82F004BF2E061C2F20201A1
:10C5200031F81000702101EAC0000590FFE70A9879
:10C5300002900998039008980490FFE79DF82F0057
:10C5400040F2A411C2F2000151F8200002A9EDF757
:10C550000BF90690FFE70698B0F5C87FEED0FFE72D
:10C560000CB080BD0000000010B588B013468C46AA
:10C5700086468DF81F008DF81E108DF81D209DF841
:10C580001F00694600220A600DF11E010124069277
:10C5900005932346CDF810C0CDF80CE00294FFF7C8
:10C5A0008BFF9DF81F006946029A0A600DF11D017C
:10C5B000069A029BFFF780FF08B010BD0000000044
:10C5C00080B586B04CF64050C2F2010000680021F0
:10C5D000818340F21470C2F200008161C1610322C4
:10C5E0000590104604910392F2F7A6FC059890ED91
:10C5F0000C1A30EE410A40F25851C2F2000181EDAE
:10C60000000A0398049A02911146F2F7CDFC0598AE
:10C6100090ED0D1A30EE410A40F26051C2F2000175
:10C6200081ED000A029A92ED000A91ED001A21EEC6
:10C63000011A00EE001AB7EEC10A02F02BFEB7EEA7
:10C64000C01B44F28C00C2F2020080ED001A1E21D1
:10C65000019008460499F2F76FFC059890ED0C1ACA
:10C6600030EE410A40F25C51C2F2000181ED000A55
:10C670000398049A00911146F2F796FC059890ED04
:10C680000D1A30EE410A40F26451C2F2000181ED10
:10C69000000A009A92ED000A91ED001A21EE011AAB
:10C6A00000EE001AB7EEC10A02F0F4FDB7EEC01BAF
:10C6B00044F29000C2F2020080ED001A019991ED5F
:10C6C000001A90ED002AB4EE421AF1EE10FA1BDDCA
:10C6D000FFE740F25C50C2F2000000684CF60C41EB
:10C6E000C2F20101086040F26450C2F2000000682A
:10C6F0004CF63041C2F20101086043F66C70C2F2A0
:10C700000200022101801AE040F25850C2F20000FB
:10C7100000684CF60C41C2F20101086040F2605022
:10C72000C2F2000000684CF63041C2F2010108601C
:10C7300043F66C70C2F2020001210180FFE706B0EF
:10C7400080BD00000000000084B0039002910398B7
:10C750000190FFE7019890F9000000210028009166
:10C7600014D0FFE7029890F9000000210028009102
:10C770000CD0FFE7019890F90000029991F90010A0
:10C78000401AB0FA80F040090090FFE70098C00717
:10C79000002807D0FFE7019801300190029801308E
:10C7A0000290D7E701980399401A04B0704700003F
:10C7B00080B584B0039002914BF2EC60C2F20200AB
:10C7C0000078002803D1FFE700F02EF8FFE7FFE72D
:10C7D0000298411E0291002821D0FFE7039A002011
:10C7E000C4F21F0000210190EBF7CEFE0198EBF799
:10C7F00003FFFFE70020C4F21F000121EBF720FE3A
:10C80000002801D1FFE7F5E70020C4F21F00012155
:10C810000090EBF795FD0098EBF7FAFED8E704B02F
:10C8200080BD00000000000080B588B04BF2EC60D5
:10C83000C2F202000121017004A803900291EBF7FB
:10C840009FFD05208DF81000029805900021C4F28C
:10C850001F010846039A01911146EBF7FDFD01986F
:10C86000EBF77AFD01980399EBF7F6FD08B080BD70
:10C8700080B582B001900198FBF7BEF902B080BD8F
:10C8800080B584B044F24410C2F2020001688DF811
:10C890000E100168090A016000688DF80F0040F26F
:10C8A0006800C2F20000B0F9001001EB41014BF248
:10C8B0000472C2F202024FF07E5342F821309DF81A
:10C8C0000F10012302900846194601920093F2F7D7
:10C8D00033FB0298B0F9001001EB4101019A02EB21
:10C8E000810181ED010A9DF80E000099F2F75CFBD1
:10C8F0000298B0F9001001EB4101019A02EB8101AD
:10C9000081ED020A04B080BD80B5A8B02790FFE792
:10C910004BF2F060C2F2020000684FF0FF31FAF70C
:10C92000C3FD002841F02880FFE740F2BC10C2F2AE
:10C930000000B0F90000012840F01382FFE74BF23D
:10C94000F460C2F20200B0F9000015285ED1FFE7E2
:10C950004CF63850C2F20100022101804CF64051E1
:10C96000C2F20101096800228A8343F6E061C2F243
:10C97000020191ED000AB7EEC01A9FEDED2B21EEFA
:10C98000421BB7EEC10B4CF6E433C2F2010383ED58
:10C99000000A91ED000AB7EEC01A21EE421BB7EE75
:10C9A000C10B4CF6EC33C2F2010383ED000A91EDAA
:10C9B000000AB7EEC01A21EE421BB7EEC10B4CF6CF
:10C9C000E033C2F2010383ED000A91ED000AB7EEF5
:10C9D000C01A21EE421BB7EEC10B4CF6E831C2F291
:10C9E000010181ED000A40F21471C2F200018A6176
:10C9F000CA614CF60C41C2F201010A604CF63041AA
:10CA0000C2F201010A6004210180FFE743F66C7065
:10CA1000C2F202000088002803D1FFE7FFF7D0FD33
:10CA2000FFE74BF2EA60C2F20200B0F90000012811
:10CA300007D1FFE74BF2EA60C2F202000021018059
:10CA4000FFE740F21470C2F2000090ED060A4CF6C7
:10CA50000C41C2F20101D1ED000A4CF66821C2F28C
:10CA600001011E22012326900846114625921A46EE
:10CA70002493EEF761FEB1EE400A4CF6F830C2F2B4
:10CA8000010080ED000A269991ED070A4CF630422C
:10CA9000C2F20102D2ED000A4CF6DC22C2F201021F
:10CAA000239010462599249AEEF746FEB1EE400AEF
:10CAB0004CF62040C2F2010080ED000A239991ED6E
:10CAC000000A90ED001A30EE010AB7EEC02A43F6D4
:10CAD000E062C2F2020292ED000AB7EEC03A9FEDA8
:10CAE000944B03EE042BB1EE422BB7EEC20B4CF687
:10CAF000E433C2F2010383ED000A91ED000A90EDE8
:10CB0000001A31EE400AB7EEC02A92ED000AB7EEE5
:10CB1000C03A03EE442BB7EEC20B4CF6EC33C2F234
:10CB2000010383ED000A91ED000A90ED001A30EE4A
:10CB3000410AB7EEC02A92ED000AB7EEC03A03EE02
:10CB4000442BB7EEC20B4CF6E033C2F2010383ED87
:10CB5000000A91ED000A90ED001A30EE010AB7EEDE
:10CB6000C02A92ED000AB7EEC03A03EE442BB7EEAE
:10CB7000C20B4CF6E830C2F2010080ED000A4BF225
:10CB8000F460C2F20200B0F90000142810DCFFE7E4
:10CB90004BF2F460C2F20200B0F90000012807DB9A
:10CBA000FFE74CF63850C2F2010003210180FFE795
:10CBB00040F21470C2F2000090ED060AB7EEC00A0F
:10CBC00001F092FE4CF60C40C2F2010090ED001A0A
:10CBD000B7EEC12A8DED200BB0EE420B01F084FEC2
:10CBE0009FED552B20EE020B9DED202BB4EE402B3C
:10CBF000F1EE10FA40F3B380FFE740F21470C2F296
:10CC0000000090ED070AB7EEC00A01F06DFE4CF689
:10CC10003040C2F2010090ED001AB7EEC12A8DED4E
:10CC20001E0BB0EE420B01F05FFE9FED432B20EE9A
:10CC3000020B9DED1E2BB4EE402BF1EE10FA40F3EB
:10CC40008E80FFE743F68470C2F2020090ED010A85
:10CC5000B7EEC00A01F048FEB6EE001BB4EE410B81
:10CC6000F1EE10FA7ADCFFE743F68470C2F20200BC
:10CC700090ED000AB7EEC00A01F036FEB6EE001BDA
:10CC8000B4EE410BF1EE10FA68DCFFE743F6E0602A
:10CC9000C2F2020090ED000AB7EEC01A9FED242BFD
:10CCA00021EE421BB7EEC10B4CF6E431C2F201019A
:10CCB00081ED000A90ED000AB7EEC01A21EE421B8A
:10CCC000B7EEC10B4CF6EC31C2F2010181ED000A66
:10CCD00090ED000AB7EEC01A21EE421BB7EEC10B71
:10CCE0004CF6E031C2F2010181ED000A90ED000A3C
:10CCF000B7EEC01A21EE421BB7EEC10B4CF6E8307E
:10CD0000C2F2010080ED000A40F21470C2F200008D
:10CD100000218161C1614FF4FA70FFF7A9FD4BF268
:10CD2000EA60C2F20200B0F90000002815D10BE061
:10CD3000343333333333E33F666666666666E63F15
:10CD40009A9999999999D93F43F66C70C2F2020069
:10CD5000B0F9000000F0E0FFFFE7FFE7FFE700F0B9
:10CD60000ABE40F2BC10C2F20000B0F90000022876
:10CD70004DD1FFE743F6E060C2F2020090ED000AF9
:10CD8000B7EEC01A1FED162B21EE421BB7EEC10BFA
:10CD90004CF6E431C2F2010181ED000A90ED000A87
:10CDA000B7EEC01A21EE421BB7EEC10B4CF6EC31C8
:10CDB000C2F2010181ED000A90ED000AB7EEC01A3F
:10CDC00021EE421BB7EEC10B4CF6E031C2F201017D
:10CDD00081ED000A90ED000AB7EEC01A21EE421B69
:10CDE000B7EEC10B4CF6E830C2F2010080ED000A4C
:10CDF0004CF68C50C2F201000078F2F711FF40F2BD
:10CE0000BC10C2F200000321018000F0B3BD40F26B
:10CE1000BC10C2F20000B0F90000032840F0AF815E
:10CE2000FFE74CF63540C2F201000078C007002849
:10CE300027D1FFE74CF64050C2F201000068002104
:10CE400081834CF60C40C2F2010001604BF2FC60A1
:10CE5000C2F2020090ED000A40F21470C2F200002B
:10CE600090ED0D1A30EE410A4CF63040C2F201004E
:10CE700080ED000A4CF63540C2F20100012101703C
:10CE8000FFE74CF63040C2F2010090ED000AB7EE29
:10CE9000C01AB7EE082BB4EE421BF1EE10FA13DA0B
:10CEA000FFE740F21470C2F2000000218161C1610D
:10CEB00040F2BC10C2F20000042202804CF6354061
:10CEC000C2F201000170FFE740F21470C2F20000EC
:10CED00090ED060A4CF60C41C2F20101D1ED000AB8
:10CEE0004CF66822C2F201021E234FF0010C1D9085
:10CEF00010461C91194662461B93CDF868C0EEF7A8
:10CF00001BFCB1EE400A4CF6F830C2F2010080ED95
:10CF1000000A1D9991ED070A4CF63042C2F2010257
:10CF2000D2ED000A4CF6DC22C2F201021990104642
:10CF30001B991A9AEEF700FCB1EE400A4CF620401D
:10CF4000C2F2010080ED000A199991ED000A90EDFE
:10CF5000001A30EE010AB7EEC02A43F6E062C2F2D0
:10CF6000020292ED000AB7EEC03A1FED8F4B03EEBE
:10CF7000042BB1EE422BB7EEC20B4CF6E433C2F2F7
:10CF8000010383ED000A91ED000A90ED001A31EEE5
:10CF9000400AB7EEC02A92ED000AB7EEC03A03EE9F
:10CFA000442BB7EEC20B4CF6EC33C2F2010383ED17
:10CFB000000A91ED000A90ED001A30EE410AB7EE3A
:10CFC000C02A92ED000AB7EEC03A03EE442BB7EE4A
:10CFD000C20B4CF6E033C2F2010383ED000A91ED7F
:10CFE000000A90ED001A30EE010AB7EEC02A92ED69
:10CFF000000AB7EEC03A03EE442BB7EEC20B4CF674
:10D00000E830C2F2010080ED000A1D9890ED060A9A
:10D01000B7EEC00A01F068FC1C9890ED001AB7EE5C
:10D02000C12A8DED160BB0EE420B01F05DFC1FED39
:10D03000BC2B20EE020B9DED162BB4EE402BF1EE37
:10D0400010FAC0F29B80FFE740F21470C2F20000B9
:10D0500090ED070AB7EEC00A01F046FC4CF63040EE
:10D06000C2F2010090ED001AB7EEC12A8DED140B4B
:10D07000B0EE420B01F038FC1FEDCF2B20EE020B7F
:10D080009DED142BB4EE402BF1EE10FA76DBFFE7AA
:10D0900043F68470C2F2020090ED010AB7EEC00AB6
:10D0A00001F022FCB6EE001BB4EE410BF1EE10FADB
:10D0B00063DCFFE743F68470C2F2020090ED000AE1
:10D0C000B7EEC00A01F010FCB6EE001BB4EE410B47
:10D0D000F1EE10FA51DCFFE743F6E060C2F2020025
:10D0E00090ED000AB7EEC01A1FEDEF2B21EE421BA8
:10D0F000B7EEC10B4CF6E431C2F2010181ED000A3A
:10D1000090ED000AB7EEC01A21EE421BB7EEC10B3C
:10D110004CF6EC31C2F2010181ED000A90ED000AFB
:10D12000B7EEC01A21EE421BB7EEC10B4CF6E03150
:10D13000C2F2010181ED000A90ED000AB7EEC01ABB
:10D1400021EE421BB7EEC10B4CF6E830C2F20100F3
:10D1500080ED000A40F21470C2F2000000218161EB
:10D16000C16140F2BC10C2F20000042202804CF601
:10D170003540C2F201000170FFE7FFE7F9E340F23A
:10D18000BC10C2F20000B0F90000042840F0BB81DE
:10D19000FFE74CF61040C2F201000078C0070028FB
:10D1A0002DD1FFE74CF63850C2F201000321018077
:10D1B0004CF64050C2F201000068002181834CF619
:10D1C0003040C2F2010001604BF2F860C2F202008E
:10D1D00090ED000A40F21470C2F2000090ED0C1ABB
:10D1E00030EE410A4CF60C40C2F2010080ED000A1C
:10D1F0004CF61040C2F2010001210170FFE74BF232
:10D20000EA60C2F20200B0F90000012807D1FFE78E
:10D210004BF2EA60C2F2020000210180FFE740F217
:10D220001470C2F2000090ED060A4CF60C41C2F2F6
:10D230000101D1ED000A4CF66822C2F201021E2360
:10D240004FF0010C1390104612911946624611934B
:10D25000CDF840C0EEF770FAB1EE400A4CF6F83067
:10D26000C2F2010080ED000A139991ED070A4CF615
:10D270003042C2F20102D2ED000A4CF6DC22C2F2C8
:10D2800001020F9010461199109AEEF755FAB1EE7F
:10D29000400A4CF62040C2F2010080ED000A0F99CE
:10D2A00091ED000A90ED001A30EE010AB7EEC02AA7
:10D2B00043F6E062C2F2020292ED000AB7EEC03A13
:10D2C0009FEDC34B03EE042BB1EE422BB7EEC20B26
:10D2D0004CF6E433C2F2010383ED000A91ED000A3B
:10D2E00090ED001A31EE400AB7EEC02A92ED000A26
:10D2F000B7EEC03A03EE442BB7EEC20B4CF6EC335C
:10D30000C2F2010383ED000A91ED000A90ED001ACC
:10D3100030EE410AB7EEC02A92ED000AB7EEC03AED
:10D3200003EE442BB7EEC20B4CF6E033C2F201031E
:10D3300083ED000A91ED000A90ED001A30EE010A2B
:10D34000B7EEC02A92ED000AB7EEC03A03EE442BC6
:10D35000B7EEC20B4CF6E830C2F2010080ED000AD5
:10D36000139890ED060AB7EEC00A01F0BDFA1298C4
:10D3700090ED001AB7EEC12A8DED0C0BB0EE420B0A
:10D3800001F0B2FA9FED942B20EE020B9DED0C2BD9
:10D39000B4EE402BF1EE10FA40F3B480FFE740F218
:10D3A0001470C2F2000090ED070AB7EEC00A01F057
:10D3B0009BFA4CF63040C2F2010090ED001AB7EE35
:10D3C000C12A8DED0A0BB0EE420B01F08DFA9FEDF4
:10D3D000822B20EE020B9DED0A2BB4EE402BF1EEDA
:10D3E00010FA40F38F80FFE743F68470C2F2020028
:10D3F00090ED010AB7EEC00A01F076FAB6EE001B16
:10D40000B4EE410BF1EE10FA7BDCFFE743F68470DB
:10D41000C2F2020090ED000AB7EEC00A01F064FA11
:10D42000B6EE001BB4EE410BF1EE10FA69DCFFE73B
:10D4300043F6E060C2F2020090ED000AB7EEC01AB7
:10D440009FED632B21EE421BB7EEC10B4CF6E4318E
:10D45000C2F2010181ED000A90ED000AB7EEC01A98
:10D4600021EE421BB7EEC10B4CF6EC31C2F20101CA
:10D4700081ED000A90ED000AB7EEC01A21EE421BC2
:10D48000B7EEC10B4CF6E031C2F2010181ED000AAA
:10D4900090ED000AB7EEC01A21EE421BB7EEC10BA9
:10D4A0004CF6E830C2F2010080ED000A40F2147040
:10D4B000C2F2000000218161C1614BF2EA60C2F258
:10D4C0000200B0F90000002809D1FFE743F66C70B4
:10D4D000C2F20200B0F9000000F01EFCFFE744F2C7
:10D4E0008800C2F202000021017040F2BC10C2F2BA
:10D4F0000000012202804CF61040C2F201000170CF
:10D50000FFE7FFE734E240F2BC10C2F20000B0F9DE
:10D510000000052840F02B82FFE74CF62850C2F2AD
:10D5200001000068002808D0FFE74CF62850C2F23E
:10D5300001000068022831D1FFE74CF60440C2F236
:10D5400001000078C007002827D1FFE74CF64050C3
:10D55000C2F201000068002181834CF63040C2F223
:10D56000010001604CF62C50C2F2010090ED000A5F
:10D5700040F21470C2F2000090ED0C1A30EE410A35
:10D580004CF60C40C2F2010080ED000A4CF604405B
:10D59000C2F2010001210170FFE74AE04CF6285079
:10D5A000C2F201000068012808D0FFE74CF62850BD
:10D5B000C2F20100006803283AD1FFE74CF634407C
:10D5C000C2F201000078C007002830D108E000BF97
:10D5D000343333333333E33F666666666666E63F6D
:10D5E0004CF64050C2F201000068002181834CF6E5
:10D5F0000C40C2F2010001604CF63050C2F2010052
:10D6000090ED000A40F21470C2F2000090ED0D1A85
:10D6100030EE410A4CF63040C2F2010080ED000AC3
:10D620004CF63440C2F2010001210170FFE7FFE730
:10D63000FFE740F21470C2F2000090ED060A4CF6CB
:10D640000C41C2F20101D1ED000A4CF66822C2F28F
:10D6500001021E234FF0010C099010460891194653
:10D6600062460793CDF818C0EEF766F8B1EE400AAF
:10D670004CF6F830C2F2010080ED000A099991EDF4
:10D68000070A4CF63042C2F20102D2ED000A4CF613
:10D69000DC22C2F20102059010460799069AEEF7C5
:10D6A0004BF8B1EE400A4CF62040C2F2010080ED8A
:10D6B000000A059991ED000A90ED001A30EE010A7A
:10D6C000B7EEC02A43F6E062C2F2020292ED000A0F
:10D6D000B7EEC03A9FEDAA4B03EE042BB1EE422BFE
:10D6E000B7EEC20B4CF6E433C2F2010383ED000A3D
:10D6F00091ED000A90ED001A31EE400AB7EEC02A13
:10D7000092ED000AB7EEC03A03EE442BB7EEC20B1F
:10D710004CF6EC33C2F2010383ED000A91ED000AEE
:10D7200090ED001A30EE410AB7EEC02A92ED000AE1
:10D73000B7EEC03A03EE442BB7EEC20B4CF6E03323
:10D74000C2F2010383ED000A91ED000A90ED001A88
:10D7500030EE010AB7EEC02A92ED000AB7EEC03AE9
:10D7600003EE442BB7EEC20B4CF6E830C2F20100D8
:10D7700080ED000A099890ED060AB7EEC00A01F0A4
:10D78000B3F8089890ED001AB7EEC12A8DED020BA0
:10D79000B0EE420B01F0A8F89FED7B2B20EE020BC0
:10D7A0009DED022BB4EE402BF1EE10FAC0F2DE80BC
:10D7B000FFE740F21470C2F2000090ED070AB7EEE6
:10D7C000C00A01F091F84CF63040C2F2010090ED31
:10D7D000001AB7EEC12A8DED000BB0EE420B01F03E
:10D7E00083F89FED692B20EE020B9DED002BB4EE2C
:10D7F000402BF1EE10FAC0F2B980FFE743F68470D7
:10D80000C2F2020090ED010AB7EEC00A01F06CF816
:10D81000B6EE001BB4EE410BF1EE10FA00F3A5805A
:10D82000FFE743F68470C2F2020090ED000AB7EE03
:10D83000C00A01F059F8B6EE001BB4EE410BF1EE50
:10D8400010FA00F39280FFE743F6E060C2F20200B4
:10D8500090ED000AB7EEC01A9FED492B21EE421B56
:10D86000B7EEC10B4CF6E431C2F2010181ED000AC2
:10D8700090ED000AB7EEC01A21EE421BB7EEC10BC5
:10D880004CF6EC31C2F2010181ED000A90ED000A84
:10D89000B7EEC01A21EE421BB7EEC10B4CF6E031D9
:10D8A000C2F2010181ED000A90ED000AB7EEC01A44
:10D8B00021EE421BB7EEC10B4CF6E830C2F201007C
:10D8C00080ED000A40F21470C2F200000021816174
:10D8D000C16140F2BC10C2F20000032101804CF68D
:10D8E0002850C2F201000068002808D0FFE74CF67B
:10D8F0002850C2F201000068022812D1FFE74CF65E
:10D900002C50C2F20100016840F21472C2F200020F
:10D9100011634CF60441C2F2010100220A70026058
:10D9200022E04CF62850C2F201000068012808D01D
:10D93000FFE74CF62850C2F201000068032812D11C
:10D94000FFE74CF63050C2F20100016840F2147259
:10D95000C2F2000251634CF63441C2F201010022CE
:10D960000A700260FFE7FFE7FFE7FFE7FFE7FFE777
:10D97000FFE7FFE7FFE7FFE7FEF7CABF00BF00BF13
:10D98000343333333333E33F9A9999999999D93F93
:10D9900080B584B0684605214160102101604EF2D7
:10D9A000F200C8F201004AF29141C8F201010022DE
:10D9B0004FF48063F9F79CFF03900398002804D08C
:10D9C000FFE70398FAF7E8F9FFE704B080BD00002D
:10D9D00080B586B00590EEF7C3FB4BF2DC60C2F277
:10D9E00002000068F9F7E8FC4CF63851C2F2010178
:10D9F000B1F90010012908D1FFE74CF64050C2F2FE
:10DA000001000068F9F7D8FC62E04CF63850C2F229
:10DA10000100B0F90000002808D1FFE744F29400AB
:10DA2000C2F202000068F9F7C7FC50E04CF638502B
:10DA3000C2F20100B0F90000022808D1FFE74BF262
:10DA4000F060C2F202000068F9F7B6FC3EE04CF666
:10DA50003850C2F20100B0F90000032811D1FFE7ED
:10DA60004CF64050C2F201000068F9F7A5FC4BF2F9
:10DA7000F061C2F20201096804900846F9F79CFCC3
:10DA800023E04CF63850C2F20100B0F9000004283F
:10DA900008D1FFE74BF2DC10C2F202000068F9F790
:10DAA0008BFC11E04CF63850C2F20100B0F90000D6
:10DAB000052808D1FFE740F25450C2F20000006888
:10DAC000F9F77AFCFFE7FFE7FFE7FFE7FFE7FFE78C
:10DAD0004CF63850C2F20100008800283CD1FFE724
:10DAE00040F21470C2F2000090ED060A4CF60841B4
:10DAF000C2F20101D1ED000A4CF66821C2F2010127
:10DB00001E22012303900846114602921A460193F1
:10DB1000EDF712FEB1EE400A4CF6FC30C2F2010005
:10DB200080ED000A039890ED070A4CF62C41C2F2F2
:10DB30000101D1ED000A4CF6DC20C2F2010002998D
:10DB4000019AEDF7F9FDB1EE400A4CF62440C2F21D
:10DB5000010080ED000AFFE706B080BD0000000074
:10DB600080B582B00190F3F757FCF3F729FCE9F791
:10DB700037FF43F6B870C2F2020090ED070A40F298
:10DB80005050C2F20000D0ED000A40F25000C2F244
:10DB9000000001684CF6B440C2F201000022EDF72B
:10DBA000CBFD43F6E060C2F2020080ED000A02B055
:10DBB00080BD00000000000080B584B04EF22F0050
:10DBC000C8F2010000210291029AF9F75DFB4BF2C5
:10DBD000DC61C2F2020108604EF26300C8F201008B
:10DBE0000299029AF9F750FB44F26C01C2F2020169
:10DBF00008604EF25000C8F201000299029AF9F74B
:10DC000043FB4CF64051C2F2010108604EF2210084
:10DC1000C8F201000299029AF9F736FB44F2940126
:10DC2000C2F2020108604EF23D00C8F20100029902
:10DC3000029AF9F729FB4BF2F061C2F20201086087
:10DC40006846022101604EF21300C8F201004BF257
:10DC50005952C8F2010201911146029A019BFAF74A
:10DC600037FB03900398002804D0FFE70398FAF7E6
:10DC7000D3FBFFE76846022101604EF21A00C8F2AA
:10DC800001004BF2E961C8F2010100220523FAF715
:10DC90001FFB03900398002804D0FFE70398FAF7CE
:10DCA000BBFBFFE704B080BD10B583B00A46034656
:10DCB0008DF80B008DF80A109DF80B009DF80A10E6
:10DCC00041F6662C01FB0CFC0CEB00304EF6676C49
:10DCD000CFF6FB7C604440F2771C4FF01D0E11FB29
:10DCE0000EC190FBF1F001909DF80A0045F69631C7
:10DCF000CFF6FA7144F2510410FB041110FB0EC070
:10DD000091FBF0F000900198009901EB004003B006
:10DD100010BD00000000000080B586B00146ADF8DF
:10DD20001600BDF91600012866D1FFE74BF2F4603A
:10DD3000C2F20200B0F9000045F25651C5F2555149
:10DD400050FB01F000EBD07000EBD07121F001012D
:10DD5000401A00281CD1FFE71E2000210491F1F792
:10DD6000EBF84BF2F860C2F2020080ED000A4BF2D1
:10DD7000F460C2F202000088033000B20499F1F7A7
:10DD800013F94BF2FC60C2F2020080ED000A32E0AF
:10DD90004BF2F460C2F20200B0F9000045F25651B5
:10DDA000C5F2555150FB01F000EBD07000EBD07183
:10DDB00021F00101401A00281CD0FFE703200021B8
:10DDC0000391F1F7B9F84BF2F860C2F2020080ED6E
:10DDD000000A4BF2F460C2F202000088033000B285
:10DDE0000399F1F7E1F84BF2FC60C2F2020080ED1A
:10DDF000000AFFE7FFE76BE0BDF91600022866D1D5
:10DE0000FFE74BF2F460C2F20200B0F9000045F205
:10DE10005651C5F2555150FB01F000EBD07000EBAC
:10DE2000D07121F00101401A00281CD1FFE7032026
:10DE300000210291F1F780F84BF2F860C2F2020083
:10DE400080ED000A4BF2F460C2F202000088033059
:10DE500000B20299F1F7A8F84BF2FC60C2F202009E
:10DE600080ED000A32E04BF2F460C2F20200B0F939
:10DE7000000045F25651C5F2555150FB01F000EB40
:10DE8000D07000EBD07121F00101401A00281CD0A5
:10DE9000FFE71E2000210191F1F74EF84BF2F860E8
:10DEA000C2F2020080ED000A4BF2F460C2F20200FE
:10DEB0000088033000B20199F1F776F84BF2FC606C
:10DEC000C2F2020080ED000AFFE7FFE7FFE7FFE78D
:10DED0004BF2F860C2F2020090ED000A40F21470BA
:10DEE000C2F2000090ED0C1A30EE410A4CF60C41E3
:10DEF000C2F2010181ED000A4BF2FC61C2F20201A3
:10DF000091ED000A90ED0D1A30EE410A4CF63040CA
:10DF1000C2F2010080ED000A4BF2F460C2F202008E
:10DF200001880331018006B080BD000000000000C0
:10DF3000704700000000000010B590B09C46964667
:10DF400004468DF83F000E918DF837208DF836305D
:10DF50009DF8370000099DF83610A0EB1110B0FABB
:10DF600080F040094EF26A31C8F20101F722CDF883
:10DF700018C0CDF814E00494F1F7EEFA9DF83F00D4
:10DF80009DF837109DF8362000F032F8E5F7B8FD1F
:10DF90000C9007A80390ECF7BFF90E9807900120AA
:10DFA0008DF82C008DF82D009DF83F0040F2C01137
:10DFB000C2F2000151F820000C9A039B029119460D
:10DFC000ECF732FA9DF83F10029A52F821100190B6
:10DFD0000846ECF7E9F89DF83F00029951F8200057
:10DFE0000C9A0399ECF720FA10B010BD0000000065
:10DFF00080B592B013468C4686468DF847008DF862
:10E0000046108DF845209DF8470001380146072845
:10E01000109100F270821099DFE811F008004100C1
:10E020007C00F9007801B5016D02F0019DF8460011
:10E03000102817D1FFE7684641F270018160002186
:10E04000416048F2DC22C4F21F02026048F2EC0098
:10E05000C4F21F0002220F9111460F9A0F9BEFF797
:10E060007BFAFFE79DF84500102817D1FFE76846C7
:10E0700041F2700181600021416048F2E022C4F267
:10E080001F02026048F2F000C4F21F0002220E914B
:10E0900011460E9A0E9BEFF75FFAFFE734E29DF808
:10E0A0004600202818D1FFE7684641F270018160E0
:10E0B0000021416048F2F421C4F21F01016048F2DE
:10E0C0000410C4F21F00022148F23052C4F21F02B1
:10E0D0000123EFF741FAFFE79DF84500202818D10A
:10E0E000FFE7684641F2700181600021416048F21B
:10E0F000F821C4F21F01016048F20810C4F21F00A9
:10E10000022148F22C52C4F21F020123EFF724FA35
:10E11000FFE7F9E19DF8460030281BD1FFE768468C
:10E1200041F2700181600021416048F20432C4F282
:10E130001F02026048F21410C4F21F00022248F2CB
:10E140003C53C4F21F030D9111461A460D9BEFF785
:10E1500003FA1DE09DF84600312818D1FFE7684614
:10E1600041F2700181600021416048F24C31C4F2FB
:10E170001F01016048F25C10C4F21F00032148F245
:10E180003C52C4F21F020223EFF7E6F9FFE7FFE774
:10E190009DF8450030281BD1FFE7684641F2700129
:10E1A00081600021416048F20832C4F21F0202601F
:10E1B00048F21810C4F21F00022248F23853C4F289
:10E1C0001F030C9111461A460C9BEFF7C5F91DE091
:10E1D0009DF84500312818D1FFE7684641F27001EB
:10E1E00081600021416048F25031C4F21F0101609A
:10E1F00048F26010C4F21F00032148F23852C4F202
:10E200001F020223EFF7A8F9FFE7FFE77CE19DF883
:10E210004600402819D1FFE7684641F2700181604D
:10E220000021416048F26C31C4F21F01016048F2E4
:10E230007C10C4F21F0048F24452C4F21F020221B3
:10E240000B910B9BEFF788F920E09DF846004128E1
:10E250001BD1FFE7684641F27001816000214160F7
:10E2600048F2C432C4F21F02026048F2D410C4F271
:10E270001F00042248F24453C4F21F030A911146BE
:10E280001A460A9BEFF768F9FFE7FFE79DF845009C
:10E29000402819D1FFE7684641F2700181600021F2
:10E2A000416048F27031C4F21F01016048F28010F1
:10E2B000C4F21F0048F24052C4F21F020221099129
:10E2C000099BEFF749F920E09DF8450041281BD153
:10E2D000FFE7684641F2700181600021416048F229
:10E2E000C832C4F21F02026048F2D810C4F21F0004
:10E2F000042248F24053C4F21F03089111461A4603
:10E30000089BEFF729F9FFE7FFE7FDE09DF84600DE
:10E31000502819D1FFE7684641F270018160002161
:10E32000416048F29C31C4F21F01016048F2AC1018
:10E33000C4F21F0048F24C52C4F21F02012107919F
:10E34000079BEFF709F9FFE79DF84500502819D121
:10E35000FFE7684641F2700181600021416048F2A8
:10E36000A031C4F21F01016048F2B010C4F21F00D6
:10E3700048F24852C4F21F0201210691069BEFF7B2
:10E38000EBF8FFE7C0E09DF84600602818D1FFE7F2
:10E39000684641F2700181600021416048F2B42179
:10E3A000C4F21F01016048F2C400C4F21F00022140
:10E3B00048F25452C4F21F020123EFF7CDF8FFE7F1
:10E3C0009DF84500602818D1FFE7684641F27001CA
:10E3D00081600021416048F2B821C4F21F01016050
:10E3E00048F2C800C4F21F00022148F25052C4F2A1
:10E3F0001F020123EFF7B0F8FFE785E09DF8460024
:10E40000802818D1FFE7684641F270018160002141
:10E41000416048F21431C4F21F01016048F2241037
:10E42000C4F21F00022148F26452C4F21F02012309
:10E43000EFF792F820E09DF8460081281BD1FFE716
:10E44000684641F2700181600021416048F2BC32AF
:10E45000C4F21F02026048F2CC10C4F21F00022274
:10E4600048F26453C4F21F03059111461A46059BF6
:10E47000EFF772F8FFE7FFE79DF84500802818D115
:10E48000FFE7684641F2700181600021416048F277
:10E490001831C4F21F01016048F22810C4F21F00B5
:10E4A000022148F26052C4F21F020123EFF754F830
:10E4B00020E09DF8450081281BD1FFE7684641F226
:10E4C000700181600021416048F2C032C4F21F0235
:10E4D000026048F2D010C4F21F00022248F26053DA
:10E4E000C4F21F03049111461A46049BEFF734F857
:10E4F000FFE7FFE708E04EF26A31C8F201010020B1
:10E500006722F1F729F8FFE712B080BD0000000094
:10E5100080B584B002468DF80F00029100208DF87E
:10E5200007009DF80F1040F2C013C2F2000353F829
:10E530002110C96A01F0E061B0EB116F10D0FFE764
:10E540009DF80F0040F2C011C2F2000151F8200006
:10E55000ECF72AF90299087001208DF80700FFE70F
:10E560009DF8070004B080BD80B582B002468DF8EA
:10E57000070000910098002812D0FFE79DF80700DF
:10E5800040F2C011C2F2000151F820004FF4001116
:10E59000EBF786FE9DF807001330F3F7B9F80CE0AF
:10E5A0009DF8070040F2C011C2F2000151F82000AE
:10E5B0004FF40011EBF730FEFFE702B080BD000022
:10E5C00080B584B003468DF80F0002910192FFE7F9
:10E5D0009DF80F0040F2C011C2F2000151F8200076
:10E5E00040690002002801D4FFE7F1E79DF80F0021
:10E5F00040F2C011C2F2000151F820000299019AC4
:10E60000ECF726F904B080BD80B582B00A46034617
:10E610008DF807008DF80610FFE79DF8070040F21F
:10E62000C011C2F2000151F8200040690002002828
:10E6300001D4FFE7F1E79DF8070040F2C011C2F2F4
:10E64000000151F820009DF80610ECF73DF902B0EA
:10E6500080BD00000000000080B582B002468DF849
:10E6600007000091FFE700980078002809D0FFE735
:10E670009DF8070000994A1C00920978FFF7C4FF33
:10E68000F1E702B080BD000080B582B04FF62000F7
:10E69000C8F20100F7F758FA4EF62A50CEF2000001
:10E6A00001884FF6EF12C8F2010201901046F7F709
:10E6B0004BFA01980188C907002907D0FFE74FF6F8
:10E6C000B710C8F20100F7F73FFAFFE74EF62A50FD
:10E6D000CEF2000000888007002807D5FFE74FF63C
:10E6E0005E10C8F20100F7F72FFAFFE74EF62A5046
:10E6F000CEF2000000884007002807D5FFE74FF65C
:10E700004C10C8F20100F7F71FFAFFE74EF62A5047
:10E71000CEF2000000880007002807D5FFE74FF67B
:10E720008710C8F20100F7F70FFAFFE74EF62A50FC
:10E73000CEF200000088C005002807D5FFE74FF69D
:10E740005310C8F20100F7F7FFF9FFE74EF62A5021
:10E75000CEF2000000888005002807D5FFE74FF6BD
:10E760007C10C8F20100F7F7EFF9FFE74FF2D9503C
:10E77000C8F20100F7F7E8F902B080BD0000000020
:10E7800080B5F8F7A5FF002080BD00000000000064
:10E7900083B0029000200190FFE70198B32832DC9B
:10E7A000FFE7029840F26101C2F200010A78B42347
:10E7B00012FB0300019A4FF0000C00F802C002980F
:10E7C000097811FB03000199084480F8B4C002984D
:10E7D00040F26001C2F200010A78C2F1A00212FB0D
:10E7E0000300019A104480F8B4C002980978C1F17E
:10E7F000A00111FB0300019900F801C0FFE7019897
:10E8000001300190C9E700200090FFE700989F28A1
:10E810001CDCFFE702980099B422514300234354C3
:10E820000298009901FB020043700298009901FBD5
:10E83000020080F8B2300298009901FB020080F8D3
:10E84000B330FFE7009801300090DFE703B0704776
:10E8500040F2291CC0F2000C604740F2D11CC0F20B
:10E86000000C604740F2F13CC0F2000C6047000031
:10E870000FB4054B10B503A9044A029800F074FECA
:10E8800010BC5DF814FB000041EB0080000000208C
:10E890000FB4084B10B504A902AA039800F064FE57
:10E8A000044602A9002001F0F6F9204610BC5DF8EC
:10E8B00014FB00001FD8018003B4019841000098A8
:10E8C00050EAC12018BF04204A0D18BF40F00100D3
:10E8D00040F2FF72B2EB515F08BF40F00200012826
:10E8E00008BF052002B070472DED020B019820F003
:10E8F000004001909DED000B02B0704710EE100A31
:10E9000020F0004000EE100A7047000071B42DEDB9
:10E91000020BDDE900C2BCF1000F14BF0121002190
:10E9200041EA420111F5001F08D99DED000B80ED71
:10E93000000B9DED000B03B070BC7047C2F30A5191
:10E940000024A1F2FF3102F00043142919DA002952
:10E95000B8BFC0E9004324DB1B4D25FA01F102EAF0
:10E96000010555EA0C0C16D022EA0101C0E900416C
:10E9700090ED000B9DED001B31EE400B03B070BC21
:10E980007047332907DC4FF0FF35143925FA01F1C0
:10E990001CEA010F0AD19DED000B80ED000BCDE9C3
:10E9A00000439DED000B03B070BC70472CEA0101E1
:10E9B000C0E9001290ED000B9DED001B31EE400B05
:10E9C00003B070BC70470000FFFF0F0000000000A4
:10E9D0002DE9F04D2DED040B2DED0A8B9AB0DDE9FC
:10E9E0002550279CDDF890A025F0004624F0004833
:10E9F000BAF1000F14BF0121002101EB4502F849D3
:10EA000053184A10934228D3002814BF012300232F
:10EA100003EB44030B44F3498B421ED358EA000135
:10EA200072D0DFF8C4B35D4503D1BAF1000F05D150
:10EA300086E0BAF1000F08BF002100D0012101EBF0
:10EA4000450111F5001F08D8002814BF012100213D
:10EA500001EB440111F5001F0BD99DED261B9DED27
:10EA6000240B1AB0BDEC0A8B04B0BDE8F04D00F0E9
:10EA70008BBC0027002DBCBFDC49884521DADC496E
:10EA80008845A8BF02271CDAC3451ADCD94901EB27
:10EA90002851142908DDC1F1340220FA02F101FAEB
:10EAA00002F282420DD108E058B9C1F1140228FAED
:10EAB00002F101FA02F2424503D101F00101C1F174
:10EAC000020756EA0A0120D1002C1EDA002D18BFD9
:10EAD000022F01D0012F0AD0022000F07DFC1AB0D5
:10EAE000BDEC0A8B04B0BDE8F04D00F041BC022043
:10EAF00000F072FC00F03CFCB1EE400B1AB0BDEC33
:10EB00000A8B04B0BDE8F08D1AE09FEDBB9B9FED32
:10EB1000BC8BB7EE00AB00287DD1B44880451CD13A
:10EB200005F1804010F5801008BFBAF1000F07D042
:10EB3000B34508DC002CA8BF9DED260BDEDA07E00C
:10EB4000B7EE000BDAE7002CB8BF9DED260BD3DB48
:10EB5000AD48784490ED000BD0E7D84548D1002C63
:10EB600043DA2EB186423AD1BAF1000F3DD126E008
:10EB7000BAF1000F13D0022000F02EFC00F014FCBC
:10EB80008DED020B9DED240B8DED000B10EE900A28
:10EB9000039961F31E0003909DED020BAEE78DED2E
:10EBA000029B9DED240B19EE901A10EE900A8DED4C
:10EBB000000B61F31E0003909DED020B9EE78DEDAF
:10EBC000028B9DED240B18EE901A10EE900A8DED3D
:10EBD000000B61F31E0003909DED020B8EE704DA3B
:10EBE0009DED241B8AEE010B88E79DED240B85E744
:10EBF00086421ADAB4F1804F04BF9DED240B20EE5B
:10EC0000000B3FF47BAFA4F10050B0F1FF500CD1EA
:10EC1000002D0ADB00E008E09DED240B51EC100B09
:10EC200001F04AF841EC100B68E79DED240B51EC24
:10EC3000100B01F035F8BAF1000FCDE90E0140D10B
:10EC40009FED730B46B3A6F1E040B0F17F600ED0AC
:10EC50005E4536D1002D00DA97B3022F0CBF01209C
:10EC60004FF0FF3000EE100AB8EEC00B46E7002D63
:10EC700001DD002C0DDA002D01DD002C1DDB002D47
:10EC800014DA002C12DB012F08BF9FED630B3FF459
:10EC900035AFB0EE490B31E7022F18BF002D0CD075
:10ECA000012F0AD1002DFFF629AF06E0002DB8BFD5
:10ECB000002C06DA012F3FF421AFB0EE480B1DE720
:10ECC00019E0012000EBE57050EA070113D0B0EE27
:10ECD0004A8B791E084308BFBFEE008B50480025C1
:10ECE00080457ADD4F495048884514DDB0420DDB40
:10ECF000002C19DB2CE0012000F06EFB1AB0BDECFB
:10ED00000A8B04B0BDE8F04D00F042BBB34502DC15
:10ED1000002C09DC1CE0864202DA002C18DA03E041
:10ED20005E4528DD002C13DD022000F055FB00F0CD
:10ED30003BFB8DED020B28EE090B8DED000B10EE69
:10ED4000900A039961F31E0003909DED020BD5E636
:10ED5000022000F041FB00F033FB10EE901A18EE99
:10ED6000900A8DED020B8DED008B61F31E00039078
:10ED70009DED020BC2E69DED0E0B30EE4A0B8DEDC4
:10ED8000040B20EE002B9DED041B9FED290BB5EE2F
:10ED9000003B01EE430B9DED043BB6EE001B03EE82
:10EDA000401B22EE012B9DED040B9FED231B20EE5B
:10EDB000011B9FED233B20EE030B9FED233B02EE57
:10EDC000430B31EE002B8DED022B02959DED022BB6
:10EDD00032EE411B30EE411B11E139E00000000032
:10EDE000FFFF1F00FFFF0F000000F03F0000F07F5B
:10EDF0000000404301FCFFFF000000000000F07F26
:10EE000000000000000000005A1200000000000096
:10EE10000000000000000080000000000000F0FF83
:10EE20000000E0410000F043FFFFEF3F0000000062
:10EE3000555555555555D53F000000604715F73FCE
:10EE400044DF5DF80BAE543EFE822B654715F73F5D
:10EE50000020B6F5801F0BDA9DED0E0B9FEDEC1B2D
:10EE600020EE010B10EE906A8DED0E0B6FF034006A
:10EE700000EB2650C6F31301A0F2FF37E64A41F03B
:10EE80007F6040F040509142D8BF002408DDE34A43
:10EE90008A42C8BF012403DC0024A0F580107F1C37
:10EEA000DF49794401EBC4010F9091ED001B9DED0A
:10EEB0000E0B30EE410B9DED0E2B31EE023B8AEE38
:10EEC000032B20EE029BD7498DED029B79440295DE
:10EED00091ED003B4FF0005141EA600000EB8440AF
:10EEE0008DED043B00F5002005909DED043B33EED5
:10EEF000411B9DED0E3B33EE411B9DED023B9DED15
:10EF0000044B03EE440B03EE410B20EE02BB29EE53
:10EF100009CBB0EE4C0BC4480621784400F0EDF963
:10EF20002CEE0C1B20EE010B9DED021B31EE091B9C
:10EF30000BEE010B9DED021B21EE011BB0EE082B29
:10EF400031EE023B33EE003B8DED043B04959DED2D
:10EF5000043B33EE422B32EE411B30EE412B9DED54
:10EF6000020B9DED041B20EE011B9DED040B2BEE0F
:10EF7000000B02EE090B31EE002B8DED022B0295FA
:10EF80009DED022B32EE411B30EE411B9DED020B3D
:10EF90009FEDA72B20EE020B9DED022B9FEDA63BD4
:10EFA00022EE032B9FEDA63B01EE032BA6487844EF
:10EFB00000EBC40090ED001B32EE011B02EE107A54
:10EFC000B8EEC22B8DED042B30EE013B9F48784408
:10EFD00000EBC40090ED002B33EE023B9DED044BA3
:10EFE00033EE043B8DED023B02959DED023B33EE8B
:10EFF000443B33EE422B32EE400B31EE401B9DED95
:10F00000260B8DED000B00959DED260B9DED002B45
:10F0100030EE420B9DED022B20EE020B9DED262BD8
:10F0200002EE010B9DED001B9DED022B21EE021B5C
:10F030008DED021B30EE011B11EE900A11EE101A3D
:10F04000834A8DED001B904224DB821A11430ED1BE
:10F050009FED811B30EE011B9DED002B9DED023BD2
:10F0600032EE432BB4EEC21BF1EE10FA26DD022085
:10F0700000F0B2F900F098F910EE901A18EE900A2C
:10F080008DED020B8DED008B61F31E0003909DED65
:10F09000020B33E5724B20F000429A420ED3714AC4
:10F0A000024411437FF454AE9DED022B31EE421B1E
:10F0B000B4EEC01BF1EE10FABFF64AAE20F00041EC
:10F0C000694A6A4B002402EB21529942D8BF9DED58
:10F0D000021B27DD511C4FF4801222FA01F101447A
:10F0E000634BC1F30A527B44A2F2FF3293ED001B43
:10F0F000604B8DED041BD34021EA0303C1F31301E0
:10F1000041F48011C2F1140221FA02F4059300289F
:10F11000B8BF64429DED021B9DED042B31EE421BF6
:10F120008DED021B30EE011B8DED041B04959DED52
:10F13000041B9FED512B21EE021B9DED042B9DED39
:10F14000023B32EE432B30EE420B9FED4D2B20EE77
:10F15000020B9DED042B9FED4C3B02EE030B31EEB9
:10F16000002B8DED002B32EE411B30EE419B9DEDCF
:10F17000000B20EE000B46488DED040B0521784472
:10F1800000F0BBF89DED001B9DED042B02EE401B33
:10F190008DED021B9DED000B20EE010BB0EE002B60
:10F1A00031EE422B80EE021B9DED002BB0EE490BA1
:10F1B00002EE090B31EE400B9DED001B30EE410BD2
:10F1C0003AEE400B10EE900A8DED000B00EB045070
:10F1D00001150029C8BF019013DC224651EC100B29
:10F1E000E3F771FEFFF768FB042808BF00F0E8F8BA
:10F1F00022469DED000B51EC100BE3F764FECDE9C8
:10F2000000019DED000B28EE000B77E400000000EC
:10F2100000000000000040438E9803007AB60B0007
:10F22000820E0000E00E00003A0E00000000000018
:10F23000000000E009C7EE3FF5015B14E02F3EBE81
:10F24000FD033ADC09C7EE3F960D0000660D000095
:10F250000000904000000000FE822B654715973C9F
:10F2600000CC904000346F3F01FCFFFF0000E03F06
:10F27000C60C0000FFFF0F0000000000432EE63F19
:10F28000EF39FAFE422EE63F396CA80C615C20BED5
:10F29000060C000000B52DED028B83B0B1EEC08BE3
:10F2A00018EE100A18EE901A8DED008B002818BF8A
:10F2B0000120084320F00040C0F17F6000F1E040F1
:10F2C000C00F14D010EE101A10EE900A8DED000B46
:10F2D000002918BF0121084320F00040C0F17F60E1
:10F2E00000F1E040C00F04BF012000F075F8B0EE5F
:10F2F000480B03B0BDEC028B00BDB0EE401B491EB5
:10F3000000EBC10292ED000B31F006020DD0491E58
:10F3100000EBC10292ED002BB0EE403BB0EE420B91
:10F3200003EE010B31F00602F1D1022914D00429B9
:10F330000AD0062918BF704790ED0A2B00EE012B6A
:10F3400090ED080B02EE010B90ED062B00EE012B69
:10F3500090ED040B02EE010B90ED022B00EE012B61
:10F3600090ED000B02EE010B704700000000000062
:10F370009FED031BB7EE002B82EE010B70470000E0
:10F38000000000000000000030EE010B704700009C
:10F390009FED031B81EE010B704700000000000091
:10F3A00000000000000000009FED030B20EE000BAA
:10F3B0007047000000000000000000000000007026
:10F3C0009FED030B20EE000B7047000000000000D3
:10F3D00000000000000000100149086070470000B4
:10F3E000040000202DE9FF5F82B00021DDE9043038
:10F3F000020DDDF840B0034318D044F61050A2F2DD
:10F40000FF3242431514119801281FD0A5EB0B00C1
:10F41000401C5FEA000A4FF000064E4FDFF83891BB
:10F42000B046504615D5CAF1000413E011980124E6
:10F430004AA3012801D16FEA0B010298119AC0E991
:10F440000031C0E9024206B0BDE8F09FCBF10000F8
:10F45000DFE704460021404A491842EB0450CDE959
:10F46000001012E0E00707D032463B4640464946CE
:10F47000E3F748FC8046894632463B46104619462B
:10F48000E3F740FC06460F466410002CEAD1DDE9A4
:10F490000401DDE90023BAF1000F06DAE3F732FCDC
:10F4A00042464B46E3F72EFC05E0E3F79DFC42465F
:10F4B0004B46E3F799FC04460E460022284BE3F73F
:10F4C00031FD03D84FF0FF30014607E00022254B05
:10F4D00020463146E3F76FFBE3F70CFD102409E00B
:10F4E000002C0ADB0A220023E3F760FA039B303288
:10F4F0001A55641E50EA0102F2D1641C039AC4F149
:10F5000011031444119A012A03D0012208430DD19A
:10F510000AE0084304D000204FF0110B119072E76D
:10F52000A3EB0B056D1E0DE05B4504DD4FF0000203
:10F5300005F1010504E003DA4FF00002A5F1010531
:10F54000002AECD002981199C0E90231C0E90045C7
:10F5500079E70000000014400000F03F3000000098
:10F560000000F0430000E03F2DE9FF4F95B09B46BF
:10F570008946064600250FE2252877D10024274634
:10F58000F84A0121059400E0044316F8013F203BAE
:10F5900001FA03F01042F7D130782A2811D06FF029
:10F5A0002F033078A0F13002092A16D8059A44F0CA
:10F5B000020402EB820203EB42021044761C059027
:10F5C000EFE759F8042B0592002A03DA504244F47D
:10F5D0000054059044F00204761C30782E2816D191
:10F5E00016F8010F44F004042A280DD06FF02F0202
:10F5F0003078A0F13003092B09D807EB870302EB21
:10F600004303C718761CF3E759F8047B761C30785F
:10F610006C280FD006DC4C2817D068280DD06A283B
:10F6200014D104E0742810D07A280FD10DE044F4EE
:10F6300000140AE044F4801401E044F440147278A9
:10F64000824202D104F58014761C761C307866283C
:10F650000BD013DC582877D009DC002875D045285A
:10F66000F6D04628F4D047281AD19DE118E0632847
:10F6700035D0642879D0652812D195E1702873D0EF
:10F6800008DC6728F1D069286FD06E280DD06F286C
:10F6900006D1B5E073282CD0752875D0782874D0A1
:10F6A0005A46179990476D1C75E1C4F30250022821
:10F6B00009D003280DD0D9F8001004280DD00D6012
:10F6C00009F1040967E1D9F80010EA17C1E900520D
:10F6D000F6E7D9F800100D80F2E70D70F0E719F8A1
:10F6E000041B8DF8001000208DF80100EA4601206F
:10F6F00003E059F804AB4FF0FF3061074FF0000111
:10F7000002D40DE008F101018846B9420FDA8045C4
:10F71000F8DB1AF808100029F4D108E008F101011B
:10F7200088468142FADB1AF808100029F6D10598BC
:10F730005B46A0EB080721463846179A00F094FA7A
:10F74000284400EB080507E04DE029E10DE01AF838
:10F75000010B5A4617999047B8F10108F7D25B465A
:10F7600021463846179A13E142E00A220092C4F378
:10F7700002524FF0000A022A08D059F804CB032A9B
:10F780004FEAEC710AD00DE029E02AE009F1070107
:10F7900021F00702F2E802C1914609E00FFA8CFC61
:10F7A0004FEAEC71042A03D14FFA8CFC4FEAEC715A
:10F7B000002907DA0A460021DCF1000C61EB0201A6
:10F7C0002D2202E0220504D52B228DF804200122EF
:10F7D00003E0E20701D02022F7E7904659E00A2132
:10F7E00002E010220DE010214FF0000A00910BE022
:10F7F00010224FF0000A44F004040827009203E0AE
:10F8000008224FF0000A0092C4F30252022A05D0E7
:10F8100059F804CB0021032A08D009E009F10701B7
:10F8200021F00702F2E802C1914605E01FFA8CFCC4
:10F83000042A01D10CF0FF0C4FF00008220728D554
:10F84000702806D0009B83F0100353EA0A0305D00A
:10F850000EE040228DF80420012208E05CEA01025B
:10F8600006D030228DF804208DF805000222904643
:10F87000009B83F0080353EA0A030AD15CEA010201
:10F8800001D1620705D530228DF804204FF0010820
:10F890007F1E582804D034A003900EA802900DE0DB
:10F8A00036A0F9E753466046009AE3F77FF88446AE
:10F8B0000398825C0298401E029002705CEA01008C
:10F8C000F0D1029806A9081A00F1200A600702D5B3
:10F8D00024F4803400E00127574502DDA7EB0A003D
:10F8E00000E0002000EB0A01009005984144401A16
:10F8F0000590E00306D45B462146179A059800F070
:10F90000B3F90544002706E001A85A46C05D1799DF
:10F9100090476D1C7F1C4745F6DBE0030CD55B462A
:10F920002146179A059800F09FF9054404E030201D
:10F930005A46179990476D1C0099481E009000295F
:10F94000F5DC08E0029802995A460078491C0291B9
:10F95000179990476D1CBAF10001AAF1010AF1DC78
:10F9600065E1000009280100303132333435363783
:10F9700038396162636465660000000030313233FB
:10F98000343536373839414243444546000000009B
:10F9900000F058F90544761C307800287FF4ECAD6F
:10F9A00019B02846BDE8F08F620700D4062709F198
:10F9B000070222F0070CFCE80223E14603F00048AE
:10F9C0005FEA080C02D00FF2702C0DE05FEA045CD5
:10F9D00002D50FF2682C07E05FEAC47C02D00FF278
:10F9E000602C01E0AFF2700C4FF0FF3823F00043C1
:10F9F000CDF850C065280CD006DC452809D0462833
:10FA00001DD047283DD13DE0662818D067287ED11B
:10FA100038E00021112F01DB112000E0781CCDE936
:10FA2000000106A90EA8FFF7DDFCDDE90F010E9A23
:10FA300003910021009207F1010A04914DE04FF07B
:10FA400000400097CDE9011006A90EA8FFF7CAFCF7
:10FA5000DDE90F0203920E9B11990022DDF80CA044
:10FA60000093049211B9791C00EB010AB7EB0A006C
:10FA700004D4C0F1FF3007F1010A0490AAEB07009B
:10FA8000019044E0012F00DA01270021112F01DD50
:10FA9000112000E03846CDE9000106A90EA8FFF7C5
:10FAA000A1FCDDE90F010E9A03910021049100925F
:10FAB000BA4621070CD40399514500DA8A46BAF1B7
:10FAC000010F05DD009AAAF10101515C302908D02F
:10FAD000B84202DA10F1040F06DA0121CDE9011073
:10FAE00015E0AAF10101E9E7002805DC04990144C9
:10FAF0000491AAEB000102E0411C514500DD8A4659
:10FB00000499401A401C01904FF0004002902007D9
:10FB100004D40198504501DBCDF8048000208DF815
:10FB20004F0002980DF14F07B0F1004F25D02B2068
:10FB30000E9002984FF0020800280CDA4042029022
:10FB40002D200E9007E00A210298E2F7FFFF3031E6
:10FB5000029007F8011DB8F10001A8F10108F2DCDC
:10FB600002980028EFD1791E0E980870307800F0C6
:10FB7000200040F0450007F8020D12A8C01B00F15C
:10FB800007081498007800B1012000EB0A010198E1
:10FB900001EBE07105984144401A401E0590E003D6
:10FBA00006D45B462146179A059800F05DF8054497
:10FBB0001498007818B15A46179990476D1CE003C5
:10FBC00024D55B462146179A059800F04DF8054468
:10FBD0001CE00498002807DBDDE90301884203DD0F
:10FBE0000098405C179901E0179930205A469047D9
:10FBF000049805F10105401C04900198401E0190F5
:10FC000004D12E205A46179990476D1CBAF1000175
:10FC1000AAF1010ADDDC05E017F8010B5A46179935
:10FC200090476D1CB8F10001A8F10108F4DC5B46B7
:10FC30002146179A0598ABE62D0000002B00000026
:10FC4000200000002DE9F041044600251E4617461D
:10FC5000880404D405E039462020B0476D1C641E9A
:10FC6000F9D52846BDE8F0812DE9F041044600258C
:10FC70001E469046C80301D5302700E0202788049F
:10FC800004D505E041463846B0476D1C641EF9D5E1
:10FC90002846BDE8F0810A68531C0B60107070475D
:10FCA00082B0CDE9000121F0004001909DED000BF4
:10FCB00002B051EC100B704700B541EC100B2DED6C
:10FCC000028B83B0B1EEC08B18EE100A18EE901ABA
:10FCD0008DED008B002818BF0120084320F0004064
:10FCE000C0F17F6000F1E040C00F14D010EE101A98
:10FCF00010EE900A8DED000B002918BF012108437A
:10FD000020F00040C0F17F6000F1E040C00F04BF70
:10FD10000120FFF761FB51EC180B03B0BDEC028B27
:10FD200000BD000000000000000000000000F03FE7
:10FD3000000000000000F83F00000000000000008C
:10FD40000000004003B8E23F000000000000000097
:10FD500006D0CF43EBFD4C3E033333333333E33F25
:10FD6000FFAB6FDBB66DDB3F4D268F515555D53F51
:10FD700001411DA96074D13F65DBC9934A86CD3F1F
:10FD8000EF4E454A287ECA3F3E5555555555C53F0D
:10FD900093BDBE166CC166BF2CDE25AF6A56113FFF
:10FDA000F16BD2C541BDBBBED0A4BE726937663E01
:10FDB000000000000000000040787D0180F0FA02A1
:10FDC00000E1F50540597307000001000200010041
:10FDD0000300010002000100040001000200010014
:10FDE0000300010002000100050001000200010003
:10FDF00003000100020001000400010002000100F4
:10FE000003000100020001000600010002000100E1
:10FE100003000100020001000400010002000100D3
:10FE200003000100020001000500010002000100C2
:10FE300003000100020001000400010002000100B3
:10FE400003000100020001000700010002000100A0
:10FE50000300010002000100040001000200010093
:10FE60000300010002000100050001000200010082
:10FE70000300010002000100040001000200010073
:10FE80000300010002000100060001000200010061
:10FE90000300010002000100040001000200010053
:10FEA0000300010002000100050001000200010042
:10FEB0000300010002000100040001000200010033
:10FEC00003000100020001006400000000000000C7
:10FED00000000000FFFFFFFF010000000000000025
:10FEE0000000000001000000FFFFFFFF0000000015
:10FEF000FFFFFFFFFFFFFFFF01000000FFFFFFFF0D
:10FF00000100000001000000FFFFFFFF01000000F2
:10FF100068656C6C6F007361792068656C6C6F202C
:10FF2000776F726C6400636C65617200636C65610D
:10FF30007220746865207465726D696E616C2073DF
:10FF4000637265656E005F5F636D645F636C6561BE
:10FF50007200636C65617220746865207465726DEF
:10FF6000696E616C2073637265656E00766572738D
:10FF7000696F6E0073686F772052542D54687265F4
:10FF800061642076657273696F6E20696E666F7248
:10FF90006D6174696F6E005F5F636D645F7665723B
:10FFA00073696F6E0073686F772052542D546872B6
:10FFB0006561642076657273696F6E20696E666F25
:10FFC000726D6174696F6E006C6973745F746872CE
:10FFD000656164006C6973742074687265616400A3
:10FFE0005F5F636D645F6C6973745F746872656191
:10FFF00064006C69737420746872656164006C6974
:02000004700288
:1000000073745F73656D006C6973742073656D61E3
:1000100070686F726520696E2073797374656D0006
:100020005F5F636D645F6C6973745F73656D006CB3
:100030006973742073656D6170686F726520696E95
:100040002073797374656D006C6973745F65766590
:100050006E74006C697374206576656E7420696EC9
:100060002073797374656D005F5F636D645F6C69A5
:1000700073745F6576656E74006C69737420657661
:10008000656E7420696E2073797374656D006C6998
:1000900073745F6D75746578006C697374206D7529
:1000A00074657820696E2073797374656D005F5F85
:1000B000636D645F6C6973745F6D75746578006CF3
:1000C000697374206D7574657820696E2073797317
:1000D00074656D006C6973745F6D61696C626F78D3
:1000E000006C697374206D61696C20626F7820699F
:1000F0006E2073797374656D005F5F636D645F6C10
:100100006973745F6D61696C626F78006C69737498
:10011000206D61696C20626F7820696E207379733D
:1001200074656D006C6973745F6D73677175657567
:1001300065006C697374206D657373616765207108
:100140007565756520696E2073797374656D005FE0
:100150005F636D645F6C6973745F6D736771756500
:100160007565006C697374206D65737361676520D4
:10017000717565756520696E2073797374656D009E
:100180006C6973745F6D656D68656170006C69732F
:1001900074206D656D6F7279206865617020696E7D
:1001A0002073797374656D005F5F636D645F6C6964
:1001B00073745F6D656D68656170006C6973742040
:1001C0006D656D6F7279206865617020696E20734E
:1001D000797374656D006C6973745F6D656D706FB4
:1001E0006F6C006C697374206D656D6F727920702F
:1001F0006F6F6C20696E2073797374656D005F5F3B
:10020000636D645F6C6973745F6D656D706F6F6C47
:10021000006C697374206D656D6F727920706F6FFB
:100220006C20696E2073797374656D006C697374EA
:100230005F74696D6572006C6973742074696D65B3
:100240007220696E2073797374656D005F5F636DF2
:10025000645F6C6973745F74696D6572006C697357
:10026000742074696D657220696E2073797374658A
:100270006D006C697374006C69737420616C6C2020
:1002800073796D626F6C20696E2073797374656D1C
:10029000005F5F636D645F68656C700052542D543D
:1002A0006872656164207368656C6C2068656C7049
:1002B0002E005F5F636D645F7073004C6973742020
:1002C0007468726561647320696E20746865207358
:1002D000797374656D2E005F5F636D645F66726530
:1002E000650053686F7720746865206D656D6F7267
:1002F0007920757361676520696E20746865207365
:10030000797374656D2E00303132333435363738B9
:100310003941424344454600303132333435363773
:100320003839616263646566000102040810204088
:100330008000000000C02B4002022B0000802D40F6
:1003400000402D400000000000801B4000C01B400A
:1003500000001C4000401C4000000C400000004217
:10036000004000420080004200C0004200801C406B
:10037000FFFF1A011E001A020C031E0100000000FC
:1003800000C01E4000001F40FFFF140118000000C5
:1003900000000000004039400080394000C0394072
:1003A00000003A40FFFF00010201040106010000C5
:1003B00000000000004018400080184000C01840B5
:1003C00000001940004019400080194000C0194049
:1003D00000001A40FFFF18051C000C001801020362
:1003E00006031A050E0600000000000000C03D4094
:1003F00000003E4000403E4000803E40FFFFFFFFC7
:10040000FFFFFFFF10041004100410041204120474
:10041000120412041404140414041404160416041C
:10042000160416040000000000C01D4000001E401D
:1004300000401E4000801E40FFFF1A061C061E06DC
:10044000100600000000000000002C4000402C407E
:1004500062757A7A65720073706565644C6F6F704F
:100460005F616E645F494E535F43616C63756C619D
:10047000746500616E676C654C6F6F705F43616C93
:1004800063756C61746500696D750074696D657282
:10049000310074696D6572320072745F73656D5FEF
:1004A000637265617465007370656564526561644B
:1004B0005F73656D007469616E6F6F5F636F6E74FB
:1004C000726F6C5F73656D0062696E6172795F63F4
:1004D0006F6E74726F6C5F73656D00696D75363623
:1004E0003072614765745F73656D00626C6F636B3A
:1004F00020252032203D3D203100726561645F631C
:10050000656D657261002E2E2F636F64652F6269C1
:100510006E6172792E630062696E6172795F636FDA
:100520006E74726F6C4368616E67650063616D65C0
:1005300072615F66696E6973680062696E61727983
:100540005F636F6E74726F6C006F70656E61727452
:100550006D696E695F6D62006F70656E6172746D5A
:10056000696E695F6465627567007469616E6F6F5B
:100570000070757450686F746F5F636F6E74726F24
:100580006C5F73656D004261636B436172706F7283
:10059000745F636F6E74726F6C5F73656D007075FE
:1005A0007450686F746F004261636B436172706F67
:1005B0007274000D0A66696C65202573206C696E83
:1005C000652025642E0D0A000D0A66696C652025DC
:1005D00073206C696E652025643A2025732E0D0A00
:1005E000006C696E653A202564004C6F67206D656C
:1005F000737361676500417373657274206572720D
:100600006F720066696C653A2025730066696C65D7
:100610003A206D646B2F2573002E2E2F2E2E2F6CFB
:1006200069627261726965732F7A665F636F6D6D5F
:100630006F6E2F7A665F636F6D6D6F6E5F66696652
:100640006F2E630030006275737953686966742099
:100650003C3D2043434D5F4E4F5F425553595F57DA
:10066000414954002E2E2F2E2E2F6C69627261721A
:100670006965732F7A665F6472697665722F7A6630
:100680005F6472697665725F6373692E63002E2EF4
:100690002F2E2E2F6C69627261726965732F7364DD
:1006A0006B2F6472697665732F66736C5F636C6F12
:1006B000636B2E68006368616E6E656C203C3D2044
:1006C0006B4750545F4F7574707574436F6D7061F4
:1006D00072655F4368616E6E656C33002E2E2F2E3F
:1006E0002E2F6C69627261726965732F73646B2F50
:1006F0006472697665735C66736C5F6770742E688C
:10070000002E2E2F2E2E2F6C696272617269657316
:100710002F7A665F6472697665722F7A665F64729B
:10072000697665725F656E636F6465722E630070D3
:10073000696E203C20333255002E2E2F2E2E2F6C2A
:1007400069627261726965732F73646B2F64726979
:100750007665735C66736C5F6770696F2E68002ED8
:100760002E2F2E2E2F6C69627261726965732F7A3B
:10077000665F6472697665722F7A665F6472697605
:1007800065725F70776D2E63002E2E2F2E2E2F6CCC
:1007900069627261726965732F7A665F64726976E5
:1007A00065722F7A665F6472697665725F736F66D1
:1007B000745F6969632E63002E2E2F2E2E2F6C69B5
:1007C000627261726965732F7A665F6472697665B9
:1007D000722F7A665F6472697665725F7370692ED4
:1007E00063002E2E2F2E2E2F6C6962726172696546
:1007F000732F7A665F6472697665722F7A665F64BA
:1008000072697665725F756172742E630069636DDB
:1008100032303630322073656C6620636865636BF6
:10082000206572726F722E0069636D32303630321D
:10083000207265736574206572726F722E002E2EA1
:100840002F2E2E2F6C69627261726965732F7A6622
:100850005F6465766963652F7A665F646576696350
:10086000655F69636D32303630322E630053434327
:10087000383636302067657420636F6E666967208E
:100880006572726F722E00534343383636302073D0
:10089000657420636F6E666967206572726F722E71
:1008A000002E2E2F2E2E2F6C696272617269657375
:1008B0002F7A665F6465766963652F7A665F646523
:1008C000766963655F736363383636302E63002E56
:1008D0002E2F2E2E2F6C69627261726965732F73D1
:1008E000646B2F6472697665732F66736C5F636CDB
:1008F0006F636B2E6300216279706173735874614A
:100900006C4F73630066616C736500696E7374612C
:100910006E6365203C2041525241595F53495A450C
:1009200028735F63736942617365732900696E643C
:100930006578203C3D2037554C002E2E2F2E2E2F33
:100940006C69627261726965732F73646B2F647274
:10095000697665732F66736C5F6373692E63004EEF
:10096000554C4C20213D2068616E646C65004E55ED
:100970004C4C20213D20636F6E666967006368619F
:100980006E6E656C203C202875696E7433325F741E
:100990002946534C5F464541545552455F45444DA9
:1009A000415F4D4F44554C455F4348414E4E454C89
:1009B0000068616E646C6520213D204E554C4C00F2
:1009C0002E2E2F2E2E2F6C69627261726965732F25
:1009D00073646B2F6472697665732F66736C5F65E1
:1009E000646D612E6300696E7374616E6365203C93
:1009F0002041525241595F53495A4528735F656EF1
:100A00006574426173657329002E2E2F2E2E2F6C74
:100A100069627261726965732F73646B2F647269A6
:100A20007665732F66736C5F656E65742E63004E1A
:100A3000554C4C20213D20735F666C657863616E78
:100A400048616E646C655B315D004E554C4C2021F5
:100A50003D20735F666C657863616E48616E646C9F
:100A6000655B325D004E554C4C20213D20735F6626
:100A70006C657863616E48616E646C655B335D00C4
:100A80002E2E2F2E2E2F6C69627261726965732F64
:100A900073646B2F6472697665732F66736C5F661F
:100AA0006C657863616E2E6300696E7374616E634A
:100AB00065203C2041525241595F53495A452873A1
:100AC0005F6770696F426173657329002E2E2F2E48
:100AD0002E2F6C69627261726965732F73646B2F5C
:100AE0006472697665732F66736C5F6770696F2EC9
:100AF0006300696E7374616E6365203C20415252DD
:100B000041595F53495A4528735F67707442617356
:100B10006573290064697669646572202D203155FA
:100B2000203C3D204750545F50525F505245534344
:100B3000414C45525F4D41534B002E2E2F2E2E2FF0
:100B40006C69627261726965732F73646B2F647272
:100B5000697665732F66736C5F6770742E63004EE1
:100B6000554C4C20213D20696E6974436F6E666957
:100B700067002E2E2F2E2E2F6C69627261726965AE
:100B8000732F73646B2F6472697665732F66736C51
:100B90005F6770742E6800696E7374616E636520A0
:100BA0003C2041525241595F53495A4528735F6C6A
:100BB0007073706942617365732900735F6C707341
:100BC000706948616E646C655B315D20213D204E2B
:100BD000554C4C00735F6C7073706948616E646C47
:100BE000655B325D20213D204E554C4C00735F6C9F
:100BF0007073706948616E646C655B335D20213D84
:100C0000204E554C4C00735F6C7073706948616E78
:100C1000646C655B345D20213D204E554C4C007268
:100C2000784461746120213D204E554C4C0074780D
:100C30004461746120213D204E554C4C0074637218
:100C40005072657363616C6556616C756520213DFA
:100C5000204E554C4C006D6173746572436F6E6627
:100C6000696720213D204E554C4C007472616E73B3
:100C700066657220213D204E554C4C002E2E2F2EA5
:100C80002E2F6C69627261726965732F73646B2FAA
:100C90006472697665732F66736C5F6C70737069CC
:100CA0002E6300696E7374616E6365203C2041524F
:100CB0005241595F53495A4528735F6C7075617290
:100CC00074426173657329004E554C4C20213D20C0
:100CD00064617461002E2E2F2E2E2F6C696272615A
:100CE000726965732F73646B2F6472697665732FF5
:100CF00066736C5F6C70756172742E630028756921
:100D00006E74385F742946534C5F464541545552C2
:100D1000455F4C50554152545F4649464F5F5349D9
:100D20005A456E286261736529203E20636F6E66A6
:100D300069672D3E72784669666F57617465726D9A
:100D400061726B002875696E74385F742946534C64
:100D50005F464541545552455F4C50554152545F92
:100D60004649464F5F53495A456E2862617365296B
:100D7000203E20636F6E6669672D3E747846696613
:100D80006F57617465726D61726B003055203C2045
:100D9000636F6E6669672D3E62617564526174654A
:100DA0005F42707300696E7374616E6365203C20EE
:100DB00041525241595F53495A4528735F70776DCC
:100DC000426173657329002875696E7431365F74EA
:100DD0002970776D5369676E616C203C2032550035
:100DE0002E2E2F2E2E2F6C69627261726965732F01
:100DF00073646B2F6472697665732F66736C5F70B2
:100E0000776D2E63006E756D4F6643686E6C730070
:100E100063686E6C506172616D7300737263436CD2
:100E20006F636B5F487A0070776D467265715F48DB
:100E30007A00696E7374616E6365203C2041525282
:100E400041595F53495A4528735F71746D7242610D
:100E500073657329002E2E2F2E2E2F6C69627261FE
:100E6000726965732F73646B2F6472697665732F73
:100E700066736C5F71746D722E6300735F7361696A
:100E800048616E646C655B335D5B305D20213D20A5
:100E90004E554C4C00735F73616948616E646C65BC
:100EA0005B335D5B315D20213D204E554C4C002E67
:100EB0002E2F2E2E2F6C69627261726965732F73EB
:100EC000646B2F6472697665732F66736C5F7361F0
:100ED000692E6300756172745F6D62004153534502
:100EE0005254204552524F52202220257320223A3C
:100EF0002066696C652022257322204C696E65206E
:100F000022256422200A0074696420213D20525465
:100F10005F4E554C4C006D61696E0072745F61707C
:100F2000706C69636174696F6E5F696E69740046A5
:100F3000756E6374696F6E5B25735D207368616C99
:100F40006C206E6F74206265207573656420696E15
:100F5000204953520A007469646C652564007274F8
:100F60005F7468726561645F69646C655F6578630E
:100F70007574650046756E6374696F6E5B25735D8D
:100F8000207368616C6C206E6F74206265207573CD
:100F90006564206265666F72652073636865647559
:100FA0006C65722073746172740A006D6220213D59
:100FB0002052545F4E554C4C0073656D20213D20EE
:100FC00052545F4E554C4C006576656E7420213D41
:100FD0002052545F4E554C4C0076616C7565203C38
:100FE0002030783130303030550072745F6576656E
:100FF0006E745F73656E640072745F73656D5F74A9
:10100000616B650072745F6F626A6563745F6765C8
:10101000745F74797065282673656D2D3E706172FA
:10102000656E742E706172656E7429203D3D20528C
:10103000545F4F626A6563745F436C6173735F539F
:10104000656D6170686F72650072745F73656D5F66
:1010500072656C656173650072745F6D625F637267
:10106000656174650072745F6D625F73656E645F65
:10107000776169740072745F73656D5F696E69741E
:101080000072745F6F626A6563745F6765745F7432
:1010900079706528266576656E742D3E706172657F
:1010A0006E742E706172656E7429203D3D2052541D
:1010B0005F4F626A6563745F436C6173735F45760B
:1010C000656E740072745F6D625F72656376007244
:1010D000745F6F626A6563745F6765745F7479706B
:1010E0006528266D622D3E706172656E742E70618A
:1010F00072656E7429203D3D2052545F4F626A65CF
:1011000063745F436C6173735F4D61696C426F78A8
:10111000002825732920617373657274696F6E20CE
:101120006661696C65642061742066756E637469BC
:101130006F6E3A25732C206C696E65206E756D623A
:1011400065723A2564200A000A205C207C202F0A60
:10115000002032303036202D203230323020436FA4
:10116000707972696768742062792072742D74686E
:1011700072656164207465616D0A002D20525420EF
:101180002D2020202020546872656164204F7065F6
:10119000726174696E672053797374656D0A0020FB
:1011A0002F207C205C202020202025642E25642EEA
:1011B0002564206275696C642025730A00284E55E9
:1011C0004C4C29004A756C203231203230323300C9
:1011D000286865616465725F7074722D3E6D616729
:1011E000696320262052545F4D454D484541505F6C
:1011F0004D41534B29203D3D2052545F4D454D48B4
:101200004541505F4D414749430028686561646529
:10121000725F7074722D3E6E6578742D3E6D6167DD
:10122000696320262052545F4D454D484541505F2B
:101230004D41534B29203D3D2052545F4D454D4873
:101240004541505F4D41474943006865616465729F
:101250005F7074722D3E6D61676963202620525461
:101260005F4D454D484541505F5553454400696EBB
:10127000666F726D6174696F6E20213D2052545FFC
:101280004E554C4C006D656D6865617020213D20A8
:1012900052545F4E554C4C0072745F6D656D6865BD
:1012A00061705F616C6C6F630072745F6D616C6C18
:1012B0006F630072745F6D656D686561705F667203
:1012C00065650072745F6F626A6563745F676574F9
:1012D0005F747970652826686561702D3E70617253
:1012E000656E7429203D3D2052545F4F626A6563EC
:1012F000745F436C6173735F4D656D486561700029
:1013000072745F6D656D686561705F696E697400A8
:1013100021286F626A6563742D3E7479706520269A
:101320002052545F4F626A6563745F436C617373EC
:101330005F53746174696329006F626A6563742026
:10134000213D2052545F4E554C4C0072745F6F62C9
:101350006A6563745F6765745F7479706500727441
:101360005F6F626A6563745F616C6C6F6361746503
:101370000072745F6F626A6563745F64656C657444
:10138000650072745F6F626A6563745F646574613F
:101390006368006F626A20213D206F626A65637432
:1013A0000072745F6F626A6563745F69735F7379FB
:1013B0007374656D6F626A6563740072745F6F62E7
:1013C0006A6563745F696E6974007761726E696ED5
:1013D000673A20257320737461636B2069732063FF
:1013E0006C6F736520746F20656E64206F66207368
:1013F0007461636B20616464726573732E0A007498
:1014000068726561643A257320737461636B206F41
:10141000766572666C6F770A007468726561642025
:10142000213D2052545F4E554C4C0072745F7363E3
:10143000686564756C655F72656D6F76655F74680D
:10144000726561640072745F7363686564756C656E
:101450005F696E736572745F746872656164005F62
:1014600072745F7363686564756C65725F737461D1
:10147000636B5F636865636B0074687265616420A9
:101480003D3D2072745F7468726561645F73656C62
:1014900066282900287468726561642D3E73746142
:1014A0007420262052545F5448524541445F53549F
:1014B00041545F4D41534B29203D3D2052545F54D0
:1014C00048524541445F53555350454E4400737450
:1014D00061636B5F737461727420213D2052545FAD
:1014E0004E554C4C00287468726561642D3E7374CF
:1014F000617420262052545F5448524541445F5342
:101500005441545F4D41534B29203D3D2052545F7F
:101510005448524541445F494E4954007072696FC6
:1015200072697479203C2052545F544852454144BA
:101530005F5052494F524954595F4D41580072749F
:101540005F6F626A6563745F6765745F7479706505
:10155000282872745F6F626A6563745F74297468A7
:101560007265616429203D3D2052545F4F626A6577
:1015700063745F436C6173735F5468726561640088
:1015800072745F7468726561645F73757370656EA1
:10159000640072745F7468726561645F726573750C
:1015A0006D650072745F7468726561645F736C6509
:1015B00065700072745F7468726561645F737461F2
:1015C00072747570005F72745F7468726561645FD5
:1015D000696E69740072745F7468726561645F74C7
:1015E000696D656F75740072745F6F626A656374AC
:1015F0005F69735F73797374656D6F626A65637435
:10160000282674696D65722D3E706172656E74294D
:101610000074696D65722D3E696E69745F746963EB
:101620006B203C2052545F5449434B5F4D4158203E
:101630002F20320074696D657220213D2052545F65
:101640004E554C4C0072745F74696D65725F6465D1
:10165000746163680072745F74696D65725F636F53
:101660006E74726F6C0072745F74696D65725F7313
:10167000746F700072745F6F626A6563745F676530
:10168000745F74797065282674696D65722D3E707B
:101690006172656E7429203D3D2052545F4F626A2D
:1016A0006563745F436C6173735F54696D65720049
:1016B00072745F74696D65725F696E6974007274CB
:1016C0005F74696D65725F73746172740048656CF4
:1016D0006C6F2052542D546872656164210A002099
:1016E0002D2D2D20202D2D2D2D2D2D2D202D2D2D51
:1016F0002D2D2D2D2D2D2D202D2D2D2D2D2D2D2D27
:101700002D2D20202D2D2D2D2D2D20202D2D2D2D3D
:101710002D2D2D2D2D2D202D2D2D0A00202D2D2D63
:101720002D2D2D2D2D2D2D202D2D2D2D2D2D2D2DF6
:101730002D2D202D2D2D2D2D2D2D2D2D2D2D0A0036
:10174000202D2D2D2D20202D2D2D2D2D2D2D2D2DF0
:101750002D2D2D2D2D0A00202D2D2D202D2D2D2D23
:101760002D2D2D2D2D2D2D2D2D2D0A00202D2D2D06
:101770002D20202D2D2D2D20202D2D2D2D202D2DDA
:101780002D2D2D2D2D2D2D2D2D2D2D2D0A00202DE6
:101790002D2D2D2D2D2D2D202D2D2D2D202D2D2D93
:1017A0002D2D2D2D2D2D2D2D2D2D2D0A0020202DD3
:1017B0002D2D2D2D2D2D2D2D2D202D2D2D2D2D2D66
:1017C0002D2D2D2D2D2D2D2D0A00202D2D2D2D2DA6
:1017D0002D2D2D2D2D202D2D2D2D2D2D2D2D2D2D46
:1017E0002D2D2D202D2D2D2D2D2D2D2D2D2D2D2D36
:1017F0002D2D0A00252D2A2E2A7320203078253001
:10180000387820300A002D2D46756E6374696F6E2E
:10181000204C6973743A0A00252D2A2E2A7320253C
:10182000303464202025640A00252D2A2E2A7320B6
:10183000253033642025640A00252D2A2E2A7320A2
:101840002530346420202530346420202530346451
:101850002025640A00252D2A2E2A73202530346481
:101860002020253034642025640A00252D2A2E2AC4
:101870007320252D382E2A732025303464202564CA
:101880000A002030782530387820307825303878B4
:101890002020202025303264252520202030782566
:1018A00030387820253033640A00252D2A2E2A73FB
:1018B00020252D3031306420252D30313364202512
:1018C0002D3035640A00252D2A2E7320202020205B
:1018D000207365742020202073757370656E6420FA
:1018E0007468726561640A00252D2A2E73207620A3
:1018F000202073757370656E64207468726561640E
:101900000A00252D2A2E732020206F776E65722005
:1019100020686F6C642073757370656E64207468E2
:10192000726561640A00252D2A2E7320626C6F6334
:101930006B20746F74616C206672656520737573BB
:1019400070656E64207468726561640A00252D2AD2
:101950002E7320656E7472792073697A65207375B1
:101960007370656E64207468726561640A00252D69
:101970002A2E7320656E7472792073757370656E8C
:1019800064207468726561640A00646561637469E7
:1019900076617465640A00252D2A2E732020706FED
:1019A0006F6C2073697A6520206D6178207573658E
:1019B000642073697A6520617661696C61626C6527
:1019C0002073697A650A00252D2A2E732020706500
:1019D00072696F64696320202074696D656F757426
:1019E00020202020202020666C61670A00252D2AF7
:1019F0002E732070726920207374617475732020B7
:101A00002020202073702020202020737461636BBD
:101A10002073697A65206D61782075736564206C28
:101A2000656674207469636B20206572726F720A38
:101A300000252D313673202D2D2025730A00637566
:101A40007272656E74207469636B3A307825303831
:101A5000780A0020696E69742020200020636C6F72
:101A60007365202000207265616479202000252D97
:101A70002A2E2A73202533642000252D2A2E2A732E
:101A8000203078253038782030782530387820009C
:101A90002D002F00252D2A2E2A7320253034642076
:101AA0002025643A00252D2A2E2A73202530336400
:101AB0002025643A00252D2A2E2A732025303464EF
:101AC0002020253034642020253034642025643AD9
:101AD00000252D2A2E2A732025303464202025301D
:101AE00034642025643A00252D2A2E2A73202030C4
:101AF000782530387820253033643A001B5B324A31
:101B00001B5B48005F5F002073757370656E640037
:101B100073656D6170686F7265006D73677175656F
:101B20007565002072756E6E696E67006D656D700B
:101B30006F6F6C006D656D686561700074696D65CF
:101B400072006576656E74006D75746578006D6100
:101B5000696C626F780025733A20636F6D6D616EFA
:101B600064206E6F7420666F756E642E0A00546F69
:101B70006F206D616E792061726773202120576537
:101B8000206F6E6C79205573653A0A0052542D54BB
:101B90006872656164207368656C6C20636F6D6D3D
:101BA000616E64733A0A00252D313673202D20258D
:101BB000730A00257320005F5F636D645F005F6DD3
:101BC00073685F657865635F636D640072657470E8
:101BD0000008200800082573202008006E6F206D83
:101BE000656D6F727920666F72207368656C6C0A20
:101BF000001B5B324B0D006D7368200066696E73CD
:101C00006820003E007368656C6C20213D205254B2
:101C10005F4E554C4C0025630066696E73685F73B8
:101C200065745F70726F6D70745F6D6F6465007462
:101C30007368656C6C002573257300736872780097
:101C400068617264206661756C74206F6E206861D3
:101C50006E646C65720D0A0D0A006861726420661C
:101C600061756C74206F6E207468726561643A20CF
:101C700025730D0A0D0A004650552061637469767C
:101C800065210D0A006D656D206D616E61676520CF
:101C90006661756C743A0A007573616765206661E8
:101CA000756C743A0A00627573206661756C743ADB
:101CB0000A005343422D3E424641523A253038589D
:101CC0000A005343422D3E4D4D41523A253038587B
:101CD0000A006661696C656420766563746F7220C2
:101CE00066657463680A0064656275672065766579
:101CF0006E740A007230303A203078253038780A15
:101D0000007231303A203078253038780A0072304D
:101D1000313A203078253038780A007231313A2053
:101D20003078253038780A007230323A2030782501
:101D30003038780A007231323A20307825303878DD
:101D40000A007230333A203078253038780A007231
:101D500030343A203078253038780A007230353AFD
:101D6000203078253038780A007230363A203078C2
:101D7000253038780A007230373A203078253038EC
:101D8000780A007230383A203078253038780A00E6
:101D90007230393A203078253038780A0020706364
:101DA0003A203078253038780A00206C723A20309A
:101DB00078253038780A007073723A2030782530F0
:101DC00038780A00494E5650432000554E414C4940
:101DD000474E45442000494E565354415445200037
:101DE0004441434356494F4C2000494143435649DF
:101DF0004F4C200044495642595A45524F20004EFC
:101E00004F435020004D53544B45525220004D55E6
:101E10004E53544B4552522000494D505245434970
:101E200053455252200049425553455252200055C5
:101E30004E444546494E53545220005343425F435B
:101E40004653525F424653523A307825303258203A
:101E5000005343425F434653525F4D4653523A301C
:101E6000782530325820005343425F434653525F37
:101E7000554653523A307825303258200000000041
:101E800041680180316801802968018061E4008037
:101E90003968018098DA01809EDA018001EF0080C4
:101EA000AEDA0180B4DA018069C00080CEDA018048
:101EB000DADA018069C00080F4DA0180FCDA01809E
:101EC00009C301801FDB01802DDB018009C3018074
:101ED00050DB01805CDB018051FE008068DB01800B
:101EE0007ADB018051FE008086DB01808FDB018080
:101EF00011FD0080A8DB0180B7DB018011FD0080AF
:101F0000D0DB0180DBDB0180F1F40080F0DB0180BD
:101F100001DC0180F1F4008016DC018021DC01800D
:101F200019FC008036DC018047DC018019FC008050
:101F30005CDC018069DC018039F7008081DC018094
:101F400094DC018039F70080ACDC0180BADC0180D0
:101F5000D9FA0080D7DC0180EBDC0180D9FA00805F
:101F600008DD018015DD018089F8008030DD018009
:101F700043DD018089F800805EDD01806BDD01803A
:101F800071F9008086DD018099DD018071F90080A2
:101F9000B4DD0180BFDD018029000180D4DD018036
:101FA000E5DD018029000180FADD0180FFDD01808F
:101FB00081F4008019DE018024DE0180D9060180D1
:101FC0003ADE018043DE0180C1C000805FDE018017
:101FD0006ADE0180A9C0008000000000000000004F
:101FE00000000000000000000000000000000000F1
:101FF00000000000000000000000000000000000E1
:10200000D114801B401AC00411131C401A40041143
:102010001A0C041112421A40041A80042AC008291A
:1020200018311BC03D081A3E2819041A800435A433
:10203000781F8C321E36B9BA01800238080AD723BD
:102040003C1428091023FFFF0613FEFFFFFF035A6D
:102050000A0401151BC01D681A1E68190435801E6C
:10206000400122B42A2004328029681AC40C2904B1
:10207000322029601AD40C2904322432041AE40CC8
:102080002904292032051AF40C290432302A0624A6
:1020900012012A2004323C32071A140C290432643B
:1020A00032081A240C29045A34A82A340C19043290
:1020B0002C137D24AA700429A029942988297C291D
:1020C0007029642958294C9A09EC1A010212021A43
:1020D000502C1A322C1AB42C1AA02C5A022C1A0189
:1020E0002C7A012C11144039401A80041AC00411B2
:1020F000133A402C46C3236C491C1A181C19041AA5
:10210000C004111319401A40041A80041AC00411A3
:10211000141A40E034A301142DB9BA0180047938AF
:10212000310000000000000000000000000000007E
:10213000000000000000000000000000000000009F
:10214000B0B58AB0DDF83CC0DDF838E01C46154675
:1021500009900891ADF81E20ADF81C308DF81BC019
:102160000E9800EBD07121F00101401A012801D135
:10217000FFE70AE04EF27300C8F201004EF28E0152
:10218000C8F201011F2200F065FB0E9800EBD07031
:102190004010059005980490FFE70498BDF81C10C6
:1021A000059A891A88425ADAFFE705980390FFE7F3
:1021B0000398BDF81E10059A891A88424ADAFFE78B
:1021C00000200290059840420190FFE70198059990
:1021D000884222DCFFE7059840420090FFE7009824
:1021E0000599884214DCFFE709980399009A114485
:1021F000049A019B1A44BDF81E3002FB0311405C97
:10220000029908440290FFE7009801300090E6E749
:10221000FFE7019801300190D8E702980E994943F1
:1022200090FBF1F09DF81B10401A02900998039959
:10223000049ABDF81E3002FB0311405C029A002391
:102240009042C8BFFF2308984354FFE7039801302A
:102250000390ADE7FFE70498013004909DE70AB0D2
:10226000B0BD00BF00BF00BF85B004900391002047
:102270000290FFE702989F2847DCFFE700200190CB
:10228000FFE70198B3283BDCFFE7049802994FF47D
:10229000B47201FB0200019900EB410040788DF817
:1022A00003009DF8030040F24C01C2F200010968EE
:1022B000884210DDFFE703980299B42201FB020077
:1022C0000199FF2343540398029901FB02000199ED
:1022D000084443700FE003980299B42201FB020006
:1022E0000199002343540398029901FB02000199CC
:1022F00008444370FFE7FFE7019802300190C0E710
:10230000FFE7029801300290B4E705B0704700BFC4
:10231000D0B502AF90B047F80C0C40F26000C2F2AA
:1023200000000078C0F1A000694647F8101C0721A2
:1023300001EB800121F007016A46511A8D4647F8EA
:10234000140C40F26100C2F20000007847F8180C4B
:1023500047F8441CFFE757F8180C40F26001C2F23E
:1023600000010978C1F1A001884234DAFFE70020BA
:1023700047F81C0C47F8200CFFE757F8200CB3284F
:102380001ADCFFE757F80C0C57F8181C57F8202CEC
:10239000B42301FB0321405CFF2806D1FFE757F877
:1023A0001C0C013047F81C0CFFE7FFE757F8200C26
:1023B000013047F8200CE0E757F81C0C57F8181CC0
:1023C00057F8442C42F82100FFE757F8180C013069
:1023D00047F8180CBFE740F26100C2F20000017834
:1023E00057F8442C52F8211047F8241C002147F8D4
:1023F000281C0078013047F82C0CFFE757F82C0C0C
:1024000040F26001C2F200010978C1F1A0018842E6
:1024100036DAFFE757F82C0C57F8441C51F8200027
:1024200057F8242C904224DDFFE757F82C0C57F87E
:10243000441C51F8200081281BDCFFE757F82C0CC6
:1024400057F8441C51F8200040F2E812C2F2000292
:10245000127890420DDDFFE757F82C0C57F8441C1A
:1024600051F8200047F8240C57F82C0C47F8280C9A
:10247000FFE7FFE757F82C0C013047F82C0CBDE7BD
:10248000002047F8300C47F8340C47F8380C47F870
:102490003C0C47F8400CFFE757F8400CB32838DCF9
:1024A000FFE757F80C0C57F8281C57F8402CB423BA
:1024B00001FB0321405CFF2810D1FFE757F8340CE3
:1024C000002805D1FFE757F8400C47F8380CFFE724
:1024D00057F8340C013047F8340C13E057F8340C3B
:1024E00057F8301C884209DDFFE757F8340C47F8ED
:1024F000300C57F8380C47F83C0CFFE7002047F841
:10250000340CFFE7FFE757F8400C013047F8400C68
:10251000C2E757F8280C57F83C1C01EB004057F86D
:10252000101C8D46A7F10804A546D0BD00BF00BF12
:10253000B0B5A8B0DDF8B0C02690259124922393C1
:102540002598B438CDF804C000F089F900280FD0E0
:10255000FFE72498A03800F082F9002808D0FFE7B0
:102560002598002804D0FFE72498002803D1FFE72E
:10257000002027906BE1259822902498219000203C
:102580001F90239901EBD17149101E914DF65821EE
:10259000C8F201010A684B68D1F808C0D1F80CE014
:1025A0000C694D691B951A94CDF864E0CDF860C0B4
:1025B000179316928A69C9691D911C924DF678216C
:1025C000C8F201010A684B68D1F808C0D1F80CE0E4
:1025D0000C694D6913951294CDF844E0CDF840C0D4
:1025E0000F930E928A69C969159114920D900C90FF
:1025F0000B90FFE70D98002140F2DB5290420091D2
:102600001FDCFFE7259800210128009119DBFFE777
:10261000249800210128009113DBFFE72598002171
:10262000B32800910DDCFFE7249800219F2800913A
:1026300007DCFFE70B9800210428B8BF01210091B7
:10264000FFE70098C007002800F0F180FFE7269818
:102650002499B42201FB02002599405C0A90269837
:1026600024990C9B0DF1580C0CEBC30EDEF804E022
:10267000714401FB020025995CF833301944405C39
:102680000990269824990C9B0DF1380C0CEBC30E85
:10269000DEF804E0714401FB020025995CF8332068
:1026A0001144405C0890099800280DD1FFE70C9870
:1026B0000130C11700EB917121F00301401A0C9019
:1026C0000B9801300B90B1E00898002852D1FFE739
:1026D0000C9816A951F83000259A104425900C98B2
:1026E00001EBC0004068249908442490249844F2E7
:1026F0004811C2F20201B42200FB02102599FF2208
:1027000042549DF894009DF8901000F0ADF80790A9
:10271000BDF81C0006900798001405900698012843
:1027200017DBFFE70598012813DBFFE70698B0F5F4
:10273000FA7F0EDAFFE70598B0F5E67F09DAFFE7E2
:10274000069820990844209005981F9908441F90E6
:10275000FFE70D9801300D9000200B9025982299ED
:10276000884206D1FFE724982199884201D1FFE7EA
:102770005DE05AE00C980EA951F83000259A1044FB
:1027800025900C9801EBC0004068249908442490DF
:102790000C980330C11700EB917121F00301401A2E
:1027A0000C90249844F24811C2F20201B42200FBBA
:1027B00002102599FF2242549DF894009DF8901034
:1027C00000F052F80490BDF8100003900498001433
:1027D00002900398012817DBFFE70298012813DB1A
:1027E000FFE70398B0F5FA7F0EDAFFE70298B0F53D
:1027F000E67F09DAFFE703982099084420900298C1
:102800001F9908441F90FFE70D9801300D9000209C
:102810000B9025982299884206D1FFE724982199A8
:10282000884201D1FFE702E0FFE7FFE7E2E60D980B
:102830001F9991FBF0F01F900D98209991FBF0F0FB
:1028400020901F98209901EB00402790FFE72798E0
:1028500028B0B0BD4AF6414CC8F2000C604740F2C7
:10286000F95CC8F2000C60474BF6310CC8F2010C61
:0428700060470000BD
:04000005700024154E
:00000001FF
